# ************************************************************
# Sequel Pro SQL dump
# Version 4541
#
# http://www.sequelpro.com/
# https://github.com/sequelpro/sequelpro
#
# Host: 127.0.0.1 (MySQL 5.7.31)
# Database: go-easy
# Generation Time: 2021-09-03 13:35:09 +0000
# ************************************************************


/*!40101 SET @OLD_CHARACTER_SET_CLIENT=@@CHARACTER_SET_CLIENT */;
/*!40101 SET @OLD_CHARACTER_SET_RESULTS=@@CHARACTER_SET_RESULTS */;
/*!40101 SET @OLD_COLLATION_CONNECTION=@@COLLATION_CONNECTION */;
/*!40101 SET NAMES utf8 */;
/*!40014 SET @OLD_FOREIGN_KEY_CHECKS=@@FOREIGN_KEY_CHECKS, FOREIGN_KEY_CHECKS=0 */;
/*!40101 SET @OLD_SQL_MODE=@@SQL_MODE, SQL_MODE='NO_AUTO_VALUE_ON_ZERO' */;
/*!40111 SET @OLD_SQL_NOTES=@@SQL_NOTES, SQL_NOTES=0 */;


# Dump of table app_goods_info
# ------------------------------------------------------------

DROP TABLE IF EXISTS `app_goods_info`;

CREATE TABLE `app_goods_info` (
  `id` int(11) NOT NULL AUTO_INCREMENT COMMENT 'ID',
  `createTime` datetime(6) NOT NULL DEFAULT CURRENT_TIMESTAMP(6) COMMENT '创建时间',
  `updateTime` datetime(6) NOT NULL DEFAULT CURRENT_TIMESTAMP(6) ON UPDATE CURRENT_TIMESTAMP(6) COMMENT '更新时间',
  `title` varchar(255) NOT NULL COMMENT '标题',
  `subTitle` varchar(255) DEFAULT NULL COMMENT '副标题',
  `pic` varchar(255) NOT NULL COMMENT '商品主图',
  `sort` int(11) NOT NULL DEFAULT '0' COMMENT '排序',
  `types` tinyint(4) NOT NULL COMMENT '类型#1:上架,2:下架',
  `status` tinyint(4) NOT NULL DEFAULT '1' COMMENT '状态#1:启用,2:禁用',
  PRIMARY KEY (`id`),
  KEY `IDX_d8d0d86a0adf1001ce12aaac41` (`createTime`),
  KEY `IDX_9fe44721d1e517fa24383db56b` (`updateTime`),
  FULLTEXT KEY `IDX_91f50fa9907d5ac2c864f175bb` (`title`,`subTitle`) /*!50100 WITH PARSER `ngram` */ 
) ENGINE=InnoDB DEFAULT CHARSET=utf8mb4;

LOCK TABLES `app_goods_info` WRITE;
/*!40000 ALTER TABLE `app_goods_info` DISABLE KEYS */;

INSERT INTO `app_goods_info` (`id`, `createTime`, `updateTime`, `title`, `subTitle`, `pic`, `sort`, `types`, `status`)
VALUES
	(3,'2021-08-05 17:54:57.000000','2021-09-02 16:29:41.000000','16546','13','http://127.0.0.1:8199/cdz9b9z5hjpkbfw5nf.png',12,1,2),
	(4,'2021-08-06 15:38:20.737766','2021-08-06 15:38:20.737766','hello','hello','http://127.0.0.1:8001/uploads/20210806/3caaa1a0-f689-11eb-b8a8-73ea0888018e.svg',10,1,1);

/*!40000 ALTER TABLE `app_goods_info` ENABLE KEYS */;
UNLOCK TABLES;


# Dump of table base_app_space_info
# ------------------------------------------------------------

DROP TABLE IF EXISTS `base_app_space_info`;

CREATE TABLE `base_app_space_info` (
  `id` int(11) NOT NULL AUTO_INCREMENT COMMENT 'ID',
  `createTime` datetime(6) NOT NULL DEFAULT CURRENT_TIMESTAMP(6) COMMENT '创建时间',
  `updateTime` datetime(6) NOT NULL DEFAULT CURRENT_TIMESTAMP(6) ON UPDATE CURRENT_TIMESTAMP(6) COMMENT '更新时间',
  `url` varchar(255) NOT NULL COMMENT '地址',
  `type` varchar(255) NOT NULL COMMENT '类型',
  `classifyId` bigint(20) DEFAULT NULL COMMENT '分类ID',
  PRIMARY KEY (`id`),
  KEY `IDX_4aed04cbfa2ecdc01485b86e51` (`createTime`),
  KEY `IDX_abd5de4a4895eb253a5cabb20f` (`updateTime`)
) ENGINE=InnoDB DEFAULT CHARSET=utf8mb4 COMMENT='图片空间信息';

LOCK TABLES `base_app_space_info` WRITE;
/*!40000 ALTER TABLE `base_app_space_info` DISABLE KEYS */;

INSERT INTO `base_app_space_info` (`id`, `createTime`, `updateTime`, `url`, `type`, `classifyId`)
VALUES
	(1,'2021-08-03 22:35:55.900457','2021-08-03 22:35:55.900457','https://admin.cool-js.cool/uploads/20210803/1c9bf0d0-f468-11eb-92d0-bba305da9aaf.svg','image/svg+xml',NULL),
	(2,'2021-08-05 16:02:50.630508','2021-08-05 16:02:50.630508','http://127.0.0.1:8001/uploads/20210805/8782b490-f5c3-11eb-b751-19abbc7c44a6.svg','image/svg+xml',NULL),
	(3,'2021-08-05 21:31:26.364898','2021-08-05 21:31:26.364898','http://127.0.0.1:8001/uploads/20210805/6f01e250-f5f1-11eb-b197-135addbfa1fe.svg','image/svg+xml',NULL),
	(4,'2021-08-05 22:00:54.485070','2021-08-05 22:00:54.485070','http://127.0.0.1:8001/uploads/20210805/8ce3bce0-f5f5-11eb-b197-135addbfa1fe.svg','image/svg+xml',NULL),
	(5,'2021-08-06 15:38:05.403516','2021-08-06 15:38:05.403516','http://127.0.0.1:8001/uploads/20210806/3caaa1a0-f689-11eb-b8a8-73ea0888018e.svg','image/svg+xml',NULL),
	(6,'2021-09-02 16:29:38.000000','2021-09-02 16:29:38.000000','http://127.0.0.1:8199/cdz9b9z5hjpkbfw5nf.png','image/png',NULL);

/*!40000 ALTER TABLE `base_app_space_info` ENABLE KEYS */;
UNLOCK TABLES;


# Dump of table base_app_space_type
# ------------------------------------------------------------

DROP TABLE IF EXISTS `base_app_space_type`;

CREATE TABLE `base_app_space_type` (
  `id` int(11) NOT NULL AUTO_INCREMENT COMMENT 'ID',
  `createTime` datetime(6) NOT NULL DEFAULT CURRENT_TIMESTAMP(6) COMMENT '创建时间',
  `updateTime` datetime(6) NOT NULL DEFAULT CURRENT_TIMESTAMP(6) ON UPDATE CURRENT_TIMESTAMP(6) COMMENT '更新时间',
  `name` varchar(255) NOT NULL COMMENT '类别名称',
  `parentId` tinyint(4) DEFAULT NULL COMMENT '父分类ID',
  PRIMARY KEY (`id`),
  KEY `IDX_5e8376603f89fdf3e7bb05103a` (`createTime`),
  KEY `IDX_500ea9e8b2c5c08c9b86a0667e` (`updateTime`)
) ENGINE=InnoDB DEFAULT CHARSET=utf8mb4 COMMENT='图片空间类型';

LOCK TABLES `base_app_space_type` WRITE;
/*!40000 ALTER TABLE `base_app_space_type` DISABLE KEYS */;

INSERT INTO `base_app_space_type` (`id`, `createTime`, `updateTime`, `name`, `parentId`)
VALUES
	(1,'2021-02-26 14:07:48.867045','2021-02-26 14:07:48.867045','a',NULL),
	(2,'2021-02-26 14:07:52.285531','2021-02-26 14:07:52.285531','b',NULL);

/*!40000 ALTER TABLE `base_app_space_type` ENABLE KEYS */;
UNLOCK TABLES;


# Dump of table base_comm
# ------------------------------------------------------------

DROP TABLE IF EXISTS `base_comm`;

CREATE TABLE `base_comm` (
  `id` int(11) NOT NULL AUTO_INCREMENT COMMENT 'ID',
  `createTime` datetime(6) NOT NULL DEFAULT CURRENT_TIMESTAMP(6) COMMENT '创建时间',
  `updateTime` datetime(6) NOT NULL DEFAULT CURRENT_TIMESTAMP(6) ON UPDATE CURRENT_TIMESTAMP(6) COMMENT '更新时间',
  PRIMARY KEY (`id`),
  KEY `IDX_905208f206a3ff9fd513421971` (`createTime`),
  KEY `IDX_4c6f27f6ecefe51a5a196a047a` (`updateTime`)
) ENGINE=InnoDB DEFAULT CHARSET=utf8mb4 COMMENT='常用接口-图片上传、用户信息及修改、权限信息';



# Dump of table base_open
# ------------------------------------------------------------

DROP TABLE IF EXISTS `base_open`;

CREATE TABLE `base_open` (
  `id` int(11) NOT NULL AUTO_INCREMENT COMMENT 'ID',
  `createTime` datetime(6) NOT NULL DEFAULT CURRENT_TIMESTAMP(6) COMMENT '创建时间',
  `updateTime` datetime(6) NOT NULL DEFAULT CURRENT_TIMESTAMP(6) ON UPDATE CURRENT_TIMESTAMP(6) COMMENT '更新时间',
  PRIMARY KEY (`id`),
  KEY `IDX_905208f206a3ff9fd513421971` (`createTime`),
  KEY `IDX_4c6f27f6ecefe51a5a196a047a` (`updateTime`)
) ENGINE=InnoDB DEFAULT CHARSET=utf8mb4 COMMENT='无需token的接口';



# Dump of table base_sys_conf
# ------------------------------------------------------------

DROP TABLE IF EXISTS `base_sys_conf`;

CREATE TABLE `base_sys_conf` (
  `id` int(11) NOT NULL AUTO_INCREMENT COMMENT 'ID',
  `createTime` datetime(6) NOT NULL DEFAULT CURRENT_TIMESTAMP(6) COMMENT '创建时间',
  `updateTime` datetime(6) NOT NULL DEFAULT CURRENT_TIMESTAMP(6) ON UPDATE CURRENT_TIMESTAMP(6) COMMENT '更新时间',
  `cKey` varchar(255) NOT NULL COMMENT '配置键',
  `cValue` varchar(255) NOT NULL COMMENT '配置值',
  PRIMARY KEY (`id`),
  UNIQUE KEY `IDX_9be195d27767b4485417869c3a` (`cKey`),
  KEY `IDX_905208f206a3ff9fd513421971` (`createTime`),
  KEY `IDX_4c6f27f6ecefe51a5a196a047a` (`updateTime`)
) ENGINE=InnoDB DEFAULT CHARSET=utf8mb4 COMMENT='系统配置';

LOCK TABLES `base_sys_conf` WRITE;
/*!40000 ALTER TABLE `base_sys_conf` DISABLE KEYS */;

INSERT INTO `base_sys_conf` (`id`, `createTime`, `updateTime`, `cKey`, `cValue`)
VALUES
	(1,'2021-02-25 14:23:26.810981','2021-08-24 11:54:04.000000','logKeep','1');

/*!40000 ALTER TABLE `base_sys_conf` ENABLE KEYS */;
UNLOCK TABLES;


# Dump of table base_sys_department
# ------------------------------------------------------------

DROP TABLE IF EXISTS `base_sys_department`;

CREATE TABLE `base_sys_department` (
  `id` int(11) NOT NULL AUTO_INCREMENT COMMENT 'ID',
  `createTime` datetime(6) NOT NULL DEFAULT CURRENT_TIMESTAMP(6) COMMENT '创建时间',
  `updateTime` datetime(6) NOT NULL DEFAULT CURRENT_TIMESTAMP(6) ON UPDATE CURRENT_TIMESTAMP(6) COMMENT '更新时间',
  `name` varchar(255) NOT NULL COMMENT '部门名称',
  `parentId` bigint(20) DEFAULT NULL COMMENT '上级部门ID',
  `orderNum` int(11) NOT NULL DEFAULT '0' COMMENT '排序',
  PRIMARY KEY (`id`),
  KEY `IDX_be4c53cd671384fa588ca9470a` (`createTime`),
  KEY `IDX_ca1473a793961ec55bc0c8d268` (`updateTime`)
) ENGINE=InnoDB DEFAULT CHARSET=utf8mb4 COMMENT='admin部门';

LOCK TABLES `base_sys_department` WRITE;
/*!40000 ALTER TABLE `base_sys_department` DISABLE KEYS */;

INSERT INTO `base_sys_department` (`id`, `createTime`, `updateTime`, `name`, `parentId`, `orderNum`)
VALUES
	(1,'2021-02-24 21:17:11.971397','2021-02-24 21:17:15.697917','COOL',NULL,0),
	(11,'2021-02-26 14:17:06.690613','2021-02-26 14:17:06.690613','开发',1,0),
	(12,'2021-02-26 14:17:11.576369','2021-02-26 14:17:11.576369','测试',1,0),
	(13,'2021-02-26 14:28:59.685177','2021-02-26 14:28:59.685177','游客',1,0);

/*!40000 ALTER TABLE `base_sys_department` ENABLE KEYS */;
UNLOCK TABLES;


# Dump of table base_sys_log
# ------------------------------------------------------------

DROP TABLE IF EXISTS `base_sys_log`;

CREATE TABLE `base_sys_log` (
  `id` int(11) NOT NULL AUTO_INCREMENT COMMENT 'ID',
  `createTime` datetime(6) NOT NULL DEFAULT CURRENT_TIMESTAMP(6) COMMENT '创建时间',
  `updateTime` datetime(6) NOT NULL DEFAULT CURRENT_TIMESTAMP(6) ON UPDATE CURRENT_TIMESTAMP(6) COMMENT '更新时间',
  `adminUserId` bigint(20) DEFAULT NULL COMMENT '用户ID',
  `action` varchar(100) NOT NULL COMMENT '行为',
  `ip` varchar(50) DEFAULT NULL COMMENT 'ip',
  `ipAddr` varchar(50) DEFAULT NULL COMMENT 'ip地址',
  `params` text COMMENT '参数',
  PRIMARY KEY (`id`),
  KEY `IDX_51a2caeb5713efdfcb343a8772` (`adminUserId`),
  KEY `IDX_938f886fb40e163db174b7f6c3` (`action`),
  KEY `IDX_24e18767659f8c7142580893f2` (`ip`),
  KEY `IDX_a03a27f75cf8d502b3060823e1` (`ipAddr`),
  KEY `IDX_c9382b76219a1011f7b8e7bcd1` (`createTime`),
  KEY `IDX_bfd44e885b470da43bcc39aaa7` (`updateTime`)
) ENGINE=InnoDB DEFAULT CHARSET=utf8mb4 COMMENT='admin日志';

LOCK TABLES `base_sys_log` WRITE;
/*!40000 ALTER TABLE `base_sys_log` DISABLE KEYS */;

INSERT INTO `base_sys_log` (`id`, `createTime`, `updateTime`, `adminUserId`, `action`, `ip`, `ipAddr`, `params`)
VALUES
	(6927,'2021-08-24 12:26:20.000000','2021-08-24 12:26:20.000000',1,'/admin/baseSysLog/page','127.0.0.1','127.0.0.1:51326','{\"page\":1,\"size\":20,\"sort\":\"desc\",\"order\":\"createTime\"}'),
	(6928,'2021-08-24 14:34:05.000000','2021-08-24 14:34:05.000000',1,'/admin/baseComm/permmenu','127.0.0.1','127.0.0.1:50007',NULL),
	(6929,'2021-08-24 14:34:05.000000','2021-08-24 14:34:05.000000',1,'/admin/baseComm/person','127.0.0.1','127.0.0.1:50013',NULL),
	(6930,'2021-08-24 14:34:06.000000','2021-08-24 14:34:06.000000',1,'/admin/baseSysLog/getKeep','127.0.0.1','127.0.0.1:50018',NULL),
	(6931,'2021-08-24 14:34:06.000000','2021-08-24 14:34:06.000000',1,'/admin/baseSysLog/page','127.0.0.1','127.0.0.1:50019','{\"page\":1,\"size\":20,\"sort\":\"desc\",\"order\":\"createTime\"}'),
	(6932,'2021-08-25 16:27:55.000000','2021-08-25 16:27:55.000000',1,'/admin/baseComm/permmenu','127.0.0.1','127.0.0.1:61191',NULL),
	(6933,'2021-08-25 16:27:56.000000','2021-08-25 16:27:56.000000',1,'/admin/baseComm/person','127.0.0.1','127.0.0.1:61193',NULL),
	(6934,'2021-08-25 16:28:02.000000','2021-08-25 16:28:02.000000',1,'/admin/baseSysLog/getKeep','127.0.0.1','127.0.0.1:61229',NULL),
	(6935,'2021-08-25 16:28:02.000000','2021-08-25 16:28:02.000000',1,'/admin/baseSysLog/page','127.0.0.1','127.0.0.1:61232','{\"page\":1,\"size\":20,\"sort\":\"desc\",\"order\":\"createTime\"}'),
	(6936,'2021-08-25 16:28:09.000000','2021-08-25 16:28:09.000000',1,'/admin/baseSysLog/page','127.0.0.1','127.0.0.1:61266','{\"page\":1,\"size\":20,\"keyWord\":\"12\",\"sort\":\"desc\",\"order\":\"createTime\"}'),
	(6937,'2021-08-25 16:28:12.000000','2021-08-25 16:28:12.000000',1,'/admin/baseSysLog/page','127.0.0.1','127.0.0.1:61281','{\"page\":1,\"size\":20,\"keyWord\":\"12\",\"sort\":\"desc\",\"order\":\"createTime\"}'),
	(6938,'2021-08-25 16:39:22.000000','2021-08-25 16:39:22.000000',1,'/admin/baseComm/permmenu','127.0.0.1','127.0.0.1:64165',NULL),
	(6939,'2021-08-25 16:39:22.000000','2021-08-25 16:39:22.000000',1,'/admin/baseComm/person','127.0.0.1','127.0.0.1:64172',NULL),
	(6940,'2021-08-25 16:39:23.000000','2021-08-25 16:39:23.000000',1,'/admin/baseSysLog/getKeep','127.0.0.1','127.0.0.1:64180',NULL),
	(6941,'2021-08-25 16:39:23.000000','2021-08-25 16:39:23.000000',1,'/admin/baseSysLog/page','127.0.0.1','127.0.0.1:64181','{\"page\":1,\"size\":20,\"sort\":\"desc\",\"order\":\"createTime\"}'),
	(6942,'2021-08-25 16:39:40.000000','2021-08-25 16:39:40.000000',1,'/admin/baseComm/permmenu','127.0.0.1','127.0.0.1:64277',NULL),
	(6943,'2021-08-25 16:39:40.000000','2021-08-25 16:39:40.000000',1,'/admin/baseComm/person','127.0.0.1','127.0.0.1:64279',NULL),
	(6944,'2021-08-25 16:39:41.000000','2021-08-25 16:39:41.000000',1,'/admin/baseSysLog/getKeep','127.0.0.1','127.0.0.1:64285',NULL),
	(6945,'2021-08-25 16:39:41.000000','2021-08-25 16:39:41.000000',1,'/admin/baseSysLog/page','127.0.0.1','127.0.0.1:64286','{\"page\":1,\"size\":20,\"sort\":\"desc\",\"order\":\"createTime\"}'),
	(6946,'2021-08-25 16:41:54.000000','2021-08-25 16:41:54.000000',1,'/admin/baseComm/permmenu','127.0.0.1','127.0.0.1:64871',NULL),
	(6947,'2021-08-25 16:41:54.000000','2021-08-25 16:41:54.000000',1,'/admin/baseComm/person','127.0.0.1','127.0.0.1:64878',NULL),
	(6948,'2021-08-25 16:41:55.000000','2021-08-25 16:41:55.000000',1,'/admin/baseSysLog/getKeep','127.0.0.1','127.0.0.1:64885',NULL),
	(6949,'2021-08-25 16:41:55.000000','2021-08-25 16:41:55.000000',1,'/admin/baseSysLog/page','127.0.0.1','127.0.0.1:64886','{\"page\":1,\"size\":20,\"sort\":\"desc\",\"order\":\"createTime\"}'),
	(6950,'2021-08-25 16:42:10.000000','2021-08-25 16:42:10.000000',1,'/admin/baseComm/permmenu','127.0.0.1','127.0.0.1:64970',NULL),
	(6951,'2021-08-25 16:42:10.000000','2021-08-25 16:42:10.000000',1,'/admin/baseComm/person','127.0.0.1','127.0.0.1:64972',NULL),
	(6952,'2021-08-25 16:42:11.000000','2021-08-25 16:42:11.000000',1,'/admin/baseSysLog/page','127.0.0.1','127.0.0.1:64977','{\"page\":1,\"size\":20,\"sort\":\"desc\",\"order\":\"createTime\"}'),
	(6953,'2021-08-25 16:42:11.000000','2021-08-25 16:42:11.000000',1,'/admin/baseSysLog/getKeep','127.0.0.1','127.0.0.1:64978',NULL),
	(6954,'2021-08-25 16:42:43.000000','2021-08-25 16:42:43.000000',1,'/admin/baseComm/permmenu','127.0.0.1','127.0.0.1:65128',NULL),
	(6955,'2021-08-25 16:42:43.000000','2021-08-25 16:42:43.000000',1,'/admin/baseComm/person','127.0.0.1','127.0.0.1:65135',NULL),
	(6956,'2021-08-25 16:42:45.000000','2021-08-25 16:42:45.000000',1,'/admin/baseSysLog/getKeep','127.0.0.1','127.0.0.1:65140',NULL),
	(6957,'2021-08-25 16:42:45.000000','2021-08-25 16:42:45.000000',1,'/admin/baseSysLog/page','127.0.0.1','127.0.0.1:65141','{\"page\":1,\"size\":20,\"sort\":\"desc\",\"order\":\"createTime\"}'),
	(6958,'2021-08-25 16:55:50.000000','2021-08-25 16:55:50.000000',1,'/admin/baseComm/permmenu','127.0.0.1','127.0.0.1:52158',NULL),
	(6959,'2021-08-25 16:55:50.000000','2021-08-25 16:55:50.000000',1,'/admin/baseComm/person','127.0.0.1','127.0.0.1:52161',NULL),
	(6960,'2021-08-25 16:55:51.000000','2021-08-25 16:55:51.000000',1,'/admin/baseSysLog/getKeep','127.0.0.1','127.0.0.1:52169',NULL),
	(6961,'2021-08-25 16:55:51.000000','2021-08-25 16:55:51.000000',1,'/admin/baseSysLog/page','127.0.0.1','127.0.0.1:52170','{\"page\":1,\"size\":20,\"sort\":\"desc\",\"order\":\"createTime\"}'),
	(6962,'2021-08-25 16:56:17.000000','2021-08-25 16:56:17.000000',1,'/admin/baseSysLog/page','127.0.0.1','127.0.0.1:52279','{\"page\":1,\"size\":20,\"keyWord\":\"6\",\"sort\":\"desc\",\"order\":\"createTime\"}'),
	(6963,'2021-08-25 16:58:47.000000','2021-08-25 16:58:47.000000',1,'/admin/baseComm/permmenu','127.0.0.1','127.0.0.1:52946',NULL),
	(6964,'2021-08-25 16:58:48.000000','2021-08-25 16:58:48.000000',1,'/admin/baseComm/person','127.0.0.1','127.0.0.1:52953',NULL),
	(6965,'2021-08-25 16:58:49.000000','2021-08-25 16:58:49.000000',1,'/admin/baseSysLog/getKeep','127.0.0.1','127.0.0.1:52960',NULL),
	(6966,'2021-08-25 16:58:49.000000','2021-08-25 16:58:49.000000',1,'/admin/baseSysLog/page','127.0.0.1','127.0.0.1:52961','{\"page\":1,\"size\":20,\"sort\":\"desc\",\"order\":\"createTime\"}'),
	(6967,'2021-08-25 16:59:06.000000','2021-08-25 16:59:06.000000',1,'/admin/baseComm/permmenu','127.0.0.1','127.0.0.1:53045',NULL),
	(6968,'2021-08-25 16:59:06.000000','2021-08-25 16:59:06.000000',1,'/admin/baseComm/person','127.0.0.1','127.0.0.1:53051',NULL),
	(6969,'2021-08-25 16:59:07.000000','2021-08-25 16:59:07.000000',1,'/admin/baseSysLog/getKeep','127.0.0.1','127.0.0.1:53056',NULL),
	(6970,'2021-08-25 16:59:07.000000','2021-08-25 16:59:07.000000',1,'/admin/baseSysLog/page','127.0.0.1','127.0.0.1:53057','{\"page\":1,\"size\":20,\"sort\":\"desc\",\"order\":\"createTime\"}'),
	(6971,'2021-08-25 16:59:15.000000','2021-08-25 16:59:15.000000',1,'/admin/baseComm/permmenu','127.0.0.1','127.0.0.1:53106',NULL),
	(6972,'2021-08-25 16:59:17.000000','2021-08-25 16:59:17.000000',1,'/admin/baseComm/person','127.0.0.1','127.0.0.1:53111',NULL),
	(6973,'2021-08-25 16:59:18.000000','2021-08-25 16:59:18.000000',1,'/admin/baseSysLog/page','127.0.0.1','127.0.0.1:53116','{\"page\":1,\"size\":20,\"sort\":\"desc\",\"order\":\"createTime\"}'),
	(6974,'2021-08-25 16:59:18.000000','2021-08-25 16:59:18.000000',1,'/admin/baseSysLog/getKeep','127.0.0.1','127.0.0.1:53117',NULL),
	(6975,'2021-08-25 16:59:34.000000','2021-08-25 16:59:34.000000',1,'/admin/baseComm/permmenu','127.0.0.1','127.0.0.1:53210',NULL),
	(6976,'2021-08-25 16:59:35.000000','2021-08-25 16:59:35.000000',1,'/admin/baseComm/person','127.0.0.1','127.0.0.1:53212',NULL),
	(6977,'2021-08-25 16:59:35.000000','2021-08-25 16:59:35.000000',1,'/admin/baseSysLog/page','127.0.0.1','127.0.0.1:53213','{\"page\":1,\"size\":20,\"sort\":\"desc\",\"order\":\"createTime\"}'),
	(6978,'2021-08-25 16:59:35.000000','2021-08-25 16:59:35.000000',1,'/admin/baseSysLog/getKeep','127.0.0.1','127.0.0.1:53214',NULL),
	(6979,'2021-08-25 17:01:10.000000','2021-08-25 17:01:10.000000',1,'/admin/baseComm/permmenu','127.0.0.1','127.0.0.1:53630',NULL),
	(6980,'2021-08-25 17:01:10.000000','2021-08-25 17:01:10.000000',1,'/admin/baseComm/person','127.0.0.1','127.0.0.1:53639',NULL),
	(6981,'2021-08-25 17:01:12.000000','2021-08-25 17:01:12.000000',1,'/admin/baseSysLog/page','127.0.0.1','127.0.0.1:53646','{\"page\":1,\"size\":20,\"sort\":\"desc\",\"order\":\"createTime\"}'),
	(6982,'2021-08-25 17:01:12.000000','2021-08-25 17:01:12.000000',1,'/admin/baseSysLog/getKeep','127.0.0.1','127.0.0.1:53650',NULL),
	(6983,'2021-08-25 17:01:29.000000','2021-08-25 17:01:29.000000',1,'/admin/baseComm/permmenu','127.0.0.1','127.0.0.1:53743',NULL),
	(6984,'2021-08-25 17:01:29.000000','2021-08-25 17:01:29.000000',1,'/admin/baseComm/person','127.0.0.1','127.0.0.1:53745',NULL),
	(6985,'2021-08-25 17:01:30.000000','2021-08-25 17:01:30.000000',1,'/admin/baseSysLog/getKeep','127.0.0.1','127.0.0.1:53750',NULL),
	(6986,'2021-08-25 17:01:30.000000','2021-08-25 17:01:30.000000',1,'/admin/baseSysLog/page','127.0.0.1','127.0.0.1:53751','{\"page\":1,\"size\":20,\"sort\":\"desc\",\"order\":\"createTime\"}'),
	(6987,'2021-08-25 17:02:18.000000','2021-08-25 17:02:18.000000',1,'/admin/baseSysLog/page','127.0.0.1','127.0.0.1:53964','{\"page\":1,\"size\":20,\"keyWord\":\"21\",\"sort\":\"desc\",\"order\":\"createTime\"}'),
	(6988,'2021-08-25 17:06:42.000000','2021-08-25 17:06:42.000000',1,'/admin/baseComm/permmenu','127.0.0.1','127.0.0.1:55092',NULL),
	(6989,'2021-08-25 17:06:42.000000','2021-08-25 17:06:42.000000',1,'/admin/baseComm/person','127.0.0.1','127.0.0.1:55094',NULL),
	(6990,'2021-08-25 17:06:44.000000','2021-08-25 17:06:44.000000',1,'/admin/baseSysLog/getKeep','127.0.0.1','127.0.0.1:55106',NULL),
	(6991,'2021-08-25 17:06:44.000000','2021-08-25 17:06:44.000000',1,'/admin/baseSysLog/page','127.0.0.1','127.0.0.1:55107','{\"page\":1,\"size\":20,\"sort\":\"desc\",\"order\":\"createTime\"}'),
	(6992,'2021-08-25 17:07:02.000000','2021-08-25 17:07:02.000000',1,'/admin/baseComm/permmenu','127.0.0.1','127.0.0.1:55201',NULL),
	(6993,'2021-08-25 17:07:02.000000','2021-08-25 17:07:02.000000',1,'/admin/baseComm/person','127.0.0.1','127.0.0.1:55208',NULL),
	(6994,'2021-08-25 17:07:03.000000','2021-08-25 17:07:03.000000',1,'/admin/baseSysLog/page','127.0.0.1','127.0.0.1:55210','{\"page\":1,\"size\":20,\"sort\":\"desc\",\"order\":\"createTime\"}'),
	(6995,'2021-08-25 17:07:03.000000','2021-08-25 17:07:03.000000',1,'/admin/baseSysLog/getKeep','127.0.0.1','127.0.0.1:55209',NULL),
	(6996,'2021-08-25 17:07:12.000000','2021-08-25 17:07:12.000000',1,'/admin/baseComm/permmenu','127.0.0.1','127.0.0.1:55266',NULL),
	(6997,'2021-08-25 17:07:13.000000','2021-08-25 17:07:13.000000',1,'/admin/baseComm/person','127.0.0.1','127.0.0.1:55271',NULL),
	(6998,'2021-08-25 17:07:14.000000','2021-08-25 17:07:14.000000',1,'/admin/baseSysLog/getKeep','127.0.0.1','127.0.0.1:55276',NULL),
	(6999,'2021-08-25 17:07:14.000000','2021-08-25 17:07:14.000000',1,'/admin/baseSysLog/page','127.0.0.1','127.0.0.1:55277','{\"page\":1,\"size\":20,\"sort\":\"desc\",\"order\":\"createTime\"}'),
	(7000,'2021-08-25 17:07:19.000000','2021-08-25 17:07:19.000000',1,'/admin/baseSysLog/page','127.0.0.1','127.0.0.1:55295','{\"page\":1,\"size\":20,\"keyWord\":\"gju\",\"sort\":\"desc\",\"order\":\"createTime\"}'),
	(7001,'2021-08-25 17:16:57.000000','2021-08-25 17:16:57.000000',1,'/admin/baseComm/permmenu','127.0.0.1','127.0.0.1:57772',NULL),
	(7002,'2021-08-25 17:16:58.000000','2021-08-25 17:16:58.000000',1,'/admin/baseComm/person','127.0.0.1','127.0.0.1:57779',NULL),
	(7003,'2021-08-25 17:16:59.000000','2021-08-25 17:16:59.000000',1,'/admin/baseSysLog/getKeep','127.0.0.1','127.0.0.1:57786',NULL),
	(7004,'2021-08-25 17:16:59.000000','2021-08-25 17:16:59.000000',1,'/admin/baseSysLog/page','127.0.0.1','127.0.0.1:57787','{\"page\":1,\"size\":20,\"sort\":\"desc\",\"order\":\"createTime\"}'),
	(7005,'2021-08-25 17:17:35.000000','2021-08-25 17:17:35.000000',1,'/admin/baseComm/permmenu','127.0.0.1','127.0.0.1:57992',NULL),
	(7006,'2021-08-25 17:17:36.000000','2021-08-25 17:17:36.000000',1,'/admin/baseComm/person','127.0.0.1','127.0.0.1:57994',NULL),
	(7007,'2021-08-25 17:17:37.000000','2021-08-25 17:17:37.000000',1,'/admin/genCodeAuth/page','127.0.0.1','127.0.0.1:58000','{\"page\":1,\"size\":20}'),
	(7008,'2021-08-25 17:17:57.000000','2021-08-25 17:17:57.000000',1,'/admin/demoGo/page','127.0.0.1','127.0.0.1:58086','{\"page\":1,\"size\":20}'),
	(7009,'2021-08-25 17:17:59.000000','2021-08-25 17:17:59.000000',1,'/admin/genCodeAuth/page','127.0.0.1','127.0.0.1:58098','{\"page\":1,\"size\":20}'),
	(7010,'2021-08-25 17:18:15.000000','2021-08-25 17:18:15.000000',1,'/admin/baseComm/permmenu','127.0.0.1','127.0.0.1:58181',NULL),
	(7011,'2021-08-25 17:18:16.000000','2021-08-25 17:18:16.000000',1,'/admin/baseComm/person','127.0.0.1','127.0.0.1:58187',NULL),
	(7012,'2021-08-25 17:18:16.000000','2021-08-25 17:18:16.000000',1,'/admin/genCodeAuth/page','127.0.0.1','127.0.0.1:58193','{\"page\":1,\"size\":20}'),
	(7013,'2021-08-25 17:19:40.000000','2021-08-25 17:19:40.000000',1,'/admin/baseComm/permmenu','127.0.0.1','127.0.0.1:58562',NULL),
	(7014,'2021-08-25 17:19:41.000000','2021-08-25 17:19:41.000000',1,'/admin/baseComm/person','127.0.0.1','127.0.0.1:58570',NULL),
	(7015,'2021-08-25 17:19:41.000000','2021-08-25 17:19:41.000000',1,'/admin/genCodeAuth/page','127.0.0.1','127.0.0.1:58576','{\"page\":1,\"size\":20}'),
	(7016,'2021-08-25 17:19:56.000000','2021-08-25 17:19:56.000000',1,'/admin/baseComm/permmenu','127.0.0.1','127.0.0.1:58650',NULL),
	(7017,'2021-08-25 17:19:56.000000','2021-08-25 17:19:56.000000',1,'/admin/baseComm/person','127.0.0.1','127.0.0.1:58656',NULL),
	(7018,'2021-08-25 17:19:57.000000','2021-08-25 17:19:57.000000',1,'/admin/genCodeAuth/page','127.0.0.1','127.0.0.1:58657','{\"page\":1,\"size\":20}'),
	(7019,'2021-08-25 17:20:57.000000','2021-08-25 17:20:57.000000',1,'/admin/genCodeAuth/add','127.0.0.1','127.0.0.1:58905','{\"name\":\"jasonlaw测试权限是否正确\",\"description\":\"地方\",\"activeCode\":\"abcjasonlaw\",\"status\":1,\"computerMac\":\"12\",\"limit\":1,\"isBind\":1}'),
	(7020,'2021-08-25 17:20:57.000000','2021-08-25 17:20:57.000000',1,'/admin/genCodeAuth/page','127.0.0.1','127.0.0.1:58914','{\"page\":1,\"size\":20}'),
	(7021,'2021-08-25 17:21:34.000000','2021-08-25 17:21:34.000000',1,'/admin/baseComm/permmenu','127.0.0.1','127.0.0.1:59085',NULL),
	(7022,'2021-08-25 17:21:34.000000','2021-08-25 17:21:34.000000',1,'/admin/baseComm/person','127.0.0.1','127.0.0.1:59092',NULL),
	(7023,'2021-08-25 17:21:35.000000','2021-08-25 17:21:35.000000',1,'/admin/genCodeAuth/page','127.0.0.1','127.0.0.1:59098','{\"page\":1,\"size\":20}'),
	(7024,'2021-08-25 17:21:49.000000','2021-08-25 17:21:49.000000',1,'/admin/baseComm/permmenu','127.0.0.1','127.0.0.1:59165',NULL),
	(7025,'2021-08-25 17:21:49.000000','2021-08-25 17:21:49.000000',1,'/admin/baseComm/person','127.0.0.1','127.0.0.1:59167',NULL),
	(7026,'2021-08-25 17:21:49.000000','2021-08-25 17:21:49.000000',1,'/admin/genCodeAuth/page','127.0.0.1','127.0.0.1:59172','{\"page\":1,\"size\":20}'),
	(7027,'2021-08-25 17:26:29.000000','2021-08-25 17:26:29.000000',1,'/admin/genCodeAuth/page','127.0.0.1','127.0.0.1:60399','{\"page\":1,\"size\":20,\"status\":1}'),
	(7028,'2021-08-25 17:26:30.000000','2021-08-25 17:26:30.000000',1,'/admin/genCodeAuth/page','127.0.0.1','127.0.0.1:60407','{\"page\":1,\"size\":20,\"status\":2}'),
	(7029,'2021-08-25 17:26:32.000000','2021-08-25 17:26:32.000000',1,'/admin/genCodeAuth/page','127.0.0.1','127.0.0.1:60420','{\"page\":1,\"size\":20,\"status\":2,\"types\":\"\"}'),
	(7030,'2021-08-25 17:26:36.000000','2021-08-25 17:26:36.000000',1,'/admin/genCodeAuth/page','127.0.0.1','127.0.0.1:60435','{\"page\":1,\"size\":20,\"status\":2,\"types\":\"\",\"keyWord\":\"12\"}'),
	(7031,'2021-08-25 17:26:39.000000','2021-08-25 17:26:39.000000',1,'/admin/genCodeAuth/page','127.0.0.1','127.0.0.1:60450','{\"page\":1,\"size\":20,\"types\":\"\",\"keyWord\":\"12\"}'),
	(7032,'2021-08-25 17:26:44.000000','2021-08-25 17:26:44.000000',1,'/admin/genCodeAuth/page','127.0.0.1','127.0.0.1:60479','{\"page\":1,\"size\":20,\"types\":\"\",\"keyWord\":\"te\"}'),
	(7033,'2021-08-25 17:26:49.000000','2021-08-25 17:26:49.000000',1,'/admin/genCodeAuth/page','127.0.0.1','127.0.0.1:60500','{\"page\":1,\"size\":20,\"types\":\"\",\"keyWord\":\"\"}'),
	(7034,'2021-08-25 17:26:59.000000','2021-08-25 17:26:59.000000',1,'/admin/genCodeAuth/page','127.0.0.1','127.0.0.1:60549','{\"page\":1,\"size\":20,\"types\":\"\",\"keyWord\":\"json\"}'),
	(7035,'2021-08-25 17:27:04.000000','2021-08-25 17:27:04.000000',1,'/admin/genCodeAuth/page','127.0.0.1','127.0.0.1:60578','{\"page\":1,\"size\":20,\"types\":\"\",\"keyWord\":\"jas\"}'),
	(7036,'2021-08-25 17:32:05.000000','2021-08-25 17:32:05.000000',1,'/admin/genCodeAuth/info','127.0.0.1','127.0.0.1:61840','{\"id\":\"1\"}'),
	(7037,'2021-08-25 17:34:27.000000','2021-08-25 17:34:27.000000',1,'/admin/genCodeAuth/info','127.0.0.1','127.0.0.1:62444','{\"id\":\"1\"}'),
	(7038,'2021-08-25 17:34:34.000000','2021-08-25 17:34:34.000000',1,'/admin/baseComm/permmenu','127.0.0.1','127.0.0.1:62493',NULL),
	(7039,'2021-08-25 17:34:35.000000','2021-08-25 17:34:35.000000',1,'/admin/baseComm/person','127.0.0.1','127.0.0.1:62495',NULL),
	(7040,'2021-08-25 17:34:36.000000','2021-08-25 17:34:36.000000',1,'/admin/genCodeAuth/page','127.0.0.1','127.0.0.1:62502','{\"page\":1,\"size\":20}'),
	(7041,'2021-08-25 17:35:00.000000','2021-08-25 17:35:00.000000',1,'/admin/genCodeAuth/info','127.0.0.1','127.0.0.1:62611','{\"id\":\"1\"}'),
	(7042,'2021-08-25 17:35:05.000000','2021-08-25 17:35:05.000000',1,'/admin/genCodeAuth/update','127.0.0.1','127.0.0.1:62635','{\"name\":\"jasonlaw测试权限是否正确\",\"description\":\"地方\",\"activeCode\":\"abcjasonlaw\",\"status\":1,\"computerMac\":\"\",\"limit\":1,\"isBind\":1,\"id\":1,\"createTime\":\"2021-08-25 17:20:57\",\"updateTime\":\"2021-08-25 17:20:57\"}'),
	(7043,'2021-08-25 17:35:05.000000','2021-08-25 17:35:05.000000',1,'/admin/genCodeAuth/page','127.0.0.1','127.0.0.1:62639','{\"page\":1,\"size\":20}'),
	(7044,'2021-08-25 17:35:17.000000','2021-08-25 17:35:17.000000',1,'/admin/baseComm/permmenu','127.0.0.1','127.0.0.1:62706',NULL),
	(7045,'2021-08-25 17:35:18.000000','2021-08-25 17:35:18.000000',1,'/admin/baseComm/person','127.0.0.1','127.0.0.1:62708',NULL),
	(7046,'2021-08-25 17:35:18.000000','2021-08-25 17:35:18.000000',1,'/admin/genCodeAuth/page','127.0.0.1','127.0.0.1:62709','{\"page\":1,\"size\":20}'),
	(7047,'2021-08-25 17:35:21.000000','2021-08-25 17:35:21.000000',1,'/admin/genCodeAuth/info','127.0.0.1','127.0.0.1:62722','{\"id\":\"1\"}'),
	(7048,'2021-08-25 17:35:27.000000','2021-08-25 17:35:27.000000',1,'/admin/genCodeAuth/update','127.0.0.1','127.0.0.1:62750','{\"name\":\"jasonlaw测试权限是否正确\",\"description\":\"地方\",\"activeCode\":\"abcjasonlaw\",\"status\":1,\"computerMac\":\"12\",\"limit\":1,\"isBind\":2,\"id\":1,\"createTime\":\"2021-08-25 17:20:57\",\"updateTime\":\"2021-08-25 17:35:05\"}'),
	(7049,'2021-08-25 17:35:27.000000','2021-08-25 17:35:27.000000',1,'/admin/genCodeAuth/page','127.0.0.1','127.0.0.1:62753','{\"page\":1,\"size\":20}'),
	(7050,'2021-08-25 17:35:29.000000','2021-08-25 17:35:29.000000',1,'/admin/genCodeAuth/info','127.0.0.1','127.0.0.1:62760','{\"id\":\"1\"}'),
	(7051,'2021-08-25 21:16:47.000000','2021-08-25 21:16:47.000000',1,'/admin/baseComm/person','127.0.0.1','127.0.0.1:57932',NULL),
	(7052,'2021-08-25 21:16:47.000000','2021-08-25 21:16:47.000000',1,'/admin/baseComm/permmenu','127.0.0.1','127.0.0.1:57934',NULL),
	(7053,'2021-08-25 21:19:37.000000','2021-08-25 21:19:37.000000',1,'/admin/taskInfo/getTaskScheduleMethods','127.0.0.1','127.0.0.1:58646',NULL),
	(7054,'2021-08-25 21:19:37.000000','2021-08-25 21:19:37.000000',1,'/admin/taskInfo/page','127.0.0.1','127.0.0.1:58645','{\"types\":2,\"status\":1,\"size\":10,\"page\":1,\"total\":0}'),
	(7055,'2021-08-25 21:19:37.000000','2021-08-25 21:19:37.000000',1,'/admin/taskInfo/page','127.0.0.1','127.0.0.1:58650','{\"types\":1,\"status\":1,\"size\":10,\"page\":1,\"total\":0}'),
	(7056,'2021-08-25 21:19:37.000000','2021-08-25 21:19:37.000000',1,'/admin/taskInfo/page','127.0.0.1','127.0.0.1:58653','{\"types\":null,\"status\":2,\"size\":10,\"page\":1,\"total\":0}'),
	(7057,'2021-08-25 21:19:37.000000','2021-08-25 21:19:37.000000',1,'/admin/taskInfo/log','127.0.0.1','127.0.0.1:58658','{\"page\":\"1\",\"size\":\"10\"}'),
	(7058,'2021-08-25 21:20:25.000000','2021-08-25 21:20:25.000000',1,'/admin/baseSysUser/page','127.0.0.1','127.0.0.1:58861','{\"page\":1,\"size\":20,\"sort\":\"desc\",\"order\":\"createTime\"}'),
	(7059,'2021-08-25 21:20:25.000000','2021-08-25 21:20:25.000000',1,'/admin/baseSysDepartment/list','127.0.0.1','127.0.0.1:58858','{}'),
	(7060,'2021-08-25 21:20:46.000000','2021-08-25 21:20:46.000000',1,'/admin/baseComm/permmenu','127.0.0.1','127.0.0.1:58973',NULL),
	(7061,'2021-08-25 21:20:46.000000','2021-08-25 21:20:46.000000',1,'/admin/baseComm/person','127.0.0.1','127.0.0.1:58979',NULL),
	(7062,'2021-08-25 21:20:47.000000','2021-08-25 21:20:47.000000',1,'/admin/taskInfo/getTaskScheduleMethods','127.0.0.1','127.0.0.1:58986',NULL),
	(7063,'2021-08-25 21:20:47.000000','2021-08-25 21:20:47.000000',1,'/admin/taskInfo/page','127.0.0.1','127.0.0.1:58989','{\"types\":1,\"status\":1,\"size\":10,\"page\":1,\"total\":0}'),
	(7064,'2021-08-25 21:20:47.000000','2021-08-25 21:20:47.000000',1,'/admin/taskInfo/page','127.0.0.1','127.0.0.1:58987','{\"types\":2,\"status\":1,\"size\":10,\"page\":1,\"total\":0}'),
	(7065,'2021-08-25 21:20:47.000000','2021-08-25 21:20:47.000000',1,'/admin/taskInfo/page','127.0.0.1','127.0.0.1:58991','{\"types\":null,\"status\":2,\"size\":10,\"page\":1,\"total\":0}'),
	(7066,'2021-08-25 21:20:47.000000','2021-08-25 21:20:47.000000',1,'/admin/taskInfo/log','127.0.0.1','127.0.0.1:58994','{\"page\":\"1\",\"size\":\"10\"}'),
	(7067,'2021-08-25 21:26:20.000000','2021-08-25 21:26:20.000000',1,'/admin/baseComm/person','127.0.0.1','127.0.0.1:60474',NULL),
	(7068,'2021-08-25 21:26:20.000000','2021-08-25 21:26:20.000000',1,'/admin/baseComm/permmenu','127.0.0.1','127.0.0.1:60476',NULL),
	(7069,'2021-08-25 21:26:24.000000','2021-08-25 21:26:24.000000',1,'/admin/taskInfo/getTaskScheduleMethods','127.0.0.1','127.0.0.1:60497',NULL),
	(7070,'2021-08-25 21:26:24.000000','2021-08-25 21:26:24.000000',1,'/admin/taskInfo/page','127.0.0.1','127.0.0.1:60498','{\"types\":2,\"status\":1,\"size\":10,\"page\":1,\"total\":0}'),
	(7071,'2021-08-25 21:26:24.000000','2021-08-25 21:26:24.000000',1,'/admin/taskInfo/page','127.0.0.1','127.0.0.1:60500','{\"types\":1,\"status\":1,\"size\":10,\"page\":1,\"total\":0}'),
	(7072,'2021-08-25 21:26:24.000000','2021-08-25 21:26:24.000000',1,'/admin/taskInfo/page','127.0.0.1','127.0.0.1:60507','{\"types\":null,\"status\":2,\"size\":10,\"page\":1,\"total\":0}'),
	(7073,'2021-08-25 21:26:25.000000','2021-08-25 21:26:25.000000',1,'/admin/taskInfo/log','127.0.0.1','127.0.0.1:60512','{\"page\":\"1\",\"size\":\"10\"}'),
	(7074,'2021-08-25 21:26:26.000000','2021-08-25 21:26:26.000000',1,'/admin/taskInfo/stop','127.0.0.1','127.0.0.1:60518','{\"id\":3}'),
	(7075,'2021-08-25 21:26:26.000000','2021-08-25 21:26:26.000000',1,'/admin/taskInfo/page','127.0.0.1','127.0.0.1:60520','{\"types\":2,\"status\":1,\"size\":10,\"page\":1,\"total\":1}'),
	(7076,'2021-08-25 21:26:26.000000','2021-08-25 21:26:26.000000',1,'/admin/taskInfo/page','127.0.0.1','127.0.0.1:60522','{\"types\":1,\"status\":1,\"size\":10,\"page\":1,\"total\":0}'),
	(7077,'2021-08-25 21:26:26.000000','2021-08-25 21:26:26.000000',1,'/admin/taskInfo/page','127.0.0.1','127.0.0.1:60524','{\"types\":null,\"status\":2,\"size\":10,\"page\":1,\"total\":2}'),
	(7078,'2021-08-25 21:31:00.000000','2021-08-25 21:31:00.000000',1,'/admin/genCodeAuth/page','127.0.0.1','127.0.0.1:61647','{\"page\":1,\"size\":20}'),
	(7079,'2021-08-25 21:31:16.000000','2021-08-25 21:31:16.000000',1,'/admin/genCodeAuth/info','127.0.0.1','127.0.0.1:61716','{\"id\":\"1\"}'),
	(7080,'2021-08-25 21:33:33.000000','2021-08-25 21:33:33.000000',1,'/admin/baseComm/permmenu','127.0.0.1','127.0.0.1:62293',NULL),
	(7081,'2021-08-25 21:33:34.000000','2021-08-25 21:33:34.000000',1,'/admin/baseComm/person','127.0.0.1','127.0.0.1:62300',NULL),
	(7082,'2021-08-25 21:33:36.000000','2021-08-25 21:33:36.000000',1,'/admin/genCodeAuth/page','127.0.0.1','127.0.0.1:62314','{\"page\":1,\"size\":20}'),
	(7083,'2021-08-25 21:44:02.000000','2021-08-25 21:44:02.000000',1,'/admin/baseComm/permmenu','127.0.0.1','127.0.0.1:65014',NULL),
	(7084,'2021-08-25 21:44:03.000000','2021-08-25 21:44:03.000000',1,'/admin/baseComm/person','127.0.0.1','127.0.0.1:65020',NULL),
	(7085,'2021-08-25 21:44:05.000000','2021-08-25 21:44:05.000000',1,'/admin/genCodeAuth/page','127.0.0.1','127.0.0.1:65033','{\"page\":1,\"size\":20}'),
	(7086,'2021-08-25 21:44:19.000000','2021-08-25 21:44:19.000000',1,'/admin/baseComm/permmenu','127.0.0.1','127.0.0.1:65098',NULL),
	(7087,'2021-08-25 21:44:20.000000','2021-08-25 21:44:20.000000',1,'/admin/baseComm/person','127.0.0.1','127.0.0.1:65101',NULL),
	(7088,'2021-08-25 21:44:21.000000','2021-08-25 21:44:21.000000',1,'/admin/genCodeAuth/page','127.0.0.1','127.0.0.1:65111','{\"page\":1,\"size\":20}'),
	(7089,'2021-08-25 21:51:07.000000','2021-08-25 21:51:07.000000',1,'/admin/baseComm/permmenu','127.0.0.1','127.0.0.1:50471',NULL),
	(7090,'2021-08-25 21:51:07.000000','2021-08-25 21:51:07.000000',1,'/admin/baseComm/person','127.0.0.1','127.0.0.1:50478',NULL),
	(7091,'2021-08-25 21:51:09.000000','2021-08-25 21:51:09.000000',1,'/admin/genCodeAuth/page','127.0.0.1','127.0.0.1:50490','{\"page\":1,\"size\":20}'),
	(7092,'2021-08-25 21:51:25.000000','2021-08-25 21:51:25.000000',1,'/admin/baseComm/permmenu','127.0.0.1','127.0.0.1:50560',NULL),
	(7093,'2021-08-25 21:51:25.000000','2021-08-25 21:51:25.000000',1,'/admin/baseComm/person','127.0.0.1','127.0.0.1:50566',NULL),
	(7094,'2021-08-25 21:51:27.000000','2021-08-25 21:51:27.000000',1,'/admin/genCodeAuth/page','127.0.0.1','127.0.0.1:50572','{\"page\":1,\"size\":20}'),
	(7095,'2021-08-25 21:54:20.000000','2021-08-25 21:54:20.000000',1,'/admin/baseComm/permmenu','127.0.0.1','127.0.0.1:51308',NULL),
	(7096,'2021-08-25 21:54:20.000000','2021-08-25 21:54:20.000000',1,'/admin/baseComm/person','127.0.0.1','127.0.0.1:51315',NULL),
	(7097,'2021-08-25 21:54:22.000000','2021-08-25 21:54:22.000000',1,'/admin/genCodeAuth/page','127.0.0.1','127.0.0.1:51328','{\"page\":1,\"size\":20}'),
	(7098,'2021-08-25 21:54:41.000000','2021-08-25 21:54:41.000000',1,'/admin/baseComm/permmenu','127.0.0.1','127.0.0.1:51412',NULL),
	(7099,'2021-08-25 21:54:41.000000','2021-08-25 21:54:41.000000',1,'/admin/baseComm/person','127.0.0.1','127.0.0.1:51414',NULL),
	(7100,'2021-08-25 21:54:43.000000','2021-08-25 21:54:43.000000',1,'/admin/genCodeAuth/page','127.0.0.1','127.0.0.1:51420','{\"page\":1,\"size\":20}'),
	(7101,'2021-08-25 21:56:10.000000','2021-08-25 21:56:10.000000',1,'/admin/baseComm/permmenu','127.0.0.1','127.0.0.1:51820',NULL),
	(7102,'2021-08-25 21:56:11.000000','2021-08-25 21:56:11.000000',1,'/admin/baseComm/person','127.0.0.1','127.0.0.1:51828',NULL),
	(7103,'2021-08-25 21:56:14.000000','2021-08-25 21:56:14.000000',1,'/admin/genCodeAuth/page','127.0.0.1','127.0.0.1:51841','{\"page\":1,\"size\":20}'),
	(7104,'2021-08-25 21:56:30.000000','2021-08-25 21:56:30.000000',1,'/admin/baseComm/permmenu','127.0.0.1','127.0.0.1:51913',NULL),
	(7105,'2021-08-25 21:56:30.000000','2021-08-25 21:56:30.000000',1,'/admin/baseComm/person','127.0.0.1','127.0.0.1:51919',NULL),
	(7106,'2021-08-25 21:56:32.000000','2021-08-25 21:56:32.000000',1,'/admin/genCodeAuth/page','127.0.0.1','127.0.0.1:51926','{\"page\":1,\"size\":20}'),
	(7107,'2021-08-25 21:59:44.000000','2021-08-25 21:59:44.000000',1,'/admin/baseComm/permmenu','127.0.0.1','127.0.0.1:52737',NULL),
	(7108,'2021-08-25 21:59:45.000000','2021-08-25 21:59:45.000000',1,'/admin/baseComm/person','127.0.0.1','127.0.0.1:52744',NULL),
	(7109,'2021-08-25 21:59:47.000000','2021-08-25 21:59:47.000000',1,'/admin/genCodeAuth/page','127.0.0.1','127.0.0.1:52759','{\"page\":1,\"size\":20}'),
	(7110,'2021-08-25 22:00:03.000000','2021-08-25 22:00:03.000000',1,'/admin/baseComm/permmenu','127.0.0.1','127.0.0.1:52835',NULL),
	(7111,'2021-08-25 22:00:04.000000','2021-08-25 22:00:04.000000',1,'/admin/baseComm/person','127.0.0.1','127.0.0.1:52837',NULL),
	(7112,'2021-08-25 22:00:05.000000','2021-08-25 22:00:05.000000',1,'/admin/genCodeAuth/page','127.0.0.1','127.0.0.1:52844','{\"page\":1,\"size\":20}'),
	(7113,'2021-08-25 22:01:22.000000','2021-08-25 22:01:22.000000',1,'/admin/baseComm/permmenu','127.0.0.1','127.0.0.1:53168',NULL),
	(7114,'2021-08-25 22:01:23.000000','2021-08-25 22:01:23.000000',1,'/admin/baseComm/person','127.0.0.1','127.0.0.1:53175',NULL),
	(7115,'2021-08-25 22:01:25.000000','2021-08-25 22:01:25.000000',1,'/admin/genCodeAuth/page','127.0.0.1','127.0.0.1:53185','{\"page\":1,\"size\":20}'),
	(7116,'2021-08-25 22:01:41.000000','2021-08-25 22:01:41.000000',1,'/admin/baseComm/permmenu','127.0.0.1','127.0.0.1:53260',NULL),
	(7117,'2021-08-25 22:01:41.000000','2021-08-25 22:01:41.000000',1,'/admin/baseComm/person','127.0.0.1','127.0.0.1:53263',NULL),
	(7118,'2021-08-25 22:01:43.000000','2021-08-25 22:01:43.000000',1,'/admin/genCodeAuth/page','127.0.0.1','127.0.0.1:53273','{\"page\":1,\"size\":20}'),
	(7119,'2021-08-25 22:03:50.000000','2021-08-25 22:03:50.000000',1,'/admin/baseComm/permmenu','127.0.0.1','127.0.0.1:53802',NULL),
	(7120,'2021-08-25 22:03:51.000000','2021-08-25 22:03:51.000000',1,'/admin/baseComm/person','127.0.0.1','127.0.0.1:53805',NULL),
	(7121,'2021-08-25 22:03:52.000000','2021-08-25 22:03:52.000000',1,'/admin/genCodeAuth/page','127.0.0.1','127.0.0.1:53817','{\"page\":1,\"size\":20}'),
	(7122,'2021-08-25 22:07:12.000000','2021-08-25 22:07:12.000000',1,'/admin/baseComm/permmenu','127.0.0.1','127.0.0.1:54664',NULL),
	(7123,'2021-08-25 22:07:13.000000','2021-08-25 22:07:13.000000',1,'/admin/baseComm/person','127.0.0.1','127.0.0.1:54667',NULL),
	(7124,'2021-08-25 22:07:15.000000','2021-08-25 22:07:15.000000',1,'/admin/genCodeAuth/page','127.0.0.1','127.0.0.1:54678','{\"page\":1,\"size\":20}'),
	(7125,'2021-08-25 22:07:31.000000','2021-08-25 22:07:31.000000',1,'/admin/baseComm/permmenu','127.0.0.1','127.0.0.1:54755',NULL),
	(7126,'2021-08-25 22:07:32.000000','2021-08-25 22:07:32.000000',1,'/admin/baseComm/person','127.0.0.1','127.0.0.1:54757',NULL),
	(7127,'2021-08-25 22:07:33.000000','2021-08-25 22:07:33.000000',1,'/admin/genCodeAuth/page','127.0.0.1','127.0.0.1:54762','{\"page\":1,\"size\":20}'),
	(7128,'2021-08-25 22:08:38.000000','2021-08-25 22:08:38.000000',1,'/admin/baseComm/permmenu','127.0.0.1','127.0.0.1:55049',NULL),
	(7129,'2021-08-25 22:08:38.000000','2021-08-25 22:08:38.000000',1,'/admin/baseComm/person','127.0.0.1','127.0.0.1:55056',NULL),
	(7130,'2021-08-25 22:08:40.000000','2021-08-25 22:08:40.000000',1,'/admin/genCodeAuth/page','127.0.0.1','127.0.0.1:55063','{\"page\":1,\"size\":20}'),
	(7131,'2021-08-25 22:10:58.000000','2021-08-25 22:10:58.000000',1,'/admin/baseComm/permmenu','127.0.0.1','127.0.0.1:55667',NULL),
	(7132,'2021-08-25 22:10:58.000000','2021-08-25 22:10:58.000000',1,'/admin/baseComm/person','127.0.0.1','127.0.0.1:55674',NULL),
	(7133,'2021-08-25 22:10:59.000000','2021-08-25 22:10:59.000000',1,'/admin/genCodeAuth/page','127.0.0.1','127.0.0.1:55682','{\"page\":1,\"size\":20}'),
	(7134,'2021-08-25 22:14:15.000000','2021-08-25 22:14:15.000000',1,'/admin/baseComm/permmenu','127.0.0.1','127.0.0.1:56507',NULL),
	(7135,'2021-08-25 22:14:16.000000','2021-08-25 22:14:16.000000',1,'/admin/baseComm/person','127.0.0.1','127.0.0.1:56514',NULL),
	(7136,'2021-08-25 22:14:17.000000','2021-08-25 22:14:17.000000',1,'/admin/genCodeAuth/page','127.0.0.1','127.0.0.1:56522','{\"page\":1,\"size\":20}'),
	(7137,'2021-08-25 22:14:43.000000','2021-08-25 22:14:43.000000',1,'/admin/baseComm/permmenu','127.0.0.1','127.0.0.1:56639',NULL),
	(7138,'2021-08-25 22:14:44.000000','2021-08-25 22:14:44.000000',1,'/admin/baseComm/person','127.0.0.1','127.0.0.1:56645',NULL),
	(7139,'2021-08-25 22:14:45.000000','2021-08-25 22:14:45.000000',1,'/admin/genCodeAuth/page','127.0.0.1','127.0.0.1:56651','{\"page\":1,\"size\":20}'),
	(7140,'2021-08-25 22:15:38.000000','2021-08-25 22:15:38.000000',1,'/admin/baseComm/permmenu','127.0.0.1','127.0.0.1:56878',NULL),
	(7141,'2021-08-25 22:15:38.000000','2021-08-25 22:15:38.000000',1,'/admin/baseComm/person','127.0.0.1','127.0.0.1:56881',NULL),
	(7142,'2021-08-25 22:15:40.000000','2021-08-25 22:15:40.000000',1,'/admin/genCodeAuth/page','127.0.0.1','127.0.0.1:56892','{\"page\":1,\"size\":20}'),
	(7143,'2021-08-25 22:16:02.000000','2021-08-25 22:16:02.000000',1,'/admin/baseComm/permmenu','127.0.0.1','127.0.0.1:56982',NULL),
	(7144,'2021-08-25 22:16:02.000000','2021-08-25 22:16:02.000000',1,'/admin/baseComm/person','127.0.0.1','127.0.0.1:56988',NULL),
	(7145,'2021-08-25 22:16:03.000000','2021-08-25 22:16:03.000000',1,'/admin/genCodeAuth/page','127.0.0.1','127.0.0.1:56994','{\"page\":1,\"size\":20}'),
	(7146,'2021-08-25 22:37:17.000000','2021-08-25 22:37:17.000000',1,'/admin/baseComm/permmenu','127.0.0.1','127.0.0.1:62209',NULL),
	(7147,'2021-08-25 22:37:18.000000','2021-08-25 22:37:18.000000',1,'/admin/baseComm/person','127.0.0.1','127.0.0.1:62216',NULL),
	(7148,'2021-08-25 22:37:19.000000','2021-08-25 22:37:19.000000',1,'/admin/genCodeAuth/page','127.0.0.1','127.0.0.1:62225','{\"page\":1,\"size\":20}'),
	(7149,'2021-08-25 22:58:58.000000','2021-08-25 22:58:58.000000',1,'/admin/baseComm/permmenu','127.0.0.1','127.0.0.1:51132',NULL),
	(7150,'2021-08-25 22:58:59.000000','2021-08-25 22:58:59.000000',1,'/admin/baseComm/person','127.0.0.1','127.0.0.1:51139',NULL),
	(7151,'2021-08-25 22:59:00.000000','2021-08-25 22:59:00.000000',1,'/admin/genCodeAuth/page','127.0.0.1','127.0.0.1:51151','{\"page\":1,\"size\":20}'),
	(7152,'2021-08-25 22:59:17.000000','2021-08-25 22:59:17.000000',1,'/admin/baseComm/permmenu','127.0.0.1','127.0.0.1:51224',NULL),
	(7153,'2021-08-25 22:59:17.000000','2021-08-25 22:59:17.000000',1,'/admin/baseComm/person','127.0.0.1','127.0.0.1:51230',NULL),
	(7154,'2021-08-25 22:59:19.000000','2021-08-25 22:59:19.000000',1,'/admin/genCodeAuth/page','127.0.0.1','127.0.0.1:51235','{\"page\":1,\"size\":20}'),
	(7155,'2021-08-25 23:02:24.000000','2021-08-25 23:02:24.000000',1,'/admin/baseComm/permmenu','127.0.0.1','127.0.0.1:52031',NULL),
	(7156,'2021-08-25 23:02:25.000000','2021-08-25 23:02:25.000000',1,'/admin/baseComm/person','127.0.0.1','127.0.0.1:52038',NULL),
	(7157,'2021-08-25 23:02:27.000000','2021-08-25 23:02:27.000000',1,'/admin/genCodeAuth/page','127.0.0.1','127.0.0.1:52051','{\"page\":1,\"size\":20}'),
	(7158,'2021-08-25 23:02:47.000000','2021-08-25 23:02:47.000000',1,'/admin/baseComm/permmenu','127.0.0.1','127.0.0.1:52138',NULL),
	(7159,'2021-08-25 23:02:47.000000','2021-08-25 23:02:47.000000',1,'/admin/baseComm/person','127.0.0.1','127.0.0.1:52140',NULL),
	(7160,'2021-08-25 23:02:49.000000','2021-08-25 23:02:49.000000',1,'/admin/genCodeAuth/page','127.0.0.1','127.0.0.1:52147','{\"page\":1,\"size\":20}'),
	(7161,'2021-08-26 17:28:05.000000','2021-08-26 17:28:05.000000',1,'/admin/baseComm/person','127.0.0.1','127.0.0.1:60300',NULL),
	(7162,'2021-08-26 17:28:05.000000','2021-08-26 17:28:05.000000',1,'/admin/baseComm/permmenu','127.0.0.1','127.0.0.1:60303',NULL),
	(7163,'2021-08-26 17:28:28.000000','2021-08-26 17:28:28.000000',1,'/admin/baseSysMenu/list','127.0.0.1','127.0.0.1:60408','{}'),
	(7164,'2021-08-26 17:28:59.000000','2021-08-26 17:28:59.000000',1,'/admin/baseSysMenu/info','127.0.0.1','127.0.0.1:60539','{\"id\":\"120\"}'),
	(7165,'2021-08-26 17:28:59.000000','2021-08-26 17:28:59.000000',1,'/admin/baseSysMenu/list','127.0.0.1','127.0.0.1:60542','{}'),
	(7166,'2021-08-26 17:30:01.000000','2021-08-26 17:30:01.000000',1,'/admin/baseSysMenu/list','127.0.0.1','127.0.0.1:60808','{}'),
	(7167,'2021-08-26 17:30:34.000000','2021-08-26 17:30:34.000000',1,'/admin/baseSysMenu/add','127.0.0.1','127.0.0.1:60947','{\"type\":0,\"name\":\"核心工具\",\"isShow\":1,\"icon\":\"icon-workbench\",\"orderNum\":99}'),
	(7168,'2021-08-26 17:30:34.000000','2021-08-26 17:30:34.000000',1,'/admin/baseSysMenu/list','127.0.0.1','127.0.0.1:60956','{}'),
	(7169,'2021-08-26 17:30:48.000000','2021-08-26 17:30:48.000000',1,'/admin/baseSysMenu/info','127.0.0.1','127.0.0.1:61017','{\"id\":\"120\"}'),
	(7170,'2021-08-26 17:30:48.000000','2021-08-26 17:30:48.000000',1,'/admin/baseSysMenu/list','127.0.0.1','127.0.0.1:61016','{}'),
	(7171,'2021-08-26 17:31:09.000000','2021-08-26 17:31:09.000000',1,'/admin/baseSysMenu/update','127.0.0.1','127.0.0.1:61112','{\"type\":0,\"name\":\"代码模块区\",\"parentId\":0,\"isShow\":1,\"icon\":\"icon-dept\",\"orderNum\":99,\"id\":120,\"createTime\":\"2021-08-03 21:31:03\",\"updateTime\":\"2021-08-23 20:31:52\"}'),
	(7172,'2021-08-26 17:31:10.000000','2021-08-26 17:31:10.000000',1,'/admin/baseSysMenu/list','127.0.0.1','127.0.0.1:61116','{}'),
	(7173,'2021-08-26 17:31:12.000000','2021-08-26 17:31:12.000000',1,'/admin/baseSysMenu/list','127.0.0.1','127.0.0.1:61131','{}'),
	(7174,'2021-08-26 17:32:27.000000','2021-08-26 17:32:27.000000',1,'/admin/baseSysMenu/add','127.0.0.1','127.0.0.1:61440','{\"type\":1,\"name\":\"代码生成\",\"parentId\":131,\"router\":\"/genTable\",\"keepAlive\":true,\"isShow\":1,\"viewPath\":\"cool/modules/tools/views/genTable.vue\",\"icon\":\"icon-pending\",\"orderNum\":12}'),
	(7175,'2021-08-26 17:32:27.000000','2021-08-26 17:32:27.000000',1,'/admin/baseSysMenu/list','127.0.0.1','127.0.0.1:61449','{}'),
	(7176,'2021-08-26 17:32:36.000000','2021-08-26 17:32:36.000000',1,'/admin/baseSysMenu/list','127.0.0.1','127.0.0.1:61486','{}'),
	(7177,'2021-08-26 17:32:48.000000','2021-08-26 17:32:48.000000',1,'/admin/baseComm/permmenu','127.0.0.1','127.0.0.1:61549',NULL),
	(7178,'2021-08-26 17:32:48.000000','2021-08-26 17:32:48.000000',1,'/admin/baseComm/person','127.0.0.1','127.0.0.1:61551',NULL),
	(7179,'2021-08-26 17:32:55.000000','2021-08-26 17:32:55.000000',1,'/admin/appGoodsInfo/page','127.0.0.1','127.0.0.1:61585','{\"page\":1,\"size\":20}'),
	(7180,'2021-08-26 17:37:33.000000','2021-08-26 17:37:33.000000',1,'/admin/baseComm/permmenu','127.0.0.1','127.0.0.1:62856',NULL),
	(7181,'2021-08-26 17:37:33.000000','2021-08-26 17:37:33.000000',1,'/admin/baseComm/person','127.0.0.1','127.0.0.1:62863',NULL),
	(7182,'2021-08-26 17:37:35.000000','2021-08-26 17:37:35.000000',1,'/admin/appGoodsInfo/page','127.0.0.1','127.0.0.1:62871','{\"page\":1,\"size\":20}'),
	(7183,'2021-08-26 17:40:54.000000','2021-08-26 17:40:54.000000',1,'/admin/baseComm/permmenu','127.0.0.1','127.0.0.1:63768',NULL),
	(7184,'2021-08-26 17:40:54.000000','2021-08-26 17:40:54.000000',1,'/admin/baseComm/person','127.0.0.1','127.0.0.1:63771',NULL),
	(7185,'2021-08-26 17:45:09.000000','2021-08-26 17:45:09.000000',1,'/admin/baseComm/permmenu','127.0.0.1','127.0.0.1:64881',NULL),
	(7186,'2021-08-26 17:45:09.000000','2021-08-26 17:45:09.000000',1,'/admin/baseComm/person','127.0.0.1','127.0.0.1:64884',NULL),
	(7187,'2021-08-26 17:45:41.000000','2021-08-26 17:45:41.000000',1,'/admin/baseComm/permmenu','127.0.0.1','127.0.0.1:65037',NULL),
	(7188,'2021-08-26 17:45:41.000000','2021-08-26 17:45:41.000000',1,'/admin/baseComm/person','127.0.0.1','127.0.0.1:65044',NULL),
	(7189,'2021-08-26 17:48:51.000000','2021-08-26 17:48:51.000000',1,'/admin/baseComm/permmenu','127.0.0.1','127.0.0.1:49487',NULL),
	(7190,'2021-08-26 17:48:51.000000','2021-08-26 17:48:51.000000',1,'/admin/baseComm/person','127.0.0.1','127.0.0.1:49490',NULL),
	(7191,'2021-08-26 17:51:43.000000','2021-08-26 17:51:43.000000',1,'/admin/baseComm/permmenu','127.0.0.1','127.0.0.1:50213',NULL),
	(7192,'2021-08-26 17:51:44.000000','2021-08-26 17:51:44.000000',1,'/admin/baseComm/person','127.0.0.1','127.0.0.1:50216',NULL),
	(7193,'2021-08-26 17:53:25.000000','2021-08-26 17:53:25.000000',1,'/admin/baseComm/permmenu','127.0.0.1','127.0.0.1:50652',NULL),
	(7194,'2021-08-26 17:53:26.000000','2021-08-26 17:53:26.000000',1,'/admin/baseComm/person','127.0.0.1','127.0.0.1:50655',NULL),
	(7195,'2021-08-26 17:57:38.000000','2021-08-26 17:57:38.000000',1,'/admin/baseComm/permmenu','127.0.0.1','127.0.0.1:51719',NULL),
	(7196,'2021-08-26 17:57:38.000000','2021-08-26 17:57:38.000000',1,'/admin/baseComm/person','127.0.0.1','127.0.0.1:51726',NULL),
	(7197,'2021-08-26 17:59:09.000000','2021-08-26 17:59:09.000000',1,'/admin/baseComm/permmenu','127.0.0.1','127.0.0.1:52145',NULL),
	(7198,'2021-08-26 17:59:09.000000','2021-08-26 17:59:09.000000',1,'/admin/baseComm/person','127.0.0.1','127.0.0.1:52148',NULL),
	(7199,'2021-08-26 20:47:58.000000','2021-08-26 20:47:58.000000',1,'/admin/baseComm/permmenu','127.0.0.1','127.0.0.1:60560',NULL),
	(7200,'2021-08-26 20:47:58.000000','2021-08-26 20:47:58.000000',1,'/admin/baseComm/person','127.0.0.1','127.0.0.1:60563',NULL),
	(7201,'2021-08-26 21:06:21.000000','2021-08-26 21:06:21.000000',1,'/admin/baseComm/permmenu','127.0.0.1','127.0.0.1:65453',NULL),
	(7202,'2021-08-26 21:06:21.000000','2021-08-26 21:06:21.000000',1,'/admin/baseComm/person','127.0.0.1','127.0.0.1:65456',NULL),
	(7203,'2021-08-26 21:08:25.000000','2021-08-26 21:08:25.000000',1,'/admin/baseComm/permmenu','127.0.0.1','127.0.0.1:49592',NULL),
	(7204,'2021-08-26 21:08:26.000000','2021-08-26 21:08:26.000000',1,'/admin/baseComm/person','127.0.0.1','127.0.0.1:49599',NULL),
	(7205,'2021-08-26 21:09:37.000000','2021-08-26 21:09:37.000000',1,'/admin/baseComm/permmenu','127.0.0.1','127.0.0.1:49923',NULL),
	(7206,'2021-08-26 21:09:37.000000','2021-08-26 21:09:37.000000',1,'/admin/baseComm/person','127.0.0.1','127.0.0.1:49926',NULL),
	(7207,'2021-08-26 21:11:52.000000','2021-08-26 21:11:52.000000',1,'/admin/baseComm/permmenu','127.0.0.1','127.0.0.1:50511',NULL),
	(7208,'2021-08-26 21:11:52.000000','2021-08-26 21:11:52.000000',1,'/admin/baseComm/person','127.0.0.1','127.0.0.1:50518',NULL),
	(7209,'2021-08-26 21:13:30.000000','2021-08-26 21:13:30.000000',1,'/admin/baseComm/permmenu','127.0.0.1','127.0.0.1:50968',NULL),
	(7210,'2021-08-26 21:13:31.000000','2021-08-26 21:13:31.000000',1,'/admin/baseComm/person','127.0.0.1','127.0.0.1:50975',NULL),
	(7211,'2021-08-26 21:15:42.000000','2021-08-26 21:15:42.000000',1,'/admin/baseComm/permmenu','127.0.0.1','127.0.0.1:51535',NULL),
	(7212,'2021-08-26 21:15:43.000000','2021-08-26 21:15:43.000000',1,'/admin/baseComm/person','127.0.0.1','127.0.0.1:51542',NULL),
	(7213,'2021-08-26 21:16:07.000000','2021-08-26 21:16:07.000000',1,'/admin/baseComm/permmenu','127.0.0.1','127.0.0.1:51662',NULL),
	(7214,'2021-08-26 21:16:08.000000','2021-08-26 21:16:08.000000',1,'/admin/baseComm/person','127.0.0.1','127.0.0.1:51664',NULL),
	(7215,'2021-08-26 21:21:18.000000','2021-08-26 21:21:18.000000',1,'/admin/baseComm/permmenu','127.0.0.1','127.0.0.1:53016',NULL),
	(7216,'2021-08-26 21:21:19.000000','2021-08-26 21:21:19.000000',1,'/admin/baseComm/person','127.0.0.1','127.0.0.1:53025',NULL),
	(7217,'2021-08-26 21:22:01.000000','2021-08-26 21:22:01.000000',1,'/admin/baseComm/permmenu','127.0.0.1','127.0.0.1:53226',NULL),
	(7218,'2021-08-26 21:22:01.000000','2021-08-26 21:22:01.000000',1,'/admin/baseComm/person','127.0.0.1','127.0.0.1:53229',NULL),
	(7219,'2021-08-26 21:24:07.000000','2021-08-26 21:24:07.000000',1,'/admin/baseComm/permmenu','127.0.0.1','127.0.0.1:53782',NULL),
	(7220,'2021-08-26 21:24:07.000000','2021-08-26 21:24:07.000000',1,'/admin/baseComm/person','127.0.0.1','127.0.0.1:53785',NULL),
	(7221,'2021-08-26 21:24:23.000000','2021-08-26 21:24:23.000000',1,'/admin/baseComm/permmenu','127.0.0.1','127.0.0.1:53869',NULL),
	(7222,'2021-08-26 21:24:23.000000','2021-08-26 21:24:23.000000',1,'/admin/baseComm/person','127.0.0.1','127.0.0.1:53871',NULL),
	(7223,'2021-08-26 22:44:49.000000','2021-08-26 22:44:49.000000',1,'/admin/baseComm/permmenu','127.0.0.1','127.0.0.1:57366',NULL),
	(7224,'2021-08-26 22:44:50.000000','2021-08-26 22:44:50.000000',1,'/admin/baseComm/person','127.0.0.1','127.0.0.1:57373',NULL),
	(7225,'2021-08-26 22:45:47.000000','2021-08-26 22:45:47.000000',1,'/admin/baseComm/permmenu','127.0.0.1','127.0.0.1:57636',NULL),
	(7226,'2021-08-26 22:45:47.000000','2021-08-26 22:45:47.000000',1,'/admin/baseComm/person','127.0.0.1','127.0.0.1:57642',NULL),
	(7227,'2021-08-26 22:45:48.000000','2021-08-26 22:45:48.000000',1,'/admin/genCodeLog/page','127.0.0.1','127.0.0.1:57648','{\"page\":1,\"size\":20}'),
	(7228,'2021-08-26 22:45:59.000000','2021-08-26 22:45:59.000000',1,'/admin/genCodeLog/add','127.0.0.1','127.0.0.1:57693','{\"title\":\"21\",\"description\":\"21\",\"tables\":\"12\",\"params\":\"12\",\"res\":\"12\"}'),
	(7229,'2021-08-26 22:45:59.000000','2021-08-26 22:45:59.000000',1,'/admin/genCodeLog/page','127.0.0.1','127.0.0.1:57702','{\"page\":1,\"size\":20}'),
	(7230,'2021-08-26 22:46:11.000000','2021-08-26 22:46:11.000000',1,'/admin/baseSysMenu/list','127.0.0.1','127.0.0.1:57755','{}'),
	(7231,'2021-08-26 22:46:18.000000','2021-08-26 22:46:18.000000',1,'/admin/baseSysMenu/info','127.0.0.1','127.0.0.1:57788','{\"id\":\"133\"}'),
	(7232,'2021-08-26 22:46:18.000000','2021-08-26 22:46:18.000000',1,'/admin/baseSysMenu/list','127.0.0.1','127.0.0.1:57791','{}'),
	(7233,'2021-08-26 22:46:41.000000','2021-08-26 22:46:41.000000',1,'/admin/baseSysMenu/update','127.0.0.1','127.0.0.1:57889','{\"type\":1,\"name\":\"代码生成工具\",\"parentId\":131,\"router\":\"/genCodeLog\",\"keepAlive\":1,\"isShow\":1,\"viewPath\":\"cool/modules/genCode/views/genCodeLog.vue\",\"icon\":\"icon-app\",\"orderNum\":99,\"id\":133,\"createTime\":\"2021-08-26 14:43:54\",\"updateTime\":\"2021-08-26 14:43:54\"}'),
	(7234,'2021-08-26 22:46:42.000000','2021-08-26 22:46:42.000000',1,'/admin/baseSysMenu/list','127.0.0.1','127.0.0.1:57894','{}'),
	(7235,'2021-08-26 22:46:51.000000','2021-08-26 22:46:51.000000',1,'/admin/baseSysMenu/delete','127.0.0.1','127.0.0.1:57936','{\"ids\":[132]}'),
	(7236,'2021-08-26 22:46:51.000000','2021-08-26 22:46:51.000000',1,'/admin/baseSysMenu/list','127.0.0.1','127.0.0.1:57940','{}'),
	(7237,'2021-08-26 22:46:54.000000','2021-08-26 22:46:54.000000',1,'/admin/baseSysMenu/list','127.0.0.1','127.0.0.1:57957','{}'),
	(7238,'2021-08-26 22:46:54.000000','2021-08-26 22:46:54.000000',1,'/admin/baseSysMenu/info','127.0.0.1','127.0.0.1:57960','{\"id\":\"133\"}'),
	(7239,'2021-08-26 22:47:06.000000','2021-08-26 22:47:06.000000',1,'/admin/baseComm/permmenu','127.0.0.1','127.0.0.1:58025',NULL),
	(7240,'2021-08-26 22:47:07.000000','2021-08-26 22:47:07.000000',1,'/admin/baseComm/person','127.0.0.1','127.0.0.1:58031',NULL),
	(7241,'2021-08-26 22:47:07.000000','2021-08-26 22:47:07.000000',1,'/admin/baseSysMenu/list','127.0.0.1','127.0.0.1:58037','{}'),
	(7242,'2021-08-26 22:47:18.000000','2021-08-26 22:47:18.000000',1,'/admin/genCodeLog/page','127.0.0.1','127.0.0.1:58083','{\"page\":1,\"size\":20}'),
	(7243,'2021-08-27 11:21:02.000000','2021-08-27 11:21:02.000000',1,'/admin/baseComm/permmenu','127.0.0.1','127.0.0.1:61259',NULL),
	(7244,'2021-08-27 11:21:03.000000','2021-08-27 11:21:03.000000',1,'/admin/baseComm/person','127.0.0.1','127.0.0.1:61261',NULL),
	(7245,'2021-08-27 11:21:34.000000','2021-08-27 11:21:34.000000',1,'/admin/baseSysUser/page','127.0.0.1','127.0.0.1:61385','{\"page\":1,\"size\":20,\"sort\":\"desc\",\"order\":\"createTime\"}'),
	(7246,'2021-08-27 11:21:34.000000','2021-08-27 11:21:34.000000',1,'/admin/baseSysDepartment/list','127.0.0.1','127.0.0.1:61381','{}'),
	(7247,'2021-08-27 11:21:36.000000','2021-08-27 11:21:36.000000',1,'/admin/baseSysMenu/list','127.0.0.1','127.0.0.1:61404','{}'),
	(7248,'2021-08-27 11:22:05.000000','2021-08-27 11:22:05.000000',1,'/admin/genCodeLog/page','127.0.0.1','127.0.0.1:61522','{\"page\":1,\"size\":20}'),
	(7249,'2021-08-27 11:28:08.000000','2021-08-27 11:28:08.000000',1,'/admin/baseComm/permmenu','127.0.0.1','127.0.0.1:63109',NULL),
	(7250,'2021-08-27 11:28:09.000000','2021-08-27 11:28:09.000000',1,'/admin/baseComm/person','127.0.0.1','127.0.0.1:63116',NULL),
	(7251,'2021-08-27 11:28:10.000000','2021-08-27 11:28:10.000000',1,'/admin/genCodeLog/page','127.0.0.1','127.0.0.1:63123','{\"page\":1,\"size\":20}'),
	(7252,'2021-08-27 11:28:17.000000','2021-08-27 11:28:17.000000',1,'/admin/baseComm/permmenu','127.0.0.1','127.0.0.1:63164',NULL),
	(7253,'2021-08-27 11:28:18.000000','2021-08-27 11:28:18.000000',1,'/admin/baseComm/person','127.0.0.1','127.0.0.1:63170',NULL),
	(7254,'2021-08-27 11:28:19.000000','2021-08-27 11:28:19.000000',1,'/admin/genCodeLog/page','127.0.0.1','127.0.0.1:63175','{\"page\":1,\"size\":20}'),
	(7255,'2021-08-27 11:28:31.000000','2021-08-27 11:28:31.000000',1,'/admin/baseComm/permmenu','127.0.0.1','127.0.0.1:63233',NULL),
	(7256,'2021-08-27 11:28:31.000000','2021-08-27 11:28:31.000000',1,'/admin/baseComm/person','127.0.0.1','127.0.0.1:63240',NULL),
	(7257,'2021-08-27 11:28:32.000000','2021-08-27 11:28:32.000000',1,'/admin/genCodeLog/page','127.0.0.1','127.0.0.1:63241','{\"page\":1,\"size\":20}'),
	(7258,'2021-08-27 11:29:05.000000','2021-08-27 11:29:05.000000',1,'/admin/baseComm/permmenu','127.0.0.1','127.0.0.1:63401',NULL),
	(7259,'2021-08-27 11:29:06.000000','2021-08-27 11:29:06.000000',1,'/admin/baseComm/person','127.0.0.1','127.0.0.1:63404',NULL),
	(7260,'2021-08-27 11:29:07.000000','2021-08-27 11:29:07.000000',1,'/admin/genCodeLog/page','127.0.0.1','127.0.0.1:63409','{\"page\":1,\"size\":20}'),
	(7261,'2021-08-27 11:30:09.000000','2021-08-27 11:30:09.000000',1,'/admin/baseComm/permmenu','127.0.0.1','127.0.0.1:63682',NULL),
	(7262,'2021-08-27 11:30:09.000000','2021-08-27 11:30:09.000000',1,'/admin/baseComm/person','127.0.0.1','127.0.0.1:63685',NULL),
	(7263,'2021-08-27 11:30:10.000000','2021-08-27 11:30:10.000000',1,'/admin/genCodeLog/page','127.0.0.1','127.0.0.1:63691','{\"page\":1,\"size\":20}'),
	(7264,'2021-08-27 11:31:28.000000','2021-08-27 11:31:28.000000',1,'/admin/baseComm/permmenu','127.0.0.1','127.0.0.1:64035',NULL),
	(7265,'2021-08-27 11:31:30.000000','2021-08-27 11:31:30.000000',1,'/admin/baseComm/person','127.0.0.1','127.0.0.1:64042',NULL),
	(7266,'2021-08-27 11:31:31.000000','2021-08-27 11:31:31.000000',1,'/admin/genCodeLog/page','127.0.0.1','127.0.0.1:64057','{\"page\":1,\"size\":20}'),
	(7267,'2021-08-27 11:31:53.000000','2021-08-27 11:31:53.000000',1,'/admin/baseComm/permmenu','127.0.0.1','127.0.0.1:64168',NULL),
	(7268,'2021-08-27 11:31:54.000000','2021-08-27 11:31:54.000000',1,'/admin/baseComm/person','127.0.0.1','127.0.0.1:64175',NULL),
	(7269,'2021-08-27 11:31:54.000000','2021-08-27 11:31:54.000000',1,'/admin/genCodeLog/page','127.0.0.1','127.0.0.1:64182','{\"page\":1,\"size\":20}'),
	(7270,'2021-08-27 11:37:27.000000','2021-08-27 11:37:27.000000',1,'/admin/baseComm/permmenu','127.0.0.1','127.0.0.1:49264',NULL),
	(7271,'2021-08-27 11:37:28.000000','2021-08-27 11:37:28.000000',1,'/admin/baseComm/person','127.0.0.1','127.0.0.1:49267',NULL),
	(7272,'2021-08-27 11:37:28.000000','2021-08-27 11:37:28.000000',1,'/admin/genCodeLog/page','127.0.0.1','127.0.0.1:49274','{\"page\":1,\"size\":20}'),
	(7273,'2021-08-27 11:38:07.000000','2021-08-27 11:38:07.000000',1,'/admin/baseComm/permmenu','127.0.0.1','127.0.0.1:49452',NULL),
	(7274,'2021-08-27 11:38:07.000000','2021-08-27 11:38:07.000000',1,'/admin/baseComm/person','127.0.0.1','127.0.0.1:49455',NULL),
	(7275,'2021-08-27 11:38:08.000000','2021-08-27 11:38:08.000000',1,'/admin/genCodeLog/page','127.0.0.1','127.0.0.1:49460','{\"page\":1,\"size\":20}'),
	(7276,'2021-08-27 12:35:17.000000','2021-08-27 12:35:17.000000',1,'/admin/baseComm/permmenu','127.0.0.1','127.0.0.1:63603',NULL),
	(7277,'2021-08-27 12:35:18.000000','2021-08-27 12:35:18.000000',1,'/admin/baseComm/person','127.0.0.1','127.0.0.1:63612',NULL),
	(7278,'2021-08-27 12:35:19.000000','2021-08-27 12:35:19.000000',1,'/admin/genCodeLog/page','127.0.0.1','127.0.0.1:63621','{\"page\":1,\"size\":20}'),
	(7279,'2021-08-27 12:35:26.000000','2021-08-27 12:35:26.000000',1,'/admin/baseSysMenu/list','127.0.0.1','127.0.0.1:63657','{}'),
	(7280,'2021-08-27 12:35:34.000000','2021-08-27 12:35:34.000000',1,'/admin/baseSysMenu/list','127.0.0.1','127.0.0.1:63696','{}'),
	(7281,'2021-08-27 12:35:34.000000','2021-08-27 12:35:34.000000',1,'/admin/baseSysMenu/info','127.0.0.1','127.0.0.1:63697','{\"id\":\"135\"}'),
	(7282,'2021-08-27 12:35:45.000000','2021-08-27 12:35:45.000000',1,'/admin/baseSysMenu/update','127.0.0.1','127.0.0.1:63759','{\"type\":1,\"name\":\"代码生成日志\",\"parentId\":131,\"router\":\"/genCodeLog\",\"keepAlive\":1,\"isShow\":1,\"viewPath\":\"cool/modules/genCode/views/genCodeLog.vue\",\"icon\":\"icon-app\",\"orderNum\":99,\"id\":135,\"createTime\":\"2021-08-27 03:31:14\",\"updateTime\":\"2021-08-27 03:31:14\"}'),
	(7283,'2021-08-27 12:35:45.000000','2021-08-27 12:35:45.000000',1,'/admin/baseSysMenu/list','127.0.0.1','127.0.0.1:63767','{}'),
	(7284,'2021-08-27 12:35:58.000000','2021-08-27 12:35:58.000000',1,'/admin/genCodeLog/page','127.0.0.1','127.0.0.1:63821','{\"page\":1,\"size\":20}'),
	(7285,'2021-08-27 12:36:04.000000','2021-08-27 12:36:04.000000',1,'/admin/baseComm/permmenu','127.0.0.1','127.0.0.1:63862',NULL),
	(7286,'2021-08-27 12:36:04.000000','2021-08-27 12:36:04.000000',1,'/admin/baseComm/person','127.0.0.1','127.0.0.1:63864',NULL),
	(7287,'2021-08-27 12:36:05.000000','2021-08-27 12:36:05.000000',1,'/admin/genCodeLog/page','127.0.0.1','127.0.0.1:63869','{\"page\":1,\"size\":20}'),
	(7288,'2021-08-27 12:37:42.000000','2021-08-27 12:37:42.000000',1,'/admin/baseComm/permmenu','127.0.0.1','127.0.0.1:64284',NULL),
	(7289,'2021-08-27 12:37:43.000000','2021-08-27 12:37:43.000000',1,'/admin/baseComm/person','127.0.0.1','127.0.0.1:64290',NULL),
	(7290,'2021-08-27 12:37:45.000000','2021-08-27 12:37:45.000000',1,'/admin/genCodeLog/page','127.0.0.1','127.0.0.1:64297','{\"page\":1,\"size\":20}'),
	(7291,'2021-08-27 12:38:08.000000','2021-08-27 12:38:08.000000',1,'/admin/genCodeLog/page','127.0.0.1','127.0.0.1:64408','{\"page\":1,\"size\":20}'),
	(7292,'2021-08-27 12:38:20.000000','2021-08-27 12:38:20.000000',1,'/admin/baseSysMenu/list','127.0.0.1','127.0.0.1:64464','{}'),
	(7293,'2021-08-27 12:38:28.000000','2021-08-27 12:38:28.000000',1,'/admin/baseSysMenu/delete','127.0.0.1','127.0.0.1:64498','{\"ids\":[135]}'),
	(7294,'2021-08-27 12:38:28.000000','2021-08-27 12:38:28.000000',1,'/admin/baseSysMenu/list','127.0.0.1','127.0.0.1:64505','{}'),
	(7295,'2021-08-27 12:38:43.000000','2021-08-27 12:38:43.000000',1,'/admin/baseComm/permmenu','127.0.0.1','127.0.0.1:64578',NULL),
	(7296,'2021-08-27 12:38:43.000000','2021-08-27 12:38:43.000000',1,'/admin/baseComm/person','127.0.0.1','127.0.0.1:64584',NULL),
	(7297,'2021-08-27 12:38:44.000000','2021-08-27 12:38:44.000000',1,'/admin/baseSysMenu/list','127.0.0.1','127.0.0.1:64585','{}'),
	(7298,'2021-08-27 12:39:10.000000','2021-08-27 12:39:10.000000',1,'/admin/baseSysMenu/delete','127.0.0.1','127.0.0.1:64699','{\"ids\":[136]}'),
	(7299,'2021-08-27 12:39:10.000000','2021-08-27 12:39:10.000000',1,'/admin/baseSysMenu/list','127.0.0.1','127.0.0.1:64703','{}'),
	(7300,'2021-08-27 12:39:22.000000','2021-08-27 12:39:22.000000',1,'/admin/baseSysMenu/list','127.0.0.1','127.0.0.1:64765','{}'),
	(7301,'2021-08-27 12:39:53.000000','2021-08-27 12:39:53.000000',1,'/admin/baseSysMenu/list','127.0.0.1','127.0.0.1:64897','{}'),
	(7302,'2021-08-27 12:39:53.000000','2021-08-27 12:39:53.000000',1,'/admin/baseSysMenu/info','127.0.0.1','127.0.0.1:64900','{\"id\":\"137\"}'),
	(7303,'2021-08-27 12:40:06.000000','2021-08-27 12:40:06.000000',1,'/admin/baseSysMenu/update','127.0.0.1','127.0.0.1:64959','{\"type\":1,\"name\":\"代码生成配置\",\"parentId\":131,\"router\":\"/genCodeConfig\",\"keepAlive\":1,\"isShow\":1,\"viewPath\":\"cool/modules/genCode/views/genCodeConfig.vue\",\"icon\":\"icon-app\",\"orderNum\":99,\"id\":137,\"createTime\":\"2021-08-27 04:37:33\",\"updateTime\":\"2021-08-27 04:37:33\"}'),
	(7304,'2021-08-27 12:40:06.000000','2021-08-27 12:40:06.000000',1,'/admin/baseSysMenu/list','127.0.0.1','127.0.0.1:64967','{}'),
	(7305,'2021-08-27 12:40:13.000000','2021-08-27 12:40:13.000000',1,'/admin/baseComm/permmenu','127.0.0.1','127.0.0.1:65006',NULL),
	(7306,'2021-08-27 12:40:13.000000','2021-08-27 12:40:13.000000',1,'/admin/baseComm/person','127.0.0.1','127.0.0.1:65011',NULL),
	(7307,'2021-08-27 12:40:14.000000','2021-08-27 12:40:14.000000',1,'/admin/baseSysMenu/list','127.0.0.1','127.0.0.1:65013','{}'),
	(7308,'2021-08-27 12:40:19.000000','2021-08-27 12:40:19.000000',1,'/admin/genCodeConfig/page','127.0.0.1','127.0.0.1:65035','{\"page\":1,\"size\":20}'),
	(7309,'2021-08-27 12:40:56.000000','2021-08-27 12:40:56.000000',1,'/admin/genCodeLog/page','127.0.0.1','127.0.0.1:65187','{\"page\":1,\"size\":20}'),
	(7310,'2021-08-27 12:59:48.000000','2021-08-27 12:59:48.000000',1,'/admin/baseComm/permmenu','127.0.0.1','127.0.0.1:53539',NULL),
	(7311,'2021-08-27 12:59:49.000000','2021-08-27 12:59:49.000000',1,'/admin/baseComm/person','127.0.0.1','127.0.0.1:53541',NULL),
	(7312,'2021-08-27 12:59:50.000000','2021-08-27 12:59:50.000000',1,'/admin/genCodeLog/page','127.0.0.1','127.0.0.1:53547','{\"page\":1,\"size\":20}'),
	(7313,'2021-08-27 13:01:19.000000','2021-08-27 13:01:19.000000',1,'/admin/baseSysMenu/list','127.0.0.1','127.0.0.1:53920','{}'),
	(7314,'2021-08-27 13:01:40.000000','2021-08-27 13:01:40.000000',1,'/admin/genCodeConfig/page','127.0.0.1','127.0.0.1:54015','{\"page\":1,\"size\":20}'),
	(7315,'2021-08-27 13:13:43.000000','2021-08-27 13:13:43.000000',1,'/admin/baseSysMenu/list','127.0.0.1','127.0.0.1:56986','{}'),
	(7316,'2021-08-27 13:13:43.000000','2021-08-27 13:13:43.000000',1,'/admin/baseSysMenu/info','127.0.0.1','127.0.0.1:56990','{\"id\":\"137\"}'),
	(7317,'2021-08-27 13:13:45.000000','2021-08-27 13:13:45.000000',1,'/admin/baseSysMenu/update','127.0.0.1','127.0.0.1:57007','{\"type\":1,\"name\":\"代码生成配置\",\"parentId\":131,\"router\":\"/genCodeConfig\",\"keepAlive\":1,\"isShow\":0,\"viewPath\":\"cool/modules/genCode/views/genCodeConfig.vue\",\"icon\":\"icon-app\",\"orderNum\":99,\"id\":137,\"createTime\":\"2021-08-27 04:37:33\",\"updateTime\":\"2021-08-27 12:40:06\"}'),
	(7318,'2021-08-27 13:13:46.000000','2021-08-27 13:13:46.000000',1,'/admin/baseSysMenu/list','127.0.0.1','127.0.0.1:57014','{}'),
	(7319,'2021-08-27 13:13:53.000000','2021-08-27 13:13:53.000000',1,'/admin/baseComm/permmenu','127.0.0.1','127.0.0.1:57063',NULL),
	(7320,'2021-08-27 13:13:54.000000','2021-08-27 13:13:54.000000',1,'/admin/baseComm/person','127.0.0.1','127.0.0.1:57064',NULL),
	(7321,'2021-08-27 13:13:54.000000','2021-08-27 13:13:54.000000',1,'/admin/baseSysMenu/list','127.0.0.1','127.0.0.1:57068','{}'),
	(7322,'2021-08-27 13:14:12.000000','2021-08-27 13:14:12.000000',1,'/admin/baseSysMenu/info','127.0.0.1','127.0.0.1:57147','{\"id\":\"137\"}'),
	(7323,'2021-08-27 13:14:12.000000','2021-08-27 13:14:12.000000',1,'/admin/baseSysMenu/list','127.0.0.1','127.0.0.1:57151','{}'),
	(7324,'2021-08-27 13:14:17.000000','2021-08-27 13:14:17.000000',1,'/admin/baseSysMenu/update','127.0.0.1','127.0.0.1:57176','{\"type\":1,\"name\":\"代码生成配置\",\"parentId\":131,\"router\":\"/genCodeConfig\",\"keepAlive\":true,\"isShow\":0,\"viewPath\":\"cool/modules/genCode/views/genCodeConfig.vue\",\"icon\":\"icon-app\",\"orderNum\":99,\"id\":137,\"createTime\":\"2021-08-27 04:37:33\",\"updateTime\":\"2021-08-27 13:13:45\"}'),
	(7325,'2021-08-27 13:14:18.000000','2021-08-27 13:14:18.000000',1,'/admin/baseSysMenu/list','127.0.0.1','127.0.0.1:57184','{}'),
	(7326,'2021-08-27 13:14:28.000000','2021-08-27 13:14:28.000000',1,'/admin/baseComm/permmenu','127.0.0.1','127.0.0.1:57242',NULL),
	(7327,'2021-08-27 13:14:28.000000','2021-08-27 13:14:28.000000',1,'/admin/baseComm/person','127.0.0.1','127.0.0.1:57244',NULL),
	(7328,'2021-08-27 13:14:29.000000','2021-08-27 13:14:29.000000',1,'/admin/baseSysMenu/list','127.0.0.1','127.0.0.1:57249','{}'),
	(7329,'2021-08-27 13:16:46.000000','2021-08-27 13:16:46.000000',1,'/admin/baseComm/permmenu','127.0.0.1','127.0.0.1:57825',NULL),
	(7330,'2021-08-27 13:16:46.000000','2021-08-27 13:16:46.000000',1,'/admin/baseComm/person','127.0.0.1','127.0.0.1:57827',NULL),
	(7331,'2021-08-27 13:16:47.000000','2021-08-27 13:16:47.000000',1,'/admin/baseSysMenu/list','127.0.0.1','127.0.0.1:57830','{}'),
	(7332,'2021-08-27 13:16:56.000000','2021-08-27 13:16:56.000000',1,'/admin/baseSysMenu/list','127.0.0.1','127.0.0.1:57873','{}'),
	(7333,'2021-08-27 13:16:56.000000','2021-08-27 13:16:56.000000',1,'/admin/baseSysMenu/info','127.0.0.1','127.0.0.1:57876','{\"id\":\"137\"}'),
	(7334,'2021-08-27 13:17:02.000000','2021-08-27 13:17:02.000000',1,'/admin/baseSysMenu/update','127.0.0.1','127.0.0.1:57902','{\"type\":1,\"name\":\"代码生成配置\",\"parentId\":131,\"router\":\"/genCodeConfig\",\"keepAlive\":1,\"isShow\":0,\"viewPath\":\"cool/modules/genCode/views/genCodeConfig.vue\",\"icon\":\"icon-app\",\"orderNum\":99,\"id\":137,\"createTime\":\"2021-08-27 04:37:33\",\"updateTime\":\"2021-08-27 13:14:17\"}'),
	(7335,'2021-08-27 13:17:02.000000','2021-08-27 13:17:02.000000',1,'/admin/baseSysMenu/list','127.0.0.1','127.0.0.1:57909','{}'),
	(7336,'2021-08-27 13:17:09.000000','2021-08-27 13:17:09.000000',1,'/admin/baseSysMenu/info','127.0.0.1','127.0.0.1:57939','{\"id\":\"137\"}'),
	(7337,'2021-08-27 13:17:09.000000','2021-08-27 13:17:09.000000',1,'/admin/baseSysMenu/list','127.0.0.1','127.0.0.1:57940','{}'),
	(7338,'2021-08-27 13:18:01.000000','2021-08-27 13:18:01.000000',1,'/admin/baseComm/permmenu','127.0.0.1','127.0.0.1:58175',NULL),
	(7339,'2021-08-27 13:18:02.000000','2021-08-27 13:18:02.000000',1,'/admin/baseComm/person','127.0.0.1','127.0.0.1:58182',NULL),
	(7340,'2021-08-27 13:18:02.000000','2021-08-27 13:18:02.000000',1,'/admin/baseSysMenu/list','127.0.0.1','127.0.0.1:58184','{}'),
	(7341,'2021-08-27 13:18:09.000000','2021-08-27 13:18:09.000000',1,'/admin/baseSysMenu/info','127.0.0.1','127.0.0.1:58220','{\"id\":\"137\"}'),
	(7342,'2021-08-27 13:18:09.000000','2021-08-27 13:18:09.000000',1,'/admin/baseSysMenu/list','127.0.0.1','127.0.0.1:58221','{}'),
	(7343,'2021-08-27 13:18:12.000000','2021-08-27 13:18:12.000000',1,'/admin/baseSysMenu/update','127.0.0.1','127.0.0.1:58234','{\"type\":1,\"name\":\"代码生成配置\",\"parentId\":131,\"router\":\"/genCodeConfig\",\"keepAlive\":0,\"isShow\":0,\"viewPath\":\"cool/modules/genCode/views/genCodeConfig.vue\",\"icon\":\"icon-app\",\"orderNum\":99,\"id\":137,\"createTime\":\"2021-08-27 04:37:33\",\"updateTime\":\"2021-08-27 13:17:02\"}'),
	(7344,'2021-08-27 13:18:13.000000','2021-08-27 13:18:13.000000',1,'/admin/baseSysMenu/list','127.0.0.1','127.0.0.1:58241','{}'),
	(7345,'2021-08-27 13:18:14.000000','2021-08-27 13:18:14.000000',1,'/admin/baseSysMenu/list','127.0.0.1','127.0.0.1:58252','{}'),
	(7346,'2021-08-27 13:18:14.000000','2021-08-27 13:18:14.000000',1,'/admin/baseSysMenu/info','127.0.0.1','127.0.0.1:58251','{\"id\":\"137\"}'),
	(7347,'2021-08-27 13:18:19.000000','2021-08-27 13:18:19.000000',1,'/admin/baseSysMenu/update','127.0.0.1','127.0.0.1:58275','{\"isShow\":0,\"type\":1,\"name\":\"代码生成配置\",\"parentId\":131,\"router\":\"/genCodeConfig\",\"keepAlive\":1,\"viewPath\":\"cool/modules/genCode/views/genCodeConfig.vue\",\"icon\":\"icon-app\",\"orderNum\":99,\"id\":137,\"createTime\":\"2021-08-27 04:37:33\",\"updateTime\":\"2021-08-27 13:18:12\"}'),
	(7348,'2021-08-27 13:18:19.000000','2021-08-27 13:18:19.000000',1,'/admin/baseSysMenu/list','127.0.0.1','127.0.0.1:58278','{}'),
	(7349,'2021-08-27 13:25:36.000000','2021-08-27 13:25:36.000000',1,'/admin/genCodeLog/page','127.0.0.1','127.0.0.1:60163','{\"page\":1,\"size\":20}'),
	(7350,'2021-08-27 13:40:23.000000','2021-08-27 13:40:23.000000',1,'/admin/baseSysMenu/list','127.0.0.1','127.0.0.1:63971','{}'),
	(7351,'2021-08-27 13:40:23.000000','2021-08-27 13:40:23.000000',1,'/admin/baseSysMenu/info','127.0.0.1','127.0.0.1:63974','{\"id\":\"137\"}'),
	(7352,'2021-08-27 13:40:28.000000','2021-08-27 13:40:28.000000',1,'/admin/baseSysMenu/update','127.0.0.1','127.0.0.1:63998','{\"isShow\":1,\"type\":1,\"name\":\"代码生成配置\",\"parentId\":131,\"router\":\"/genCodeConfig\",\"keepAlive\":1,\"viewPath\":\"cool/modules/genCode/views/genCodeConfig.vue\",\"icon\":\"icon-app\",\"orderNum\":99,\"id\":137,\"createTime\":\"2021-08-27 04:37:33\",\"updateTime\":\"2021-08-27 13:18:19\"}'),
	(7353,'2021-08-27 13:40:28.000000','2021-08-27 13:40:28.000000',1,'/admin/baseSysMenu/list','127.0.0.1','127.0.0.1:64005','{}'),
	(7354,'2021-08-27 13:40:37.000000','2021-08-27 13:40:37.000000',1,'/admin/baseComm/permmenu','127.0.0.1','127.0.0.1:64057',NULL),
	(7355,'2021-08-27 13:40:38.000000','2021-08-27 13:40:38.000000',1,'/admin/baseComm/person','127.0.0.1','127.0.0.1:64058',NULL),
	(7356,'2021-08-27 13:40:38.000000','2021-08-27 13:40:38.000000',1,'/admin/baseSysMenu/list','127.0.0.1','127.0.0.1:64065','{}'),
	(7357,'2021-08-27 13:40:44.000000','2021-08-27 13:40:44.000000',1,'/admin/genCodeConfig/page','127.0.0.1','127.0.0.1:64087','{\"page\":1,\"size\":20}'),
	(7358,'2021-08-27 13:43:11.000000','2021-08-27 13:43:11.000000',1,'/admin/genCodeConfig/add','127.0.0.1','127.0.0.1:64687','{\"dbHost\":\"127.0.0.1\",\"dbPort\":\"3306\",\"dbUser\":\"root\",\"dbPass\":\"123456\",\"dbName\":\"go-easy\",\"dbType\":\"mysql\",\"adminGenPath\":\"/Users/jasonlaw/Documents/develop/go/src/gitee.com/jasonLaw1015/goEasyAdmin/\",\"ServerGenPath\":\"/Users/jasonlaw/Documents/develop/go/src/gitee.com/jasonLaw1015/goEasy/\",\"defaultCreatedAtLabel\":\"createTime\",\"defaultUpdatedAtLabel\":\"updateTime\",\"ignoreTablePrefix\":\"u_\",\"tableNames\":\"demo_go\",\"activeCode\":\"1231\"}'),
	(7359,'2021-08-27 13:43:11.000000','2021-08-27 13:43:11.000000',1,'/admin/genCodeConfig/page','127.0.0.1','127.0.0.1:64696','{\"page\":1,\"size\":20}'),
	(7360,'2021-08-27 13:44:54.000000','2021-08-27 13:44:54.000000',1,'/admin/baseComm/permmenu','127.0.0.1','127.0.0.1:65142',NULL),
	(7361,'2021-08-27 13:44:54.000000','2021-08-27 13:44:54.000000',1,'/admin/baseComm/person','127.0.0.1','127.0.0.1:65149',NULL),
	(7362,'2021-08-27 13:44:55.000000','2021-08-27 13:44:55.000000',1,'/admin/genCodeConfig/page','127.0.0.1','127.0.0.1:65156','{\"page\":1,\"size\":20}'),
	(7363,'2021-08-27 13:46:34.000000','2021-08-27 13:46:34.000000',1,'/admin/baseComm/permmenu','127.0.0.1','127.0.0.1:49210',NULL),
	(7364,'2021-08-27 13:46:34.000000','2021-08-27 13:46:34.000000',1,'/admin/baseComm/person','127.0.0.1','127.0.0.1:49213',NULL),
	(7365,'2021-08-27 13:46:35.000000','2021-08-27 13:46:35.000000',1,'/admin/genCodeConfig/page','127.0.0.1','127.0.0.1:49219','{\"page\":1,\"size\":20}'),
	(7366,'2021-08-27 14:54:09.000000','2021-08-27 14:54:09.000000',1,'/admin/genCodeLog/page','127.0.0.1','127.0.0.1:49421','{\"page\":1,\"size\":20}'),
	(7367,'2021-08-27 14:56:45.000000','2021-08-27 14:56:45.000000',1,'/admin/baseComm/permmenu','127.0.0.1','127.0.0.1:50115',NULL),
	(7368,'2021-08-27 14:56:45.000000','2021-08-27 14:56:45.000000',1,'/admin/baseComm/person','127.0.0.1','127.0.0.1:50122',NULL),
	(7369,'2021-08-27 14:56:46.000000','2021-08-27 14:56:46.000000',1,'/admin/genCodeLog/page','127.0.0.1','127.0.0.1:50129','{\"page\":1,\"size\":20}'),
	(7370,'2021-08-27 14:57:33.000000','2021-08-27 14:57:33.000000',1,'/admin/genCodeConfig/info','127.0.0.1','127.0.0.1:50329','{\"id\":\"1\"}'),
	(7371,'2021-08-27 15:04:13.000000','2021-08-27 15:04:13.000000',1,'/admin/baseComm/permmenu','127.0.0.1','127.0.0.1:52021',NULL),
	(7372,'2021-08-27 15:04:14.000000','2021-08-27 15:04:14.000000',1,'/admin/baseComm/person','127.0.0.1','127.0.0.1:52025',NULL),
	(7373,'2021-08-27 15:04:15.000000','2021-08-27 15:04:15.000000',1,'/admin/genCodeLog/page','127.0.0.1','127.0.0.1:52031','{\"page\":1,\"size\":20}'),
	(7374,'2021-08-27 15:04:27.000000','2021-08-27 15:04:27.000000',1,'/admin/baseComm/permmenu','127.0.0.1','127.0.0.1:52094',NULL),
	(7375,'2021-08-27 15:04:28.000000','2021-08-27 15:04:28.000000',1,'/admin/baseComm/person','127.0.0.1','127.0.0.1:52100',NULL),
	(7376,'2021-08-27 15:04:29.000000','2021-08-27 15:04:29.000000',1,'/admin/genCodeLog/page','127.0.0.1','127.0.0.1:52105','{\"page\":1,\"size\":20}'),
	(7377,'2021-08-27 15:04:38.000000','2021-08-27 15:04:38.000000',1,'/admin/baseComm/permmenu','127.0.0.1','127.0.0.1:52156',NULL),
	(7378,'2021-08-27 15:04:38.000000','2021-08-27 15:04:38.000000',1,'/admin/baseComm/person','127.0.0.1','127.0.0.1:52158',NULL),
	(7379,'2021-08-27 15:04:39.000000','2021-08-27 15:04:39.000000',1,'/admin/genCodeLog/page','127.0.0.1','127.0.0.1:52163','{\"page\":1,\"size\":20}'),
	(7380,'2021-08-27 15:04:43.000000','2021-08-27 15:04:43.000000',1,'/admin/genCodeConfig/firstInfo','127.0.0.1','127.0.0.1:52180',NULL),
	(7381,'2021-08-27 15:05:05.000000','2021-08-27 15:05:05.000000',1,'/admin/baseComm/permmenu','127.0.0.1','127.0.0.1:52288',NULL),
	(7382,'2021-08-27 15:05:06.000000','2021-08-27 15:05:06.000000',1,'/admin/baseComm/person','127.0.0.1','127.0.0.1:52291',NULL),
	(7383,'2021-08-27 15:05:06.000000','2021-08-27 15:05:06.000000',1,'/admin/genCodeLog/page','127.0.0.1','127.0.0.1:52296','{\"page\":1,\"size\":20}'),
	(7384,'2021-08-27 15:05:11.000000','2021-08-27 15:05:11.000000',1,'/admin/genCodeConfig/firstInfo','127.0.0.1','127.0.0.1:52313',NULL),
	(7385,'2021-08-27 15:06:31.000000','2021-08-27 15:06:31.000000',1,'/admin/baseComm/permmenu','127.0.0.1','127.0.0.1:52679',NULL),
	(7386,'2021-08-27 15:06:31.000000','2021-08-27 15:06:31.000000',1,'/admin/baseComm/person','127.0.0.1','127.0.0.1:52682',NULL),
	(7387,'2021-08-27 15:06:32.000000','2021-08-27 15:06:32.000000',1,'/admin/genCodeLog/page','127.0.0.1','127.0.0.1:52688','{\"page\":1,\"size\":20}'),
	(7388,'2021-08-27 15:06:33.000000','2021-08-27 15:06:33.000000',1,'/admin/genCodeConfig/firstInfo','127.0.0.1','127.0.0.1:52693',NULL),
	(7389,'2021-08-27 15:20:52.000000','2021-08-27 15:20:52.000000',1,'/admin/baseComm/permmenu','127.0.0.1','127.0.0.1:56268',NULL),
	(7390,'2021-08-27 15:20:53.000000','2021-08-27 15:20:53.000000',1,'/admin/baseComm/person','127.0.0.1','127.0.0.1:56271',NULL),
	(7391,'2021-08-27 15:20:54.000000','2021-08-27 15:20:54.000000',1,'/admin/genCodeLog/page','127.0.0.1','127.0.0.1:56278','{\"page\":1,\"size\":20}'),
	(7392,'2021-08-27 15:20:58.000000','2021-08-27 15:20:58.000000',1,'/admin/genCodeConfig/firstInfo','127.0.0.1','127.0.0.1:56297',NULL),
	(7393,'2021-08-27 15:23:36.000000','2021-08-27 15:23:36.000000',1,'/admin/baseComm/permmenu','127.0.0.1','127.0.0.1:56982',NULL),
	(7394,'2021-08-27 15:23:36.000000','2021-08-27 15:23:36.000000',1,'/admin/baseComm/person','127.0.0.1','127.0.0.1:56989',NULL),
	(7395,'2021-08-27 15:23:37.000000','2021-08-27 15:23:37.000000',1,'/admin/genCodeLog/page','127.0.0.1','127.0.0.1:56992','{\"page\":1,\"size\":20}'),
	(7396,'2021-08-27 15:23:38.000000','2021-08-27 15:23:38.000000',1,'/admin/genCodeConfig/firstInfo','127.0.0.1','127.0.0.1:57001',NULL),
	(7397,'2021-08-27 15:25:05.000000','2021-08-27 15:25:05.000000',1,'/admin/baseComm/permmenu','127.0.0.1','127.0.0.1:57400',NULL),
	(7398,'2021-08-27 15:25:05.000000','2021-08-27 15:25:05.000000',1,'/admin/baseComm/person','127.0.0.1','127.0.0.1:57403',NULL),
	(7399,'2021-08-27 15:25:06.000000','2021-08-27 15:25:06.000000',1,'/admin/genCodeLog/page','127.0.0.1','127.0.0.1:57409','{\"page\":1,\"size\":20}'),
	(7400,'2021-08-27 15:25:08.000000','2021-08-27 15:25:08.000000',1,'/admin/genCodeConfig/firstInfo','127.0.0.1','127.0.0.1:57419',NULL),
	(7401,'2021-08-27 15:25:40.000000','2021-08-27 15:25:40.000000',1,'/admin/baseComm/permmenu','127.0.0.1','127.0.0.1:57566',NULL),
	(7402,'2021-08-27 15:25:40.000000','2021-08-27 15:25:40.000000',1,'/admin/baseComm/person','127.0.0.1','127.0.0.1:57569',NULL),
	(7403,'2021-08-27 15:25:41.000000','2021-08-27 15:25:41.000000',1,'/admin/genCodeLog/page','127.0.0.1','127.0.0.1:57574','{\"page\":1,\"size\":20}'),
	(7404,'2021-08-27 15:25:45.000000','2021-08-27 15:25:45.000000',1,'/admin/genCodeConfig/firstInfo','127.0.0.1','127.0.0.1:57592',NULL),
	(7405,'2021-08-27 15:25:56.000000','2021-08-27 15:25:56.000000',1,'/admin/genCodeConfig/add','127.0.0.1','127.0.0.1:57635','{\"dbHost\":\"127.0.0.1\",\"dbPort\":\"3306\",\"dbUser\":\"root\",\"dbPass\":\"127.0.0.1\",\"dbName\":\"127.0.0.1\",\"dbType\":\"mysql\",\"adminGenPath\":\"/Users/jasonlaw/Documents/develop/go/src/gitee.com/jasonLaw1015/goEasyAdmin/\",\"ServerGenPath\":\"/Users/jasonlaw/Documents/develop/go/src/gitee.com/jasonLaw1015/goEasy/\",\"defaultCreatedAtLabel\":\"createTime\",\"defaultUpdatedAtLabel\":\"updateTime\",\"ignoreTablePrefix\":\"u_\",\"activeCode\":\"1231123\"}'),
	(7406,'2021-08-27 15:31:14.000000','2021-08-27 15:31:14.000000',1,'/admin/baseComm/permmenu','127.0.0.1','127.0.0.1:59021',NULL),
	(7407,'2021-08-27 15:31:15.000000','2021-08-27 15:31:15.000000',1,'/admin/baseComm/person','127.0.0.1','127.0.0.1:59023',NULL),
	(7408,'2021-08-27 15:31:15.000000','2021-08-27 15:31:15.000000',1,'/admin/genCodeLog/page','127.0.0.1','127.0.0.1:59030','{\"page\":1,\"size\":20}'),
	(7409,'2021-08-27 15:32:36.000000','2021-08-27 15:32:36.000000',1,'/admin/baseComm/permmenu','127.0.0.1','127.0.0.1:59370',NULL),
	(7410,'2021-08-27 15:32:36.000000','2021-08-27 15:32:36.000000',1,'/admin/baseComm/person','127.0.0.1','127.0.0.1:59378',NULL),
	(7411,'2021-08-27 15:32:37.000000','2021-08-27 15:32:37.000000',1,'/admin/genCodeLog/page','127.0.0.1','127.0.0.1:59384','{\"page\":1,\"size\":20}'),
	(7412,'2021-08-27 15:32:40.000000','2021-08-27 15:32:40.000000',1,'/admin/genCodeConfig/firstInfo','127.0.0.1','127.0.0.1:59398',NULL),
	(7413,'2021-08-27 15:33:51.000000','2021-08-27 15:33:51.000000',1,'/admin/baseComm/permmenu','127.0.0.1','127.0.0.1:59756',NULL),
	(7414,'2021-08-27 15:33:52.000000','2021-08-27 15:33:52.000000',1,'/admin/baseComm/person','127.0.0.1','127.0.0.1:59763',NULL),
	(7415,'2021-08-27 15:33:53.000000','2021-08-27 15:33:53.000000',1,'/admin/genCodeLog/page','127.0.0.1','127.0.0.1:59770','{\"page\":1,\"size\":20}'),
	(7416,'2021-08-27 15:33:54.000000','2021-08-27 15:33:54.000000',1,'/admin/genCodeConfig/firstInfo','127.0.0.1','127.0.0.1:59781',NULL),
	(7417,'2021-08-27 15:34:03.000000','2021-08-27 15:34:03.000000',1,'/admin/genCodeConfig/firstInfo','127.0.0.1','127.0.0.1:59821','{\"ServerGenPath\":\"%2FUsers%2Fjasonlaw%2FDocuments%2Fdevelop%2Fgo%2Fsrc%2Fgitee.com%2FjasonLaw1015%2FgoEasy%2F\",\"activeCode\":\"1231213\",\"adminGenPath\":\"%2FUsers%2Fjasonlaw%2FDocuments%2Fdevelop%2Fgo%2Fsrc%2Fgitee.com%2FjasonLaw1015%2FgoEasyAdmin%2F\",\"dbHost\":\"127.0.0.1\",\"dbName\":\"127.0.0.1\",\"dbPass\":\"127.0.0.1\",\"dbPort\":\"3306\",\"dbType\":\"mysql\",\"dbUser\":\"root\",\"defaultCreatedAtLabel\":\"createTime\",\"defaultUpdatedAtLabel\":\"updateTime\",\"id\":\"1\",\"ignoreTablePrefix\":\"u_\"}'),
	(7418,'2021-08-27 15:35:14.000000','2021-08-27 15:35:14.000000',1,'/admin/genCodeConfig/firstInfo','127.0.0.1','127.0.0.1:60136',NULL),
	(7419,'2021-08-27 15:35:21.000000','2021-08-27 15:35:21.000000',1,'/admin/baseComm/permmenu','127.0.0.1','127.0.0.1:60182',NULL),
	(7420,'2021-08-27 15:35:22.000000','2021-08-27 15:35:22.000000',1,'/admin/baseComm/person','127.0.0.1','127.0.0.1:60187',NULL),
	(7421,'2021-08-27 15:35:22.000000','2021-08-27 15:35:22.000000',1,'/admin/genCodeLog/page','127.0.0.1','127.0.0.1:60189','{\"page\":1,\"size\":20}'),
	(7422,'2021-08-27 15:35:24.000000','2021-08-27 15:35:24.000000',1,'/admin/genCodeConfig/firstInfo','127.0.0.1','127.0.0.1:60199',NULL),
	(7423,'2021-08-27 15:36:22.000000','2021-08-27 15:36:22.000000',1,'/admin/genCodeConfig/firstInfo','127.0.0.1','127.0.0.1:60442','{\"ServerGenPath\":\"%2FUsers%2Fjasonlaw%2FDocuments%2Fdevelop%2Fgo%2Fsrc%2Fgitee.com%2FjasonLaw1015%2FgoEasy%2F\",\"activeCode\":\"1231234\",\"adminGenPath\":\"%2FUsers%2Fjasonlaw%2FDocuments%2Fdevelop%2Fgo%2Fsrc%2Fgitee.com%2FjasonLaw1015%2FgoEasyAdmin%2F\",\"dbHost\":\"127.0.0.1\",\"dbName\":\"127.0.0.1\",\"dbPass\":\"127.0.0.1\",\"dbPort\":\"3306\",\"dbType\":\"mysql\",\"dbUser\":\"root\",\"defaultCreatedAtLabel\":\"createTime\",\"defaultUpdatedAtLabel\":\"updateTime\",\"id\":\"1\",\"ignoreTablePrefix\":\"u_\"}'),
	(7424,'2021-08-27 15:38:19.000000','2021-08-27 15:38:19.000000',1,'/admin/baseComm/permmenu','127.0.0.1','127.0.0.1:60947',NULL),
	(7425,'2021-08-27 15:38:20.000000','2021-08-27 15:38:20.000000',1,'/admin/baseComm/person','127.0.0.1','127.0.0.1:60954',NULL),
	(7426,'2021-08-27 15:38:20.000000','2021-08-27 15:38:20.000000',1,'/admin/genCodeLog/page','127.0.0.1','127.0.0.1:60959','{\"page\":1,\"size\":20}'),
	(7427,'2021-08-27 15:38:33.000000','2021-08-27 15:38:33.000000',1,'/admin/baseComm/permmenu','127.0.0.1','127.0.0.1:61031',NULL),
	(7428,'2021-08-27 15:38:34.000000','2021-08-27 15:38:34.000000',1,'/admin/baseComm/person','127.0.0.1','127.0.0.1:61033',NULL),
	(7429,'2021-08-27 15:38:34.000000','2021-08-27 15:38:34.000000',1,'/admin/genCodeLog/page','127.0.0.1','127.0.0.1:61038','{\"page\":1,\"size\":20}'),
	(7430,'2021-08-27 15:38:36.000000','2021-08-27 15:38:36.000000',1,'/admin/genCodeConfig/firstInfo','127.0.0.1','127.0.0.1:61048',NULL),
	(7431,'2021-08-27 15:38:42.000000','2021-08-27 15:38:42.000000',1,'/admin/genCodeConfig/save','127.0.0.1','127.0.0.1:61077','{\"dbHost\":\"127.0.0.1\",\"dbPort\":\"3306\",\"dbUser\":\"root\",\"dbPass\":\"127.0.0.1\",\"dbName\":\"127.0.0.1\",\"dbType\":\"mysql\",\"adminGenPath\":\"/Users/jasonlaw/Documents/develop/go/src/gitee.com/jasonLaw1015/goEasyAdmin/\",\"ServerGenPath\":\"/Users/jasonlaw/Documents/develop/go/src/gitee.com/jasonLaw1015/goEasy/\",\"defaultCreatedAtLabel\":\"createTime\",\"defaultUpdatedAtLabel\":\"updateTime\",\"ignoreTablePrefix\":\"u_\",\"activeCode\":\"12311234\",\"id\":1}'),
	(7432,'2021-08-27 15:40:28.000000','2021-08-27 15:40:28.000000',1,'/admin/genCodeConfig/save','127.0.0.1','127.0.0.1:61522','{\"dbHost\":\"127.0.0.1\",\"dbPort\":\"3306\",\"dbUser\":\"root\",\"dbPass\":\"127.0.0.1\",\"dbName\":\"127.0.0.1\",\"dbType\":\"mysql\",\"adminGenPath\":\"/Users/jasonlaw/Documents/develop/go/src/gitee.com/jasonLaw1015/goEasyAdmin/\",\"ServerGenPath\":\"/Users/jasonlaw/Documents/develop/go/src/gitee.com/jasonLaw1015/goEasy/\",\"defaultCreatedAtLabel\":\"createTime\",\"defaultUpdatedAtLabel\":\"updateTime\",\"ignoreTablePrefix\":\"u_\",\"activeCode\":\"12311234\",\"id\":1}'),
	(7433,'2021-08-27 15:40:38.000000','2021-08-27 15:40:38.000000',1,'/admin/genCodeConfig/firstInfo','127.0.0.1','127.0.0.1:61568',NULL),
	(7434,'2021-08-27 15:44:27.000000','2021-08-27 15:44:27.000000',1,'/admin/genCodeConfig/save','127.0.0.1','127.0.0.1:62527','{\"dbHost\":\"127.0.0.1\",\"dbPort\":\"3306\",\"dbUser\":\"root\",\"dbPass\":\"127.0.0.1\",\"dbName\":\"127.0.0.1\",\"dbType\":\"mysql\",\"adminGenPath\":\"/Users/jasonlaw/Documents/develop/go/src/gitee.com/jasonLaw1015/goEasyAdmin/\",\"ServerGenPath\":\"/Users/jasonlaw/Documents/develop/go/src/gitee.com/jasonLaw1015/goEasy/\",\"defaultCreatedAtLabel\":\"createTime\",\"defaultUpdatedAtLabel\":\"updateTime\",\"ignoreTablePrefix\":\"u_\",\"activeCode\":\"12313333\",\"id\":1}'),
	(7435,'2021-08-27 15:44:34.000000','2021-08-27 15:44:34.000000',1,'/admin/genCodeConfig/firstInfo','127.0.0.1','127.0.0.1:62559',NULL),
	(7436,'2021-08-27 15:45:21.000000','2021-08-27 15:45:21.000000',1,'/admin/genCodeConfig/save','127.0.0.1','127.0.0.1:62752','{\"dbHost\":\"127.0.0.1\",\"dbPort\":\"3306\",\"dbUser\":\"root\",\"dbPass\":\"127.0.0.1\",\"dbName\":\"127.0.0.1\",\"dbType\":\"mysql\",\"adminGenPath\":\"/Users/jasonlaw/Documents/develop/go/src/gitee.com/jasonLaw1015/goEasyAdmin/\",\"ServerGenPath\":\"/Users/jasonlaw/Documents/develop/go/src/gitee.com/jasonLaw1015/goEasy/\",\"defaultCreatedAtLabel\":\"createTime\",\"defaultUpdatedAtLabel\":\"updateTime\",\"ignoreTablePrefix\":\"u_\",\"activeCode\":\"123133332\",\"id\":1}'),
	(7437,'2021-08-27 15:45:38.000000','2021-08-27 15:45:38.000000',1,'/admin/genCodeConfig/firstInfo','127.0.0.1','127.0.0.1:62834',NULL),
	(7438,'2021-08-27 15:45:40.000000','2021-08-27 15:45:40.000000',1,'/admin/genCodeConfig/firstInfo','127.0.0.1','127.0.0.1:62842',NULL),
	(7439,'2021-08-27 15:45:51.000000','2021-08-27 15:45:51.000000',1,'/admin/genCodeConfig/firstInfo','127.0.0.1','127.0.0.1:62895',NULL),
	(7440,'2021-08-27 15:46:41.000000','2021-08-27 15:46:41.000000',1,'/admin/baseComm/permmenu','127.0.0.1','127.0.0.1:63128',NULL),
	(7441,'2021-08-27 15:46:41.000000','2021-08-27 15:46:41.000000',1,'/admin/baseComm/person','127.0.0.1','127.0.0.1:63132',NULL),
	(7442,'2021-08-27 15:46:42.000000','2021-08-27 15:46:42.000000',1,'/admin/genCodeLog/page','127.0.0.1','127.0.0.1:63139','{\"page\":1,\"size\":20}'),
	(7443,'2021-08-27 15:46:44.000000','2021-08-27 15:46:44.000000',1,'/admin/genCodeConfig/firstInfo','127.0.0.1','127.0.0.1:63148',NULL),
	(7444,'2021-08-27 15:47:08.000000','2021-08-27 15:47:08.000000',1,'/admin/genCodeConfig/save','127.0.0.1','127.0.0.1:63251','{\"dbHost\":\"1\",\"dbPort\":\"12\",\"dbUser\":\"2\",\"dbPass\":\"12\",\"dbName\":\"1\",\"dbType\":\"1\",\"adminGenPath\":\"12\",\"ServerGenPath\":\"2\",\"defaultCreatedAtLabel\":\"12\",\"defaultUpdatedAtLabel\":\"12\",\"ignoreTablePrefix\":\"1\",\"id\":null}'),
	(7445,'2021-08-27 15:47:11.000000','2021-08-27 15:47:11.000000',1,'/admin/genCodeConfig/firstInfo','127.0.0.1','127.0.0.1:63271',NULL),
	(7446,'2021-08-27 15:47:41.000000','2021-08-27 15:47:41.000000',1,'/admin/genCodeConfig/firstInfo','127.0.0.1','127.0.0.1:63397',NULL),
	(7447,'2021-08-27 15:48:18.000000','2021-08-27 15:48:18.000000',1,'/admin/baseComm/permmenu','127.0.0.1','127.0.0.1:63567',NULL),
	(7448,'2021-08-27 15:48:19.000000','2021-08-27 15:48:19.000000',1,'/admin/baseComm/person','127.0.0.1','127.0.0.1:63574',NULL),
	(7449,'2021-08-27 15:48:19.000000','2021-08-27 15:48:19.000000',1,'/admin/genCodeLog/page','127.0.0.1','127.0.0.1:63580','{\"page\":1,\"size\":20}'),
	(7450,'2021-08-27 15:48:21.000000','2021-08-27 15:48:21.000000',1,'/admin/genCodeConfig/firstInfo','127.0.0.1','127.0.0.1:63585',NULL),
	(7451,'2021-08-27 15:48:27.000000','2021-08-27 15:48:27.000000',1,'/admin/genCodeConfig/save','127.0.0.1','127.0.0.1:63612','{\"dbHost\":\"127.0.0.1\",\"dbPort\":\"3306\",\"dbUser\":\"root\",\"dbPass\":\"127.0.0.1\",\"dbName\":\"127.0.0.1\",\"dbType\":\"mysql\",\"adminGenPath\":\"/Users/jasonlaw/Documents/develop/go/src/gitee.com/jasonLaw1015/goEasyAdmin/\",\"ServerGenPath\":\"/Users/jasonlaw/Documents/develop/go/src/gitee.com/jasonLaw1015/goEasy/\",\"defaultCreatedAtLabel\":\"createTime\",\"defaultUpdatedAtLabel\":\"updateTime\",\"ignoreTablePrefix\":\"u_\",\"activeCode\":\"\",\"id\":1}'),
	(7452,'2021-08-27 15:49:35.000000','2021-08-27 15:49:35.000000',1,'/admin/genCodeConfig/firstInfo','127.0.0.1','127.0.0.1:63908',NULL),
	(7453,'2021-08-27 15:49:40.000000','2021-08-27 15:49:40.000000',1,'/admin/genCodeConfig/save','127.0.0.1','127.0.0.1:63932','{\"dbHost\":\"127.0.0.1\",\"dbPort\":\"3306\",\"dbUser\":\"root\",\"dbPass\":\"127.0.0.1\",\"dbName\":\"127.0.0.1\",\"dbType\":\"mysql\",\"adminGenPath\":\"/Users/jasonlaw/Documents/develop/go/src/gitee.com/jasonLaw1015/goEasyAdmin/\",\"ServerGenPath\":\"/Users/jasonlaw/Documents/develop/go/src/gitee.com/jasonLaw1015/goEasy/\",\"defaultCreatedAtLabel\":\"createTime\",\"defaultUpdatedAtLabel\":\"updateTime\",\"ignoreTablePrefix\":\"u_\",\"activeCode\":\"\",\"id\":1}'),
	(7454,'2021-08-27 15:49:51.000000','2021-08-27 15:49:51.000000',1,'/admin/genCodeConfig/firstInfo','127.0.0.1','127.0.0.1:63979',NULL),
	(7455,'2021-08-27 17:10:06.000000','2021-08-27 17:10:06.000000',1,'/admin/baseComm/permmenu','127.0.0.1','127.0.0.1:51382',NULL),
	(7456,'2021-08-27 17:10:06.000000','2021-08-27 17:10:06.000000',1,'/admin/baseComm/person','127.0.0.1','127.0.0.1:51389',NULL),
	(7457,'2021-08-27 17:10:07.000000','2021-08-27 17:10:07.000000',1,'/admin/genCodeLog/page','127.0.0.1','127.0.0.1:51396','{\"page\":1,\"size\":20}'),
	(7458,'2021-08-27 17:10:15.000000','2021-08-27 17:10:15.000000',1,'/admin/genCodeConfig/firstInfo','127.0.0.1','127.0.0.1:51431',NULL),
	(7459,'2021-08-27 17:10:46.000000','2021-08-27 17:10:46.000000',1,'/admin/genCodeConfig/firstInfo','127.0.0.1','127.0.0.1:51562',NULL),
	(7460,'2021-08-27 17:11:12.000000','2021-08-27 17:11:12.000000',1,'/admin/baseComm/permmenu','127.0.0.1','127.0.0.1:51692',NULL),
	(7461,'2021-08-27 17:11:13.000000','2021-08-27 17:11:13.000000',1,'/admin/baseComm/person','127.0.0.1','127.0.0.1:51694',NULL),
	(7462,'2021-08-27 17:11:13.000000','2021-08-27 17:11:13.000000',1,'/admin/genCodeLog/page','127.0.0.1','127.0.0.1:51700','{\"page\":1,\"size\":20}'),
	(7463,'2021-08-27 17:11:18.000000','2021-08-27 17:11:18.000000',1,'/admin/genCodeConfig/firstInfo','127.0.0.1','127.0.0.1:51718',NULL),
	(7464,'2021-08-27 17:15:14.000000','2021-08-27 17:15:14.000000',1,'/admin/genCodeConfig/firstInfo','127.0.0.1','127.0.0.1:52707',NULL),
	(7465,'2021-08-27 17:16:51.000000','2021-08-27 17:16:51.000000',1,'/admin/genCodeConfig/firstInfo','127.0.0.1','127.0.0.1:53112',NULL),
	(7466,'2021-08-27 17:17:05.000000','2021-08-27 17:17:05.000000',1,'/admin/genCodeConfig/save','127.0.0.1','127.0.0.1:53177','{\"dbHost\":\"127.0.0.1\",\"dbPort\":\"3306\",\"dbUser\":\"root\",\"dbPass\":\"123456\",\"dbName\":\"127.0.0.1\",\"dbType\":\"mysql\",\"adminGenPath\":\"/Users/jasonlaw/Documents/develop/go/src/gitee.com/jasonLaw1015/goEasyAdmin/\",\"ServerGenPath\":\"/Users/jasonlaw/Documents/develop/go/src/gitee.com/jasonLaw1015/goEasy/\",\"defaultCreatedAtLabel\":\"createTime\",\"defaultUpdatedAtLabel\":\"updateTime\",\"ignoreTablePrefix\":\"u_\",\"activeCode\":\"\",\"id\":1}'),
	(7467,'2021-08-27 17:17:06.000000','2021-08-27 17:17:06.000000',1,'/admin/genCodeConfig/firstInfo','127.0.0.1','127.0.0.1:53186',NULL),
	(7468,'2021-08-27 17:18:28.000000','2021-08-27 17:18:28.000000',1,'/admin/baseComm/permmenu','127.0.0.1','127.0.0.1:53549',NULL),
	(7469,'2021-08-27 17:18:29.000000','2021-08-27 17:18:29.000000',1,'/admin/baseComm/person','127.0.0.1','127.0.0.1:53553',NULL),
	(7470,'2021-08-27 17:18:29.000000','2021-08-27 17:18:29.000000',1,'/admin/genCodeLog/page','127.0.0.1','127.0.0.1:53560','{\"page\":1,\"size\":20}'),
	(7471,'2021-08-27 17:18:48.000000','2021-08-27 17:18:48.000000',1,'/admin/genCodeConfig/firstInfo','127.0.0.1','127.0.0.1:53637',NULL),
	(7472,'2021-08-27 17:18:59.000000','2021-08-27 17:18:59.000000',1,'/admin/genCodeConfig/save','127.0.0.1','127.0.0.1:53690','{\"dbHost\":\"127.0.0.1\",\"dbPort\":\"3306\",\"dbUser\":\"root\",\"dbPass\":\"123456\",\"dbName\":\"go-easy\",\"dbType\":\"mysql\",\"adminGenPath\":\"/Users/jasonlaw/Documents/develop/go/src/gitee.com/jasonLaw1015/goEasyAdmin/\",\"ServerGenPath\":\"/Users/jasonlaw/Documents/develop/go/src/gitee.com/jasonLaw1015/goEasy/\",\"defaultCreatedAtLabel\":\"createTime\",\"defaultUpdatedAtLabel\":\"updateTime\",\"ignoreTablePrefix\":\"u_\",\"activeCode\":\"\",\"id\":1}'),
	(7473,'2021-08-27 17:20:08.000000','2021-08-27 17:20:08.000000',1,'/admin/baseComm/permmenu','127.0.0.1','127.0.0.1:53995',NULL),
	(7474,'2021-08-27 17:20:09.000000','2021-08-27 17:20:09.000000',1,'/admin/baseComm/person','127.0.0.1','127.0.0.1:54002',NULL),
	(7475,'2021-08-27 17:20:10.000000','2021-08-27 17:20:10.000000',1,'/admin/genCodeLog/page','127.0.0.1','127.0.0.1:54008','{\"page\":1,\"size\":20}'),
	(7476,'2021-08-27 17:20:15.000000','2021-08-27 17:20:15.000000',1,'/admin/genCodeConfig/firstInfo','127.0.0.1','127.0.0.1:54032',NULL),
	(7477,'2021-08-27 17:20:20.000000','2021-08-27 17:20:20.000000',1,'/admin/genCodeConfig/firstInfo','127.0.0.1','127.0.0.1:54059',NULL),
	(7478,'2021-08-27 17:23:01.000000','2021-08-27 17:23:01.000000',1,'/admin/baseComm/permmenu','127.0.0.1','127.0.0.1:54756',NULL),
	(7479,'2021-08-27 17:23:02.000000','2021-08-27 17:23:02.000000',1,'/admin/baseComm/person','127.0.0.1','127.0.0.1:54759',NULL),
	(7480,'2021-08-27 17:23:02.000000','2021-08-27 17:23:02.000000',1,'/admin/genCodeLog/page','127.0.0.1','127.0.0.1:54768','{\"page\":1,\"size\":20}'),
	(7481,'2021-08-27 17:23:09.000000','2021-08-27 17:23:09.000000',1,'/admin/genCodeConfig/firstInfo','127.0.0.1','127.0.0.1:54799',NULL),
	(7482,'2021-08-27 17:24:36.000000','2021-08-27 17:24:36.000000',1,'/admin/baseComm/permmenu','127.0.0.1','127.0.0.1:55243',NULL),
	(7483,'2021-08-27 17:24:36.000000','2021-08-27 17:24:36.000000',1,'/admin/baseComm/person','127.0.0.1','127.0.0.1:55246',NULL),
	(7484,'2021-08-27 17:24:37.000000','2021-08-27 17:24:37.000000',1,'/admin/genCodeLog/page','127.0.0.1','127.0.0.1:55252','{\"page\":1,\"size\":20}'),
	(7485,'2021-08-27 17:24:41.000000','2021-08-27 17:24:41.000000',1,'/admin/genCodeConfig/firstInfo','127.0.0.1','127.0.0.1:55271',NULL),
	(7486,'2021-08-27 17:24:46.000000','2021-08-27 17:24:46.000000',1,'/admin/genCodeConfig/firstInfo','127.0.0.1','127.0.0.1:55296',NULL),
	(7487,'2021-08-27 17:24:52.000000','2021-08-27 17:24:52.000000',1,'/admin/genCodeConfig/save','127.0.0.1','127.0.0.1:55324','{\"dbHost\":\"127.0.0.1\",\"dbPort\":\"3306\",\"dbUser\":\"root\",\"dbPass\":\"1234567\",\"dbName\":\"go-easy\",\"dbType\":\"mysql\",\"adminGenPath\":\"/Users/jasonlaw/Documents/develop/go/src/gitee.com/jasonLaw1015/goEasyAdmin/\",\"ServerGenPath\":\"/Users/jasonlaw/Documents/develop/go/src/gitee.com/jasonLaw1015/goEasy/\",\"defaultCreatedAtLabel\":\"createTime\",\"defaultUpdatedAtLabel\":\"updateTime\",\"ignoreTablePrefix\":\"u_\",\"activeCode\":\"\",\"id\":1}'),
	(7488,'2021-08-27 17:24:56.000000','2021-08-27 17:24:56.000000',1,'/admin/genCodeConfig/firstInfo','127.0.0.1','127.0.0.1:55347',NULL),
	(7489,'2021-08-27 17:25:15.000000','2021-08-27 17:25:15.000000',1,'/admin/genCodeConfig/firstInfo','127.0.0.1','127.0.0.1:55427',NULL),
	(7490,'2021-08-27 17:25:47.000000','2021-08-27 17:25:47.000000',1,'/admin/genCodeConfig/firstInfo','127.0.0.1','127.0.0.1:55543',NULL),
	(7491,'2021-08-27 17:27:59.000000','2021-08-27 17:27:59.000000',1,'/admin/genCodeConfig/firstInfo','127.0.0.1','127.0.0.1:56113',NULL),
	(7492,'2021-08-27 17:33:21.000000','2021-08-27 17:33:21.000000',1,'/admin/genCodeConfig/firstInfo','127.0.0.1','127.0.0.1:57473',NULL),
	(7493,'2021-08-27 17:34:12.000000','2021-08-27 17:34:12.000000',1,'/admin/genCodeConfig/firstInfo','127.0.0.1','127.0.0.1:57698',NULL),
	(7494,'2021-08-27 17:35:28.000000','2021-08-27 17:35:28.000000',1,'/admin/genCodeConfig/firstInfo','127.0.0.1','127.0.0.1:58016',NULL),
	(7495,'2021-08-27 17:35:34.000000','2021-08-27 17:35:34.000000',1,'/admin/genCodeConfig/save','127.0.0.1','127.0.0.1:58050','{\"dbUser\":\"admin\",\"dbHost\":\"127.0.0.1\",\"dbPort\":\"3306\",\"dbPass\":\"123456\",\"dbName\":\"go-easy\",\"dbType\":\"mysql\",\"adminGenPath\":\"/Users/jasonlaw/Documents/develop/go/src/gitee.com/jasonLaw1015/goEasyAdmin/\",\"ServerGenPath\":\"/Users/jasonlaw/Documents/develop/go/src/gitee.com/jasonLaw1015/goEasy/\",\"defaultCreatedAtLabel\":\"createTime\",\"defaultUpdatedAtLabel\":\"updateTime\",\"ignoreTablePrefix\":\"u_\",\"activeCode\":\"\",\"id\":1}'),
	(7496,'2021-08-27 17:35:37.000000','2021-08-27 17:35:37.000000',1,'/admin/genCodeConfig/firstInfo','127.0.0.1','127.0.0.1:58062',NULL),
	(7497,'2021-08-27 17:35:56.000000','2021-08-27 17:35:56.000000',1,'/admin/genCodeConfig/firstInfo','127.0.0.1','127.0.0.1:58142',NULL),
	(7498,'2021-08-27 17:39:36.000000','2021-08-27 17:39:36.000000',1,'/admin/genCodeConfig/firstInfo','127.0.0.1','127.0.0.1:59086',NULL),
	(7499,'2021-08-27 17:40:27.000000','2021-08-27 17:40:27.000000',1,'/admin/genCodeConfig/firstInfo','127.0.0.1','127.0.0.1:59303',NULL),
	(7500,'2021-08-27 17:40:51.000000','2021-08-27 17:40:51.000000',1,'/admin/genCodeConfig/save','127.0.0.1','127.0.0.1:59416','{\"dbUser\":\"root\",\"dbHost\":\"127.0.0.1\",\"dbPort\":\"3306\",\"dbPass\":\"123456\",\"dbName\":\"go-easy\",\"dbType\":\"mysql\",\"adminGenPath\":\"/Users/jasonlaw/Documents/develop/go/src/gitee.com/jasonLaw1015/goEasyAdmin/\",\"ServerGenPath\":\"/Users/jasonlaw/Documents/develop/go/src/gitee.com/jasonLaw1015/goEasy/\",\"defaultCreatedAtLabel\":\"createTime\",\"defaultUpdatedAtLabel\":\"updateTime\",\"ignoreTablePrefix\":\"u_\",\"activeCode\":\"\",\"id\":1}'),
	(7501,'2021-08-27 17:41:00.000000','2021-08-27 17:41:00.000000',1,'/admin/genCodeConfig/firstInfo','127.0.0.1','127.0.0.1:59473',NULL),
	(7502,'2021-08-27 17:41:41.000000','2021-08-27 17:41:41.000000',1,'/admin/genCodeConfig/firstInfo','127.0.0.1','127.0.0.1:59655',NULL),
	(7503,'2021-08-27 17:41:46.000000','2021-08-27 17:41:46.000000',1,'/admin/genCodeConfig/save','127.0.0.1','127.0.0.1:59680','{\"dbPass\":\"123456\",\"dbHost\":\"127.0.0.1\",\"dbPort\":\"33062\",\"dbUser\":\"root\",\"dbName\":\"go-easy\",\"dbType\":\"mysql\",\"adminGenPath\":\"/Users/jasonlaw/Documents/develop/go/src/gitee.com/jasonLaw1015/goEasyAdmin/\",\"ServerGenPath\":\"/Users/jasonlaw/Documents/develop/go/src/gitee.com/jasonLaw1015/goEasy/\",\"defaultCreatedAtLabel\":\"createTime\",\"defaultUpdatedAtLabel\":\"updateTime\",\"ignoreTablePrefix\":\"u_\",\"activeCode\":\"\",\"id\":1}'),
	(7504,'2021-08-27 17:41:48.000000','2021-08-27 17:41:48.000000',1,'/admin/genCodeConfig/firstInfo','127.0.0.1','127.0.0.1:59691',NULL),
	(7505,'2021-08-27 17:43:31.000000','2021-08-27 17:43:31.000000',1,'/admin/baseComm/permmenu','127.0.0.1','127.0.0.1:60164',NULL),
	(7506,'2021-08-27 17:43:31.000000','2021-08-27 17:43:31.000000',1,'/admin/baseComm/person','127.0.0.1','127.0.0.1:60171',NULL),
	(7507,'2021-08-27 17:43:32.000000','2021-08-27 17:43:32.000000',1,'/admin/genCodeLog/page','127.0.0.1','127.0.0.1:60174','{\"page\":1,\"size\":20}'),
	(7508,'2021-08-27 17:43:34.000000','2021-08-27 17:43:34.000000',1,'/admin/genCodeConfig/firstInfo','127.0.0.1','127.0.0.1:60183',NULL),
	(7509,'2021-08-27 17:43:37.000000','2021-08-27 17:43:37.000000',1,'/admin/genCodeConfig/firstInfo','127.0.0.1','127.0.0.1:60200',NULL),
	(7510,'2021-08-27 17:44:29.000000','2021-08-27 17:44:29.000000',1,'/admin/baseComm/permmenu','127.0.0.1','127.0.0.1:60430',NULL),
	(7511,'2021-08-27 17:44:30.000000','2021-08-27 17:44:30.000000',1,'/admin/baseComm/person','127.0.0.1','127.0.0.1:60437',NULL),
	(7512,'2021-08-27 17:44:31.000000','2021-08-27 17:44:31.000000',1,'/admin/genCodeLog/page','127.0.0.1','127.0.0.1:60442','{\"page\":1,\"size\":20}'),
	(7513,'2021-08-27 17:44:34.000000','2021-08-27 17:44:34.000000',1,'/admin/genCodeConfig/firstInfo','127.0.0.1','127.0.0.1:60452',NULL),
	(7514,'2021-08-27 17:44:38.000000','2021-08-27 17:44:38.000000',1,'/admin/genCodeConfig/save','127.0.0.1','127.0.0.1:60475','{\"dbHost\":\"127.0.0.1\",\"dbPort\":\"3306\",\"dbUser\":\"root\",\"dbPass\":\"123456\",\"dbName\":\"go-easy\",\"dbType\":\"mysql\",\"adminGenPath\":\"/Users/jasonlaw/Documents/develop/go/src/gitee.com/jasonLaw1015/goEasyAdmin/\",\"ServerGenPath\":\"/Users/jasonlaw/Documents/develop/go/src/gitee.com/jasonLaw1015/goEasy/\",\"defaultCreatedAtLabel\":\"createTime\",\"defaultUpdatedAtLabel\":\"updateTime\",\"ignoreTablePrefix\":\"u_\",\"activeCode\":\"\",\"id\":1}'),
	(7515,'2021-08-27 17:44:40.000000','2021-08-27 17:44:40.000000',1,'/admin/genCodeConfig/firstInfo','127.0.0.1','127.0.0.1:60488',NULL),
	(7516,'2021-08-27 17:45:44.000000','2021-08-27 17:45:44.000000',1,'/admin/genCodeConfig/firstInfo','127.0.0.1','127.0.0.1:60755',NULL),
	(7517,'2021-08-27 17:45:46.000000','2021-08-27 17:45:46.000000',1,'/admin/genCodeConfig/firstInfo','127.0.0.1','127.0.0.1:60774',NULL),
	(7518,'2021-08-27 17:45:51.000000','2021-08-27 17:45:51.000000',1,'/admin/genCodeConfig/save','127.0.0.1','127.0.0.1:60797','{\"dbPass\":\"1234562\",\"dbHost\":\"127.0.0.1\",\"dbPort\":\"33061\",\"dbUser\":\"root\",\"dbName\":\"go-easy\",\"dbType\":\"mysql\",\"adminGenPath\":\"/Users/jasonlaw/Documents/develop/go/src/gitee.com/jasonLaw1015/goEasyAdmin/\",\"ServerGenPath\":\"/Users/jasonlaw/Documents/develop/go/src/gitee.com/jasonLaw1015/goEasy/\",\"defaultCreatedAtLabel\":\"createTime\",\"defaultUpdatedAtLabel\":\"updateTime\",\"ignoreTablePrefix\":\"u_\",\"activeCode\":\"\",\"id\":1}'),
	(7519,'2021-08-27 17:45:53.000000','2021-08-27 17:45:53.000000',1,'/admin/genCodeConfig/firstInfo','127.0.0.1','127.0.0.1:60808',NULL),
	(7520,'2021-08-27 17:47:02.000000','2021-08-27 17:47:02.000000',1,'/admin/baseComm/permmenu','127.0.0.1','127.0.0.1:61137',NULL),
	(7521,'2021-08-27 17:47:02.000000','2021-08-27 17:47:02.000000',1,'/admin/baseComm/person','127.0.0.1','127.0.0.1:61140',NULL),
	(7522,'2021-08-27 17:47:03.000000','2021-08-27 17:47:03.000000',1,'/admin/genCodeLog/page','127.0.0.1','127.0.0.1:61148','{\"page\":1,\"size\":20}'),
	(7523,'2021-08-27 17:47:05.000000','2021-08-27 17:47:05.000000',1,'/admin/genCodeConfig/firstInfo','127.0.0.1','127.0.0.1:61157',NULL),
	(7524,'2021-08-27 17:47:10.000000','2021-08-27 17:47:10.000000',1,'/admin/genCodeConfig/firstInfo','127.0.0.1','127.0.0.1:61183',NULL),
	(7525,'2021-08-27 17:47:17.000000','2021-08-27 17:47:17.000000',1,'/admin/genCodeConfig/save','127.0.0.1','127.0.0.1:61217','{\"dbHost\":\"127.0.0.1\",\"dbPort\":\"3306\",\"dbUser\":\"root\",\"dbPass\":\"123456\",\"dbName\":\"go-easy\",\"dbType\":\"mysql\",\"adminGenPath\":\"/Users/jasonlaw/Documents/develop/go/src/gitee.com/jasonLaw1015/goEasyAdmin/\",\"ServerGenPath\":\"/Users/jasonlaw/Documents/develop/go/src/gitee.com/jasonLaw1015/goEasy/\",\"defaultCreatedAtLabel\":\"createTime\",\"defaultUpdatedAtLabel\":\"updateTime\",\"ignoreTablePrefix\":\"u_\",\"activeCode\":\"\",\"id\":1}'),
	(7526,'2021-08-27 17:47:23.000000','2021-08-27 17:47:23.000000',1,'/admin/genCodeConfig/firstInfo','127.0.0.1','127.0.0.1:61244',NULL),
	(7527,'2021-08-27 18:10:02.000000','2021-08-27 18:10:02.000000',1,'/admin/baseComm/permmenu','127.0.0.1','127.0.0.1:50935',NULL),
	(7528,'2021-08-27 18:10:02.000000','2021-08-27 18:10:02.000000',1,'/admin/baseComm/person','127.0.0.1','127.0.0.1:50938',NULL),
	(7529,'2021-08-27 18:10:03.000000','2021-08-27 18:10:03.000000',1,'/admin/genCodeLog/page','127.0.0.1','127.0.0.1:50945','{\"page\":1,\"size\":20}'),
	(7530,'2021-08-27 18:10:06.000000','2021-08-27 18:10:06.000000',1,'/admin/genCodeConfig/firstInfo','127.0.0.1','127.0.0.1:50958',NULL),
	(7531,'2021-08-27 18:12:49.000000','2021-08-27 18:12:49.000000',1,'/admin/baseComm/permmenu','127.0.0.1','127.0.0.1:51696',NULL),
	(7532,'2021-08-27 18:12:49.000000','2021-08-27 18:12:49.000000',1,'/admin/baseComm/person','127.0.0.1','127.0.0.1:51699',NULL),
	(7533,'2021-08-27 18:12:50.000000','2021-08-27 18:12:50.000000',1,'/admin/genCodeLog/page','127.0.0.1','127.0.0.1:51706','{\"page\":1,\"size\":20}'),
	(7534,'2021-08-27 18:12:51.000000','2021-08-27 18:12:51.000000',1,'/admin/genCodeConfig/firstInfo','127.0.0.1','127.0.0.1:51711',NULL),
	(7535,'2021-08-27 18:13:59.000000','2021-08-27 18:13:59.000000',1,'/admin/baseComm/permmenu','127.0.0.1','127.0.0.1:52008',NULL),
	(7536,'2021-08-27 18:13:59.000000','2021-08-27 18:13:59.000000',1,'/admin/baseComm/person','127.0.0.1','127.0.0.1:52011',NULL),
	(7537,'2021-08-27 18:14:00.000000','2021-08-27 18:14:00.000000',1,'/admin/genCodeLog/page','127.0.0.1','127.0.0.1:52017','{\"page\":1,\"size\":20}'),
	(7538,'2021-08-27 18:14:03.000000','2021-08-27 18:14:03.000000',1,'/admin/genCodeConfig/firstInfo','127.0.0.1','127.0.0.1:52032',NULL),
	(7539,'2021-08-27 18:15:14.000000','2021-08-27 18:15:14.000000',1,'/admin/baseComm/permmenu','127.0.0.1','127.0.0.1:52350',NULL),
	(7540,'2021-08-27 18:15:14.000000','2021-08-27 18:15:14.000000',1,'/admin/baseComm/person','127.0.0.1','127.0.0.1:52353',NULL),
	(7541,'2021-08-27 18:15:15.000000','2021-08-27 18:15:15.000000',1,'/admin/genCodeLog/page','127.0.0.1','127.0.0.1:52359','{\"page\":1,\"size\":20}'),
	(7542,'2021-08-27 18:15:20.000000','2021-08-27 18:15:20.000000',1,'/admin/genCodeConfig/firstInfo','127.0.0.1','127.0.0.1:52381',NULL),
	(7543,'2021-08-27 18:17:02.000000','2021-08-27 18:17:02.000000',1,'/admin/baseComm/permmenu','127.0.0.1','127.0.0.1:52832',NULL),
	(7544,'2021-08-27 18:17:02.000000','2021-08-27 18:17:02.000000',1,'/admin/baseComm/person','127.0.0.1','127.0.0.1:52835',NULL),
	(7545,'2021-08-27 18:17:02.000000','2021-08-27 18:17:02.000000',1,'/admin/genCodeLog/page','127.0.0.1','127.0.0.1:52837','{\"page\":1,\"size\":20}'),
	(7546,'2021-08-27 18:20:01.000000','2021-08-27 18:20:01.000000',1,'/admin/baseComm/permmenu','127.0.0.1','127.0.0.1:53628',NULL),
	(7547,'2021-08-27 18:20:01.000000','2021-08-27 18:20:01.000000',1,'/admin/baseComm/person','127.0.0.1','127.0.0.1:53632',NULL),
	(7548,'2021-08-27 18:20:02.000000','2021-08-27 18:20:02.000000',1,'/admin/genCodeLog/page','127.0.0.1','127.0.0.1:53638','{\"page\":1,\"size\":20}'),
	(7549,'2021-08-27 18:20:47.000000','2021-08-27 18:20:47.000000',1,'/admin/baseComm/permmenu','127.0.0.1','127.0.0.1:53839',NULL),
	(7550,'2021-08-27 18:20:48.000000','2021-08-27 18:20:48.000000',1,'/admin/baseComm/person','127.0.0.1','127.0.0.1:53847',NULL),
	(7551,'2021-08-27 18:20:48.000000','2021-08-27 18:20:48.000000',1,'/admin/genCodeLog/page','127.0.0.1','127.0.0.1:53848','{\"page\":1,\"size\":20}'),
	(7552,'2021-08-27 18:21:52.000000','2021-08-27 18:21:52.000000',1,'/admin/genCodeConfig/firstInfo','127.0.0.1','127.0.0.1:54117',NULL),
	(7553,'2021-08-27 18:22:29.000000','2021-08-27 18:22:29.000000',1,'/admin/baseComm/permmenu','127.0.0.1','127.0.0.1:54283',NULL),
	(7554,'2021-08-27 18:22:29.000000','2021-08-27 18:22:29.000000',1,'/admin/baseComm/person','127.0.0.1','127.0.0.1:54286',NULL),
	(7555,'2021-08-27 18:22:30.000000','2021-08-27 18:22:30.000000',1,'/admin/genCodeLog/page','127.0.0.1','127.0.0.1:54292','{\"page\":1,\"size\":20}'),
	(7556,'2021-08-27 18:22:33.000000','2021-08-27 18:22:33.000000',1,'/admin/genCodeConfig/firstInfo','127.0.0.1','127.0.0.1:54306',NULL),
	(7557,'2021-08-27 18:22:54.000000','2021-08-27 18:22:54.000000',1,'/admin/baseComm/permmenu','127.0.0.1','127.0.0.1:54410',NULL),
	(7558,'2021-08-27 18:22:54.000000','2021-08-27 18:22:54.000000',1,'/admin/baseComm/person','127.0.0.1','127.0.0.1:54412',NULL),
	(7559,'2021-08-27 18:22:55.000000','2021-08-27 18:22:55.000000',1,'/admin/genCodeLog/page','127.0.0.1','127.0.0.1:54417','{\"page\":1,\"size\":20}'),
	(7560,'2021-08-27 18:22:56.000000','2021-08-27 18:22:56.000000',1,'/admin/genCodeConfig/firstInfo','127.0.0.1','127.0.0.1:54422',NULL),
	(7561,'2021-08-27 18:24:53.000000','2021-08-27 18:24:53.000000',1,'/admin/baseComm/permmenu','127.0.0.1','127.0.0.1:54955',NULL),
	(7562,'2021-08-27 18:24:54.000000','2021-08-27 18:24:54.000000',1,'/admin/baseComm/person','127.0.0.1','127.0.0.1:54958',NULL),
	(7563,'2021-08-27 18:24:55.000000','2021-08-27 18:24:55.000000',1,'/admin/genCodeLog/page','127.0.0.1','127.0.0.1:54964','{\"page\":1,\"size\":20}'),
	(7564,'2021-08-27 18:24:56.000000','2021-08-27 18:24:56.000000',1,'/admin/genCodeConfig/firstInfo','127.0.0.1','127.0.0.1:54973',NULL),
	(7565,'2021-08-27 18:25:01.000000','2021-08-27 18:25:01.000000',1,'/admin/genCodeConfig/firstInfo','127.0.0.1','127.0.0.1:54994',NULL),
	(7566,'2021-08-27 18:25:03.000000','2021-08-27 18:25:03.000000',1,'/admin/genCodeConfig/firstInfo','127.0.0.1','127.0.0.1:55011',NULL),
	(7567,'2021-08-28 00:03:23.000000','2021-08-28 00:03:23.000000',1,'/admin/baseComm/permmenu','127.0.0.1','127.0.0.1:60108',NULL),
	(7568,'2021-08-28 00:03:24.000000','2021-08-28 00:03:24.000000',1,'/admin/baseComm/person','127.0.0.1','127.0.0.1:60115',NULL),
	(7569,'2021-08-28 00:03:35.000000','2021-08-28 00:03:35.000000',1,'/admin/genCodeConfig/page','127.0.0.1','127.0.0.1:60166','{\"page\":1,\"size\":20}'),
	(7570,'2021-08-28 00:03:37.000000','2021-08-28 00:03:37.000000',1,'/admin/genCodeLog/page','127.0.0.1','127.0.0.1:60179','{\"page\":1,\"size\":20}'),
	(7571,'2021-08-28 00:03:39.000000','2021-08-28 00:03:39.000000',1,'/admin/genCodeConfig/firstInfo','127.0.0.1','127.0.0.1:60186',NULL),
	(7572,'2021-08-28 10:02:41.000000','2021-08-28 10:02:41.000000',1,'/admin/baseComm/permmenu','127.0.0.1','127.0.0.1:63344',NULL),
	(7573,'2021-08-28 10:02:42.000000','2021-08-28 10:02:42.000000',1,'/admin/baseComm/person','127.0.0.1','127.0.0.1:63346',NULL),
	(7574,'2021-08-28 10:03:05.000000','2021-08-28 10:03:05.000000',1,'/admin/genCodeLog/page','127.0.0.1','127.0.0.1:63452','{\"page\":1,\"size\":20}'),
	(7575,'2021-08-28 10:03:08.000000','2021-08-28 10:03:08.000000',1,'/admin/genCodeConfig/firstInfo','127.0.0.1','127.0.0.1:63466',NULL),
	(7576,'2021-08-28 11:17:34.000000','2021-08-28 11:17:34.000000',1,'/admin/baseComm/permmenu','127.0.0.1','127.0.0.1:65456',NULL),
	(7577,'2021-08-28 11:17:34.000000','2021-08-28 11:17:34.000000',1,'/admin/baseComm/person','127.0.0.1','127.0.0.1:65459',NULL),
	(7578,'2021-08-28 11:17:35.000000','2021-08-28 11:17:35.000000',1,'/admin/genCodeLog/page','127.0.0.1','127.0.0.1:65466','{\"page\":1,\"size\":20}'),
	(7579,'2021-08-28 11:17:37.000000','2021-08-28 11:17:37.000000',1,'/admin/genCodeConfig/firstInfo','127.0.0.1','127.0.0.1:65477',NULL),
	(7580,'2021-08-28 11:17:54.000000','2021-08-28 11:17:54.000000',1,'/admin/genCodeConfig/firstInfo','127.0.0.1','127.0.0.1:49167',NULL),
	(7581,'2021-08-28 11:20:30.000000','2021-08-28 11:20:30.000000',1,'/admin/baseComm/permmenu','127.0.0.1','127.0.0.1:49834',NULL),
	(7582,'2021-08-28 11:20:30.000000','2021-08-28 11:20:30.000000',1,'/admin/baseComm/person','127.0.0.1','127.0.0.1:49841',NULL),
	(7583,'2021-08-28 11:20:31.000000','2021-08-28 11:20:31.000000',1,'/admin/genCodeLog/page','127.0.0.1','127.0.0.1:49844','{\"page\":1,\"size\":20}'),
	(7584,'2021-08-28 11:20:32.000000','2021-08-28 11:20:32.000000',1,'/admin/genCodeConfig/firstInfo','127.0.0.1','127.0.0.1:49854',NULL),
	(7585,'2021-08-28 11:23:42.000000','2021-08-28 11:23:42.000000',1,'/admin/baseComm/permmenu','127.0.0.1','127.0.0.1:50688',NULL),
	(7586,'2021-08-28 11:23:42.000000','2021-08-28 11:23:42.000000',1,'/admin/baseComm/person','127.0.0.1','127.0.0.1:50695',NULL),
	(7587,'2021-08-28 11:23:43.000000','2021-08-28 11:23:43.000000',1,'/admin/genCodeLog/page','127.0.0.1','127.0.0.1:50701','{\"page\":1,\"size\":20}'),
	(7588,'2021-08-28 11:23:54.000000','2021-08-28 11:23:54.000000',1,'/admin/genCodeConfig/firstInfo','127.0.0.1','127.0.0.1:50746',NULL),
	(7589,'2021-08-28 11:25:41.000000','2021-08-28 11:25:41.000000',1,'/admin/baseComm/permmenu','127.0.0.1','127.0.0.1:51248',NULL),
	(7590,'2021-08-28 11:25:42.000000','2021-08-28 11:25:42.000000',1,'/admin/baseComm/person','127.0.0.1','127.0.0.1:51255',NULL),
	(7591,'2021-08-28 11:25:42.000000','2021-08-28 11:25:42.000000',1,'/admin/genCodeLog/page','127.0.0.1','127.0.0.1:51257','{\"page\":1,\"size\":20}'),
	(7592,'2021-08-28 11:25:44.000000','2021-08-28 11:25:44.000000',1,'/admin/genCodeConfig/firstInfo','127.0.0.1','127.0.0.1:51267',NULL),
	(7593,'2021-08-28 11:29:50.000000','2021-08-28 11:29:50.000000',1,'/admin/baseComm/permmenu','127.0.0.1','127.0.0.1:52301',NULL),
	(7594,'2021-08-28 11:29:50.000000','2021-08-28 11:29:50.000000',1,'/admin/baseComm/person','127.0.0.1','127.0.0.1:52304',NULL),
	(7595,'2021-08-28 11:29:51.000000','2021-08-28 11:29:51.000000',1,'/admin/genCodeLog/page','127.0.0.1','127.0.0.1:52311','{\"page\":1,\"size\":20}'),
	(7596,'2021-08-28 11:29:52.000000','2021-08-28 11:29:52.000000',1,'/admin/genCodeConfig/firstInfo','127.0.0.1','127.0.0.1:52316',NULL),
	(7597,'2021-08-28 11:32:00.000000','2021-08-28 11:32:00.000000',1,'/admin/baseComm/permmenu','127.0.0.1','127.0.0.1:52857',NULL),
	(7598,'2021-08-28 11:32:00.000000','2021-08-28 11:32:00.000000',1,'/admin/baseComm/person','127.0.0.1','127.0.0.1:52864',NULL),
	(7599,'2021-08-28 11:32:01.000000','2021-08-28 11:32:01.000000',1,'/admin/genCodeLog/page','127.0.0.1','127.0.0.1:52867','{\"page\":1,\"size\":20}'),
	(7600,'2021-08-28 11:32:02.000000','2021-08-28 11:32:02.000000',1,'/admin/genCodeConfig/firstInfo','127.0.0.1','127.0.0.1:52876',NULL),
	(7601,'2021-08-28 11:32:28.000000','2021-08-28 11:32:28.000000',1,'/admin/genCodeConfig/firstInfo','127.0.0.1','127.0.0.1:52993',NULL),
	(7602,'2021-08-28 11:32:34.000000','2021-08-28 11:32:34.000000',1,'/admin/baseComm/permmenu','127.0.0.1','127.0.0.1:53025',NULL),
	(7603,'2021-08-28 11:32:34.000000','2021-08-28 11:32:34.000000',1,'/admin/baseComm/person','127.0.0.1','127.0.0.1:53027',NULL),
	(7604,'2021-08-28 11:32:35.000000','2021-08-28 11:32:35.000000',1,'/admin/genCodeLog/page','127.0.0.1','127.0.0.1:53032','{\"page\":1,\"size\":20}'),
	(7605,'2021-08-28 11:32:36.000000','2021-08-28 11:32:36.000000',1,'/admin/genCodeConfig/firstInfo','127.0.0.1','127.0.0.1:53037',NULL),
	(7606,'2021-08-28 11:38:11.000000','2021-08-28 11:38:11.000000',1,'/admin/baseComm/permmenu','127.0.0.1','127.0.0.1:54452',NULL),
	(7607,'2021-08-28 11:38:11.000000','2021-08-28 11:38:11.000000',1,'/admin/baseComm/person','127.0.0.1','127.0.0.1:54459',NULL),
	(7608,'2021-08-28 11:38:12.000000','2021-08-28 11:38:12.000000',1,'/admin/genCodeLog/page','127.0.0.1','127.0.0.1:54462','{\"page\":1,\"size\":20}'),
	(7609,'2021-08-28 11:38:13.000000','2021-08-28 11:38:13.000000',1,'/admin/genCodeConfig/firstInfo','127.0.0.1','127.0.0.1:54470',NULL),
	(7610,'2021-08-28 11:50:24.000000','2021-08-28 11:50:24.000000',1,'/admin/baseComm/permmenu','127.0.0.1','127.0.0.1:57762',NULL),
	(7611,'2021-08-28 11:50:26.000000','2021-08-28 11:50:26.000000',1,'/admin/baseComm/person','127.0.0.1','127.0.0.1:57775',NULL),
	(7612,'2021-08-28 11:50:26.000000','2021-08-28 11:50:26.000000',1,'/admin/genCodeLog/page','127.0.0.1','127.0.0.1:57776','{\"page\":1,\"size\":20}'),
	(7613,'2021-08-28 11:50:28.000000','2021-08-28 11:50:28.000000',1,'/admin/genCodeConfig/firstInfo','127.0.0.1','127.0.0.1:57786',NULL),
	(7614,'2021-08-28 11:51:11.000000','2021-08-28 11:51:11.000000',1,'/admin/baseComm/permmenu','127.0.0.1','127.0.0.1:57981',NULL),
	(7615,'2021-08-28 11:51:11.000000','2021-08-28 11:51:11.000000',1,'/admin/baseComm/person','127.0.0.1','127.0.0.1:57991',NULL),
	(7616,'2021-08-28 11:51:12.000000','2021-08-28 11:51:12.000000',1,'/admin/genCodeLog/page','127.0.0.1','127.0.0.1:57996','{\"page\":1,\"size\":20}'),
	(7617,'2021-08-28 11:51:14.000000','2021-08-28 11:51:14.000000',1,'/admin/genCodeConfig/firstInfo','127.0.0.1','127.0.0.1:58001',NULL),
	(7618,'2021-08-28 11:51:54.000000','2021-08-28 11:51:54.000000',1,'/admin/baseComm/permmenu','127.0.0.1','127.0.0.1:58183',NULL),
	(7619,'2021-08-28 11:51:54.000000','2021-08-28 11:51:54.000000',1,'/admin/baseComm/person','127.0.0.1','127.0.0.1:58190',NULL),
	(7620,'2021-08-28 11:51:55.000000','2021-08-28 11:51:55.000000',1,'/admin/genCodeLog/page','127.0.0.1','127.0.0.1:58195','{\"page\":1,\"size\":20}'),
	(7621,'2021-08-28 11:52:00.000000','2021-08-28 11:52:00.000000',1,'/admin/genCodeConfig/firstInfo','127.0.0.1','127.0.0.1:58213',NULL),
	(7622,'2021-08-28 11:52:57.000000','2021-08-28 11:52:57.000000',1,'/admin/baseComm/permmenu','127.0.0.1','127.0.0.1:58467',NULL),
	(7623,'2021-08-28 11:52:57.000000','2021-08-28 11:52:57.000000',1,'/admin/baseComm/person','127.0.0.1','127.0.0.1:58474',NULL),
	(7624,'2021-08-28 11:52:58.000000','2021-08-28 11:52:58.000000',1,'/admin/genCodeLog/page','127.0.0.1','127.0.0.1:58476','{\"page\":1,\"size\":20}'),
	(7625,'2021-08-28 11:53:00.000000','2021-08-28 11:53:00.000000',1,'/admin/genCodeConfig/firstInfo','127.0.0.1','127.0.0.1:58486',NULL),
	(7626,'2021-08-28 11:54:58.000000','2021-08-28 11:54:58.000000',1,'/admin/baseComm/permmenu','127.0.0.1','127.0.0.1:59002',NULL),
	(7627,'2021-08-28 11:54:58.000000','2021-08-28 11:54:58.000000',1,'/admin/baseComm/person','127.0.0.1','127.0.0.1:59009',NULL),
	(7628,'2021-08-28 11:54:59.000000','2021-08-28 11:54:59.000000',1,'/admin/genCodeLog/page','127.0.0.1','127.0.0.1:59012','{\"page\":1,\"size\":20}'),
	(7629,'2021-08-28 11:55:01.000000','2021-08-28 11:55:01.000000',1,'/admin/genCodeConfig/firstInfo','127.0.0.1','127.0.0.1:59021',NULL),
	(7630,'2021-08-28 12:01:49.000000','2021-08-28 12:01:49.000000',1,'/admin/baseComm/permmenu','127.0.0.1','127.0.0.1:60766',NULL),
	(7631,'2021-08-28 12:01:49.000000','2021-08-28 12:01:49.000000',1,'/admin/baseComm/person','127.0.0.1','127.0.0.1:60773',NULL),
	(7632,'2021-08-28 12:01:50.000000','2021-08-28 12:01:50.000000',1,'/admin/genCodeLog/page','127.0.0.1','127.0.0.1:60776','{\"page\":1,\"size\":20}'),
	(7633,'2021-08-28 12:02:14.000000','2021-08-28 12:02:14.000000',1,'/admin/genCodeConfig/firstInfo','127.0.0.1','127.0.0.1:60882',NULL),
	(7634,'2021-08-28 12:06:29.000000','2021-08-28 12:06:29.000000',1,'/admin/baseComm/permmenu','127.0.0.1','127.0.0.1:62108',NULL),
	(7635,'2021-08-28 12:06:29.000000','2021-08-28 12:06:29.000000',1,'/admin/baseComm/person','127.0.0.1','127.0.0.1:62115',NULL),
	(7636,'2021-08-28 12:06:30.000000','2021-08-28 12:06:30.000000',1,'/admin/genCodeLog/page','127.0.0.1','127.0.0.1:62118','{\"page\":1,\"size\":20}'),
	(7637,'2021-08-28 12:06:32.000000','2021-08-28 12:06:32.000000',1,'/admin/genCodeConfig/firstInfo','127.0.0.1','127.0.0.1:62128',NULL),
	(7638,'2021-08-28 12:07:01.000000','2021-08-28 12:07:01.000000',1,'/admin/baseComm/permmenu','127.0.0.1','127.0.0.1:62270',NULL),
	(7639,'2021-08-28 12:07:01.000000','2021-08-28 12:07:01.000000',1,'/admin/baseComm/person','127.0.0.1','127.0.0.1:62274',NULL),
	(7640,'2021-08-28 12:07:02.000000','2021-08-28 12:07:02.000000',1,'/admin/genCodeLog/page','127.0.0.1','127.0.0.1:62279','{\"page\":1,\"size\":20}'),
	(7641,'2021-08-28 12:07:03.000000','2021-08-28 12:07:03.000000',1,'/admin/genCodeConfig/firstInfo','127.0.0.1','127.0.0.1:62288',NULL),
	(7642,'2021-08-28 12:08:58.000000','2021-08-28 12:08:58.000000',1,'/admin/baseComm/permmenu','127.0.0.1','127.0.0.1:62804',NULL),
	(7643,'2021-08-28 12:08:58.000000','2021-08-28 12:08:58.000000',1,'/admin/baseComm/person','127.0.0.1','127.0.0.1:62807',NULL),
	(7644,'2021-08-28 12:08:59.000000','2021-08-28 12:08:59.000000',1,'/admin/genCodeLog/page','127.0.0.1','127.0.0.1:62813','{\"page\":1,\"size\":20}'),
	(7645,'2021-08-28 12:09:02.000000','2021-08-28 12:09:02.000000',1,'/admin/genCodeConfig/firstInfo','127.0.0.1','127.0.0.1:62829',NULL),
	(7646,'2021-08-28 12:10:35.000000','2021-08-28 12:10:35.000000',1,'/admin/baseComm/permmenu','127.0.0.1','127.0.0.1:63249',NULL),
	(7647,'2021-08-28 12:10:35.000000','2021-08-28 12:10:35.000000',1,'/admin/baseComm/person','127.0.0.1','127.0.0.1:63257',NULL),
	(7648,'2021-08-28 12:10:36.000000','2021-08-28 12:10:36.000000',1,'/admin/genCodeLog/page','127.0.0.1','127.0.0.1:63263','{\"page\":1,\"size\":20}'),
	(7649,'2021-08-28 12:10:38.000000','2021-08-28 12:10:38.000000',1,'/admin/genCodeConfig/firstInfo','127.0.0.1','127.0.0.1:63268',NULL),
	(7650,'2021-08-28 12:14:27.000000','2021-08-28 12:14:27.000000',1,'/admin/baseComm/permmenu','127.0.0.1','127.0.0.1:64320',NULL),
	(7651,'2021-08-28 12:14:27.000000','2021-08-28 12:14:27.000000',1,'/admin/baseComm/person','127.0.0.1','127.0.0.1:64327',NULL),
	(7652,'2021-08-28 12:14:28.000000','2021-08-28 12:14:28.000000',1,'/admin/genCodeLog/page','127.0.0.1','127.0.0.1:64333','{\"page\":1,\"size\":20}'),
	(7653,'2021-08-28 12:14:30.000000','2021-08-28 12:14:30.000000',1,'/admin/genCodeConfig/firstInfo','127.0.0.1','127.0.0.1:64344',NULL),
	(7654,'2021-08-28 12:15:22.000000','2021-08-28 12:15:22.000000',1,'/admin/baseComm/permmenu','127.0.0.1','127.0.0.1:64578',NULL),
	(7655,'2021-08-28 12:15:22.000000','2021-08-28 12:15:22.000000',1,'/admin/baseComm/person','127.0.0.1','127.0.0.1:64582',NULL),
	(7656,'2021-08-28 12:15:23.000000','2021-08-28 12:15:23.000000',1,'/admin/genCodeLog/page','127.0.0.1','127.0.0.1:64588','{\"page\":1,\"size\":20}'),
	(7657,'2021-08-28 12:15:26.000000','2021-08-28 12:15:26.000000',1,'/admin/genCodeConfig/firstInfo','127.0.0.1','127.0.0.1:64597',NULL),
	(7658,'2021-08-28 12:19:08.000000','2021-08-28 12:19:08.000000',1,'/admin/baseComm/permmenu','127.0.0.1','127.0.0.1:49217',NULL),
	(7659,'2021-08-28 12:19:09.000000','2021-08-28 12:19:09.000000',1,'/admin/baseComm/person','127.0.0.1','127.0.0.1:49220',NULL),
	(7660,'2021-08-28 12:19:10.000000','2021-08-28 12:19:10.000000',1,'/admin/genCodeLog/page','127.0.0.1','127.0.0.1:49227','{\"page\":1,\"size\":20}'),
	(7661,'2021-08-28 12:19:11.000000','2021-08-28 12:19:11.000000',1,'/admin/genCodeConfig/firstInfo','127.0.0.1','127.0.0.1:49233',NULL),
	(7662,'2021-08-28 12:19:54.000000','2021-08-28 12:19:54.000000',1,'/admin/baseComm/permmenu','127.0.0.1','127.0.0.1:49437',NULL),
	(7663,'2021-08-28 12:19:55.000000','2021-08-28 12:19:55.000000',1,'/admin/baseComm/person','127.0.0.1','127.0.0.1:49444',NULL),
	(7664,'2021-08-28 12:19:56.000000','2021-08-28 12:19:56.000000',1,'/admin/genCodeLog/page','127.0.0.1','127.0.0.1:49449','{\"page\":1,\"size\":20}'),
	(7665,'2021-08-28 12:19:57.000000','2021-08-28 12:19:57.000000',1,'/admin/genCodeConfig/firstInfo','127.0.0.1','127.0.0.1:49459',NULL),
	(7666,'2021-08-28 12:21:27.000000','2021-08-28 12:21:27.000000',1,'/admin/baseComm/permmenu','127.0.0.1','127.0.0.1:49850',NULL),
	(7667,'2021-08-28 12:21:27.000000','2021-08-28 12:21:27.000000',1,'/admin/baseComm/person','127.0.0.1','127.0.0.1:49857',NULL),
	(7668,'2021-08-28 12:21:28.000000','2021-08-28 12:21:28.000000',1,'/admin/genCodeLog/page','127.0.0.1','127.0.0.1:49859','{\"page\":1,\"size\":20}'),
	(7669,'2021-08-28 12:21:30.000000','2021-08-28 12:21:30.000000',1,'/admin/genCodeConfig/firstInfo','127.0.0.1','127.0.0.1:49874',NULL),
	(7670,'2021-08-28 12:22:38.000000','2021-08-28 12:22:38.000000',1,'/admin/baseComm/permmenu','127.0.0.1','127.0.0.1:50172',NULL),
	(7671,'2021-08-28 12:22:39.000000','2021-08-28 12:22:39.000000',1,'/admin/baseComm/person','127.0.0.1','127.0.0.1:50175',NULL),
	(7672,'2021-08-28 12:22:40.000000','2021-08-28 12:22:40.000000',1,'/admin/genCodeLog/page','127.0.0.1','127.0.0.1:50186','{\"page\":1,\"size\":20}'),
	(7673,'2021-08-28 12:22:42.000000','2021-08-28 12:22:42.000000',1,'/admin/genCodeConfig/firstInfo','127.0.0.1','127.0.0.1:50195',NULL),
	(7674,'2021-08-28 12:23:32.000000','2021-08-28 12:23:32.000000',1,'/admin/baseComm/permmenu','127.0.0.1','127.0.0.1:50413',NULL),
	(7675,'2021-08-28 12:23:33.000000','2021-08-28 12:23:33.000000',1,'/admin/baseComm/person','127.0.0.1','127.0.0.1:50420',NULL),
	(7676,'2021-08-28 12:23:34.000000','2021-08-28 12:23:34.000000',1,'/admin/genCodeLog/page','127.0.0.1','127.0.0.1:50422','{\"page\":1,\"size\":20}'),
	(7677,'2021-08-28 12:23:35.000000','2021-08-28 12:23:35.000000',1,'/admin/genCodeConfig/firstInfo','127.0.0.1','127.0.0.1:50431',NULL),
	(7678,'2021-08-28 12:26:00.000000','2021-08-28 12:26:00.000000',1,'/admin/baseComm/permmenu','127.0.0.1','127.0.0.1:51085',NULL),
	(7679,'2021-08-28 12:26:01.000000','2021-08-28 12:26:01.000000',1,'/admin/baseComm/person','127.0.0.1','127.0.0.1:51092',NULL),
	(7680,'2021-08-28 12:26:01.000000','2021-08-28 12:26:01.000000',1,'/admin/genCodeLog/page','127.0.0.1','127.0.0.1:51094','{\"page\":1,\"size\":20}'),
	(7681,'2021-08-28 12:26:05.000000','2021-08-28 12:26:05.000000',1,'/admin/genCodeConfig/firstInfo','127.0.0.1','127.0.0.1:51114',NULL),
	(7682,'2021-08-28 12:29:50.000000','2021-08-28 12:29:50.000000',1,'/admin/baseComm/permmenu','127.0.0.1','127.0.0.1:52155',NULL),
	(7683,'2021-08-28 12:29:50.000000','2021-08-28 12:29:50.000000',1,'/admin/baseComm/person','127.0.0.1','127.0.0.1:52158',NULL),
	(7684,'2021-08-28 12:29:51.000000','2021-08-28 12:29:51.000000',1,'/admin/genCodeLog/page','127.0.0.1','127.0.0.1:52164','{\"page\":1,\"size\":20}'),
	(7685,'2021-08-28 12:29:53.000000','2021-08-28 12:29:53.000000',1,'/admin/genCodeConfig/firstInfo','127.0.0.1','127.0.0.1:52174',NULL),
	(7686,'2021-08-28 13:08:33.000000','2021-08-28 13:08:33.000000',1,'/admin/baseComm/permmenu','127.0.0.1','127.0.0.1:61911',NULL),
	(7687,'2021-08-28 13:08:33.000000','2021-08-28 13:08:33.000000',1,'/admin/baseComm/person','127.0.0.1','127.0.0.1:61914',NULL),
	(7688,'2021-08-28 13:08:34.000000','2021-08-28 13:08:34.000000',1,'/admin/genCodeLog/page','127.0.0.1','127.0.0.1:61921','{\"page\":1,\"size\":20}'),
	(7689,'2021-08-28 13:08:38.000000','2021-08-28 13:08:38.000000',1,'/admin/genCodeConfig/firstInfo','127.0.0.1','127.0.0.1:61941',NULL),
	(7690,'2021-08-28 13:11:20.000000','2021-08-28 13:11:20.000000',1,'/admin/baseComm/permmenu','127.0.0.1','127.0.0.1:62640',NULL),
	(7691,'2021-08-28 13:11:21.000000','2021-08-28 13:11:21.000000',1,'/admin/baseComm/person','127.0.0.1','127.0.0.1:62643',NULL),
	(7692,'2021-08-28 13:11:21.000000','2021-08-28 13:11:21.000000',1,'/admin/genCodeLog/page','127.0.0.1','127.0.0.1:62649','{\"page\":1,\"size\":20}'),
	(7693,'2021-08-28 13:11:28.000000','2021-08-28 13:11:28.000000',1,'/admin/genCodeConfig/firstInfo','127.0.0.1','127.0.0.1:62677',NULL),
	(7694,'2021-08-28 13:14:19.000000','2021-08-28 13:14:19.000000',1,'/admin/baseComm/permmenu','127.0.0.1','127.0.0.1:63403',NULL),
	(7695,'2021-08-28 13:14:20.000000','2021-08-28 13:14:20.000000',1,'/admin/baseComm/person','127.0.0.1','127.0.0.1:63410',NULL),
	(7696,'2021-08-28 13:14:21.000000','2021-08-28 13:14:21.000000',1,'/admin/genCodeLog/page','127.0.0.1','127.0.0.1:63417','{\"page\":1,\"size\":20}'),
	(7697,'2021-08-28 13:14:23.000000','2021-08-28 13:14:23.000000',1,'/admin/genCodeConfig/firstInfo','127.0.0.1','127.0.0.1:63426',NULL),
	(7698,'2021-08-28 13:15:55.000000','2021-08-28 13:15:55.000000',1,'/admin/baseComm/permmenu','127.0.0.1','127.0.0.1:63833',NULL),
	(7699,'2021-08-28 13:15:55.000000','2021-08-28 13:15:55.000000',1,'/admin/baseComm/person','127.0.0.1','127.0.0.1:63836',NULL),
	(7700,'2021-08-28 13:15:56.000000','2021-08-28 13:15:56.000000',1,'/admin/genCodeLog/page','127.0.0.1','127.0.0.1:63842','{\"page\":1,\"size\":20}'),
	(7701,'2021-08-28 13:15:59.000000','2021-08-28 13:15:59.000000',1,'/admin/genCodeConfig/firstInfo','127.0.0.1','127.0.0.1:63857',NULL),
	(7702,'2021-08-28 13:17:03.000000','2021-08-28 13:17:03.000000',1,'/admin/baseComm/permmenu','127.0.0.1','127.0.0.1:64159',NULL),
	(7703,'2021-08-28 13:17:04.000000','2021-08-28 13:17:04.000000',1,'/admin/baseComm/person','127.0.0.1','127.0.0.1:64162',NULL),
	(7704,'2021-08-28 13:17:05.000000','2021-08-28 13:17:05.000000',1,'/admin/genCodeLog/page','127.0.0.1','127.0.0.1:64168','{\"page\":1,\"size\":20}'),
	(7705,'2021-08-28 13:17:08.000000','2021-08-28 13:17:08.000000',1,'/admin/genCodeConfig/firstInfo','127.0.0.1','127.0.0.1:64183',NULL),
	(7706,'2021-08-28 14:21:23.000000','2021-08-28 14:21:23.000000',1,'/admin/baseComm/permmenu','127.0.0.1','127.0.0.1:63796',NULL),
	(7707,'2021-08-28 14:21:24.000000','2021-08-28 14:21:24.000000',1,'/admin/baseComm/person','127.0.0.1','127.0.0.1:63799',NULL),
	(7708,'2021-08-28 14:21:24.000000','2021-08-28 14:21:24.000000',1,'/admin/genCodeLog/page','127.0.0.1','127.0.0.1:63806','{\"page\":1,\"size\":20}'),
	(7709,'2021-08-28 14:21:31.000000','2021-08-28 14:21:31.000000',1,'/admin/genCodeConfig/firstInfo','127.0.0.1','127.0.0.1:63836',NULL),
	(7710,'2021-08-28 14:23:58.000000','2021-08-28 14:23:58.000000',1,'/admin/baseComm/permmenu','127.0.0.1','127.0.0.1:64461',NULL),
	(7711,'2021-08-28 14:23:59.000000','2021-08-28 14:23:59.000000',1,'/admin/baseComm/person','127.0.0.1','127.0.0.1:64468',NULL),
	(7712,'2021-08-28 14:24:00.000000','2021-08-28 14:24:00.000000',1,'/admin/genCodeLog/page','127.0.0.1','127.0.0.1:64475','{\"page\":1,\"size\":20}'),
	(7713,'2021-08-28 14:24:02.000000','2021-08-28 14:24:02.000000',1,'/admin/genCodeConfig/firstInfo','127.0.0.1','127.0.0.1:64484',NULL),
	(7714,'2021-08-28 14:26:57.000000','2021-08-28 14:26:57.000000',1,'/admin/baseComm/permmenu','127.0.0.1','127.0.0.1:65252',NULL),
	(7715,'2021-08-28 14:26:58.000000','2021-08-28 14:26:58.000000',1,'/admin/baseComm/person','127.0.0.1','127.0.0.1:65259',NULL),
	(7716,'2021-08-28 14:26:59.000000','2021-08-28 14:26:59.000000',1,'/admin/genCodeLog/page','127.0.0.1','127.0.0.1:65266','{\"page\":1,\"size\":20}'),
	(7717,'2021-08-28 14:28:02.000000','2021-08-28 14:28:02.000000',1,'/admin/baseComm/permmenu','127.0.0.1','127.0.0.1:49173',NULL),
	(7718,'2021-08-28 14:28:03.000000','2021-08-28 14:28:03.000000',1,'/admin/baseComm/person','127.0.0.1','127.0.0.1:49176',NULL),
	(7719,'2021-08-28 14:28:03.000000','2021-08-28 14:28:03.000000',1,'/admin/genCodeLog/page','127.0.0.1','127.0.0.1:49182','{\"page\":1,\"size\":20}'),
	(7720,'2021-08-28 14:29:13.000000','2021-08-28 14:29:13.000000',1,'/admin/genCodeConfig/firstInfo','127.0.0.1','127.0.0.1:49473',NULL),
	(7721,'2021-08-28 14:30:49.000000','2021-08-28 14:30:49.000000',1,'/admin/baseComm/permmenu','127.0.0.1','127.0.0.1:49901',NULL),
	(7722,'2021-08-28 14:30:49.000000','2021-08-28 14:30:49.000000',1,'/admin/baseComm/person','127.0.0.1','127.0.0.1:49906',NULL),
	(7723,'2021-08-28 14:30:50.000000','2021-08-28 14:30:50.000000',1,'/admin/genCodeLog/page','127.0.0.1','127.0.0.1:49914','{\"page\":1,\"size\":20}'),
	(7724,'2021-08-28 14:31:58.000000','2021-08-28 14:31:58.000000',1,'/admin/genCodeConfig/firstInfo','127.0.0.1','127.0.0.1:50193',NULL),
	(7725,'2021-08-28 14:33:10.000000','2021-08-28 14:33:10.000000',1,'/admin/baseComm/permmenu','127.0.0.1','127.0.0.1:50521',NULL),
	(7726,'2021-08-28 14:33:10.000000','2021-08-28 14:33:10.000000',1,'/admin/baseComm/person','127.0.0.1','127.0.0.1:50524',NULL),
	(7727,'2021-08-28 14:33:11.000000','2021-08-28 14:33:11.000000',1,'/admin/genCodeLog/page','127.0.0.1','127.0.0.1:50531','{\"page\":1,\"size\":20}'),
	(7728,'2021-08-28 14:33:13.000000','2021-08-28 14:33:13.000000',1,'/admin/genCodeConfig/firstInfo','127.0.0.1','127.0.0.1:50541',NULL),
	(7729,'2021-08-28 14:36:21.000000','2021-08-28 14:36:21.000000',1,'/admin/baseComm/permmenu','127.0.0.1','127.0.0.1:51354',NULL),
	(7730,'2021-08-28 14:36:22.000000','2021-08-28 14:36:22.000000',1,'/admin/baseComm/person','127.0.0.1','127.0.0.1:51361',NULL),
	(7731,'2021-08-28 14:36:22.000000','2021-08-28 14:36:22.000000',1,'/admin/genCodeLog/page','127.0.0.1','127.0.0.1:51364','{\"page\":1,\"size\":20}'),
	(7732,'2021-08-28 14:36:25.000000','2021-08-28 14:36:25.000000',1,'/admin/genCodeConfig/firstInfo','127.0.0.1','127.0.0.1:51378',NULL),
	(7733,'2021-08-28 14:37:54.000000','2021-08-28 14:37:54.000000',1,'/admin/baseComm/permmenu','127.0.0.1','127.0.0.1:51768',NULL),
	(7734,'2021-08-28 14:37:54.000000','2021-08-28 14:37:54.000000',1,'/admin/baseComm/person','127.0.0.1','127.0.0.1:51775',NULL),
	(7735,'2021-08-28 14:37:55.000000','2021-08-28 14:37:55.000000',1,'/admin/genCodeLog/page','127.0.0.1','127.0.0.1:51781','{\"page\":1,\"size\":20}'),
	(7736,'2021-08-28 14:37:57.000000','2021-08-28 14:37:57.000000',1,'/admin/genCodeConfig/firstInfo','127.0.0.1','127.0.0.1:51791',NULL),
	(7737,'2021-08-28 14:38:31.000000','2021-08-28 14:38:31.000000',1,'/admin/baseComm/permmenu','127.0.0.1','127.0.0.1:51944',NULL),
	(7738,'2021-08-28 14:38:32.000000','2021-08-28 14:38:32.000000',1,'/admin/baseComm/person','127.0.0.1','127.0.0.1:51952',NULL),
	(7739,'2021-08-28 14:38:33.000000','2021-08-28 14:38:33.000000',1,'/admin/genCodeLog/page','127.0.0.1','127.0.0.1:51957','{\"page\":1,\"size\":20}'),
	(7740,'2021-08-28 14:38:34.000000','2021-08-28 14:38:34.000000',1,'/admin/genCodeConfig/firstInfo','127.0.0.1','127.0.0.1:51962',NULL),
	(7741,'2021-08-28 14:40:32.000000','2021-08-28 14:40:32.000000',1,'/admin/baseComm/permmenu','127.0.0.1','127.0.0.1:52493',NULL),
	(7742,'2021-08-28 14:40:32.000000','2021-08-28 14:40:32.000000',1,'/admin/baseComm/person','127.0.0.1','127.0.0.1:52500',NULL),
	(7743,'2021-08-28 14:40:33.000000','2021-08-28 14:40:33.000000',1,'/admin/genCodeLog/page','127.0.0.1','127.0.0.1:52503','{\"page\":1,\"size\":20}'),
	(7744,'2021-08-28 14:40:34.000000','2021-08-28 14:40:34.000000',1,'/admin/genCodeConfig/firstInfo','127.0.0.1','127.0.0.1:52512',NULL),
	(7745,'2021-08-28 14:41:24.000000','2021-08-28 14:41:24.000000',1,'/admin/baseComm/permmenu','127.0.0.1','127.0.0.1:52734',NULL),
	(7746,'2021-08-28 14:41:24.000000','2021-08-28 14:41:24.000000',1,'/admin/baseComm/person','127.0.0.1','127.0.0.1:52737',NULL),
	(7747,'2021-08-28 14:41:25.000000','2021-08-28 14:41:25.000000',1,'/admin/genCodeLog/page','127.0.0.1','127.0.0.1:52742','{\"page\":1,\"size\":20}'),
	(7748,'2021-08-28 14:41:27.000000','2021-08-28 14:41:27.000000',1,'/admin/genCodeConfig/firstInfo','127.0.0.1','127.0.0.1:52752',NULL),
	(7749,'2021-08-28 14:42:26.000000','2021-08-28 14:42:26.000000',1,'/admin/baseComm/permmenu','127.0.0.1','127.0.0.1:53025',NULL),
	(7750,'2021-08-28 14:42:27.000000','2021-08-28 14:42:27.000000',1,'/admin/baseComm/person','127.0.0.1','127.0.0.1:53028',NULL),
	(7751,'2021-08-28 14:42:27.000000','2021-08-28 14:42:27.000000',1,'/admin/genCodeLog/page','127.0.0.1','127.0.0.1:53034','{\"page\":1,\"size\":20}'),
	(7752,'2021-08-28 14:42:34.000000','2021-08-28 14:42:34.000000',1,'/admin/genCodeConfig/firstInfo','127.0.0.1','127.0.0.1:53066',NULL),
	(7753,'2021-08-28 14:46:16.000000','2021-08-28 14:46:16.000000',1,'/admin/genCodeConfig/firstInfo','127.0.0.1','127.0.0.1:54062',NULL),
	(7754,'2021-08-28 14:48:03.000000','2021-08-28 14:48:03.000000',1,'/admin/baseComm/permmenu','127.0.0.1','127.0.0.1:54530',NULL),
	(7755,'2021-08-28 14:48:04.000000','2021-08-28 14:48:04.000000',1,'/admin/baseComm/person','127.0.0.1','127.0.0.1:54533',NULL),
	(7756,'2021-08-28 14:48:04.000000','2021-08-28 14:48:04.000000',1,'/admin/genCodeLog/page','127.0.0.1','127.0.0.1:54540','{\"page\":1,\"size\":20}'),
	(7757,'2021-08-28 14:48:06.000000','2021-08-28 14:48:06.000000',1,'/admin/genCodeConfig/firstInfo','127.0.0.1','127.0.0.1:54549',NULL),
	(7758,'2021-08-28 14:50:18.000000','2021-08-28 14:50:18.000000',1,'/admin/baseComm/permmenu','127.0.0.1','127.0.0.1:55136',NULL),
	(7759,'2021-08-28 14:50:18.000000','2021-08-28 14:50:18.000000',1,'/admin/baseComm/person','127.0.0.1','127.0.0.1:55139',NULL),
	(7760,'2021-08-28 14:50:19.000000','2021-08-28 14:50:19.000000',1,'/admin/genCodeLog/page','127.0.0.1','127.0.0.1:55146','{\"page\":1,\"size\":20}'),
	(7761,'2021-08-28 14:50:21.000000','2021-08-28 14:50:21.000000',1,'/admin/genCodeConfig/firstInfo','127.0.0.1','127.0.0.1:55151',NULL),
	(7762,'2021-08-28 14:53:11.000000','2021-08-28 14:53:11.000000',1,'/admin/baseComm/permmenu','127.0.0.1','127.0.0.1:55878',NULL),
	(7763,'2021-08-28 14:53:11.000000','2021-08-28 14:53:11.000000',1,'/admin/baseComm/person','127.0.0.1','127.0.0.1:55885',NULL),
	(7764,'2021-08-28 14:53:11.000000','2021-08-28 14:53:11.000000',1,'/admin/genCodeLog/page','127.0.0.1','127.0.0.1:55888','{\"page\":1,\"size\":20}'),
	(7765,'2021-08-28 14:53:16.000000','2021-08-28 14:53:16.000000',1,'/admin/genCodeConfig/firstInfo','127.0.0.1','127.0.0.1:55913',NULL),
	(7766,'2021-08-28 14:54:02.000000','2021-08-28 14:54:02.000000',1,'/admin/baseComm/permmenu','127.0.0.1','127.0.0.1:56133',NULL),
	(7767,'2021-08-28 14:54:03.000000','2021-08-28 14:54:03.000000',1,'/admin/baseComm/person','127.0.0.1','127.0.0.1:56136',NULL),
	(7768,'2021-08-28 14:54:04.000000','2021-08-28 14:54:04.000000',1,'/admin/genCodeLog/page','127.0.0.1','127.0.0.1:56141','{\"page\":1,\"size\":20}'),
	(7769,'2021-08-28 14:54:05.000000','2021-08-28 14:54:05.000000',1,'/admin/genCodeConfig/firstInfo','127.0.0.1','127.0.0.1:56146',NULL),
	(7770,'2021-08-28 14:57:58.000000','2021-08-28 14:57:58.000000',1,'/admin/baseComm/permmenu','127.0.0.1','127.0.0.1:57134',NULL),
	(7771,'2021-08-28 14:57:59.000000','2021-08-28 14:57:59.000000',1,'/admin/baseComm/person','127.0.0.1','127.0.0.1:57141',NULL),
	(7772,'2021-08-28 14:57:59.000000','2021-08-28 14:57:59.000000',1,'/admin/genCodeLog/page','127.0.0.1','127.0.0.1:57148','{\"page\":1,\"size\":20}'),
	(7773,'2021-08-28 14:58:01.000000','2021-08-28 14:58:01.000000',1,'/admin/genCodeConfig/firstInfo','127.0.0.1','127.0.0.1:57156',NULL),
	(7774,'2021-08-28 14:58:56.000000','2021-08-28 14:58:56.000000',1,'/admin/baseComm/permmenu','127.0.0.1','127.0.0.1:57418',NULL),
	(7775,'2021-08-28 14:58:57.000000','2021-08-28 14:58:57.000000',1,'/admin/baseComm/person','127.0.0.1','127.0.0.1:57425',NULL),
	(7776,'2021-08-28 14:58:58.000000','2021-08-28 14:58:58.000000',1,'/admin/genCodeLog/page','127.0.0.1','127.0.0.1:57426','{\"page\":1,\"size\":20}'),
	(7777,'2021-08-28 14:58:59.000000','2021-08-28 14:58:59.000000',1,'/admin/genCodeConfig/firstInfo','127.0.0.1','127.0.0.1:57436',NULL),
	(7778,'2021-08-28 15:01:21.000000','2021-08-28 15:01:21.000000',1,'/admin/baseComm/permmenu','127.0.0.1','127.0.0.1:58044',NULL),
	(7779,'2021-08-28 15:01:21.000000','2021-08-28 15:01:21.000000',1,'/admin/baseComm/person','127.0.0.1','127.0.0.1:58048',NULL),
	(7780,'2021-08-28 15:01:22.000000','2021-08-28 15:01:22.000000',1,'/admin/genCodeLog/page','127.0.0.1','127.0.0.1:58055','{\"page\":1,\"size\":20}'),
	(7781,'2021-08-28 15:01:29.000000','2021-08-28 15:01:29.000000',1,'/admin/genCodeConfig/firstInfo','127.0.0.1','127.0.0.1:58083',NULL),
	(7782,'2021-08-28 15:02:03.000000','2021-08-28 15:02:03.000000',1,'/admin/baseComm/permmenu','127.0.0.1','127.0.0.1:58239',NULL),
	(7783,'2021-08-28 15:02:03.000000','2021-08-28 15:02:03.000000',1,'/admin/baseComm/person','127.0.0.1','127.0.0.1:58242',NULL),
	(7784,'2021-08-28 15:02:04.000000','2021-08-28 15:02:04.000000',1,'/admin/genCodeLog/page','127.0.0.1','127.0.0.1:58247','{\"page\":1,\"size\":20}'),
	(7785,'2021-08-28 15:02:05.000000','2021-08-28 15:02:05.000000',1,'/admin/genCodeConfig/firstInfo','127.0.0.1','127.0.0.1:58252',NULL),
	(7786,'2021-08-28 15:05:12.000000','2021-08-28 15:05:12.000000',1,'/admin/baseComm/permmenu','127.0.0.1','127.0.0.1:59067',NULL),
	(7787,'2021-08-28 15:05:12.000000','2021-08-28 15:05:12.000000',1,'/admin/baseComm/person','127.0.0.1','127.0.0.1:59074',NULL),
	(7788,'2021-08-28 15:05:13.000000','2021-08-28 15:05:13.000000',1,'/admin/genCodeLog/page','127.0.0.1','127.0.0.1:59077','{\"page\":1,\"size\":20}'),
	(7789,'2021-08-28 15:05:14.000000','2021-08-28 15:05:14.000000',1,'/admin/genCodeConfig/firstInfo','127.0.0.1','127.0.0.1:59087',NULL),
	(7790,'2021-08-28 15:05:47.000000','2021-08-28 15:05:47.000000',1,'/admin/baseComm/permmenu','127.0.0.1','127.0.0.1:59235',NULL),
	(7791,'2021-08-28 15:05:47.000000','2021-08-28 15:05:47.000000',1,'/admin/baseComm/person','127.0.0.1','127.0.0.1:59242',NULL),
	(7792,'2021-08-28 15:05:48.000000','2021-08-28 15:05:48.000000',1,'/admin/genCodeLog/page','127.0.0.1','127.0.0.1:59247','{\"page\":1,\"size\":20}'),
	(7793,'2021-08-28 15:05:50.000000','2021-08-28 15:05:50.000000',1,'/admin/genCodeConfig/firstInfo','127.0.0.1','127.0.0.1:59257',NULL),
	(7794,'2021-08-28 15:06:21.000000','2021-08-28 15:06:21.000000',1,'/admin/genCodeConfig/firstInfo','127.0.0.1','127.0.0.1:59384',NULL),
	(7795,'2021-08-28 15:06:23.000000','2021-08-28 15:06:23.000000',1,'/admin/genCodeConfig/firstInfo','127.0.0.1','127.0.0.1:59398',NULL),
	(7796,'2021-08-28 15:06:35.000000','2021-08-28 15:06:35.000000',1,'/admin/genCodeConfig/firstInfo','127.0.0.1','127.0.0.1:59454',NULL),
	(7797,'2021-08-28 15:06:36.000000','2021-08-28 15:06:36.000000',1,'/admin/genCodeConfig/firstInfo','127.0.0.1','127.0.0.1:59462',NULL),
	(7798,'2021-08-28 15:06:37.000000','2021-08-28 15:06:37.000000',1,'/admin/genCodeConfig/firstInfo','127.0.0.1','127.0.0.1:59469',NULL),
	(7799,'2021-08-28 15:06:38.000000','2021-08-28 15:06:38.000000',1,'/admin/genCodeConfig/firstInfo','127.0.0.1','127.0.0.1:59476',NULL),
	(7800,'2021-08-28 15:06:39.000000','2021-08-28 15:06:39.000000',1,'/admin/genCodeConfig/firstInfo','127.0.0.1','127.0.0.1:59479',NULL),
	(7801,'2021-08-28 15:08:12.000000','2021-08-28 15:08:12.000000',1,'/admin/baseComm/permmenu','127.0.0.1','127.0.0.1:59893',NULL),
	(7802,'2021-08-28 15:08:12.000000','2021-08-28 15:08:12.000000',1,'/admin/baseComm/person','127.0.0.1','127.0.0.1:59900',NULL),
	(7803,'2021-08-28 15:08:13.000000','2021-08-28 15:08:13.000000',1,'/admin/genCodeLog/page','127.0.0.1','127.0.0.1:59903','{\"page\":1,\"size\":20}'),
	(7804,'2021-08-28 15:08:15.000000','2021-08-28 15:08:15.000000',1,'/admin/genCodeConfig/firstInfo','127.0.0.1','127.0.0.1:59912',NULL),
	(7805,'2021-08-28 15:15:18.000000','2021-08-28 15:15:18.000000',1,'/admin/genCodeConfig/firstInfo','127.0.0.1','127.0.0.1:61713',NULL),
	(7806,'2021-08-28 15:15:46.000000','2021-08-28 15:15:46.000000',1,'/admin/baseComm/permmenu','127.0.0.1','127.0.0.1:61851',NULL),
	(7807,'2021-08-28 15:15:47.000000','2021-08-28 15:15:47.000000',1,'/admin/baseComm/person','127.0.0.1','127.0.0.1:61853',NULL),
	(7808,'2021-08-28 15:15:48.000000','2021-08-28 15:15:48.000000',1,'/admin/genCodeLog/page','127.0.0.1','127.0.0.1:61860','{\"page\":1,\"size\":20}'),
	(7809,'2021-08-28 15:15:50.000000','2021-08-28 15:15:50.000000',1,'/admin/genCodeConfig/firstInfo','127.0.0.1','127.0.0.1:61869',NULL),
	(7810,'2021-08-28 15:17:55.000000','2021-08-28 15:17:55.000000',1,'/admin/baseComm/permmenu','127.0.0.1','127.0.0.1:62402',NULL),
	(7811,'2021-08-28 15:17:55.000000','2021-08-28 15:17:55.000000',1,'/admin/baseComm/person','127.0.0.1','127.0.0.1:62409',NULL),
	(7812,'2021-08-28 15:17:56.000000','2021-08-28 15:17:56.000000',1,'/admin/genCodeLog/page','127.0.0.1','127.0.0.1:62416','{\"page\":1,\"size\":20}'),
	(7813,'2021-08-28 15:18:02.000000','2021-08-28 15:18:02.000000',1,'/admin/genCodeConfig/firstInfo','127.0.0.1','127.0.0.1:62440',NULL),
	(7814,'2021-08-28 15:18:39.000000','2021-08-28 15:18:39.000000',1,'/admin/genCodeConfig/firstInfo','127.0.0.1','127.0.0.1:62598',NULL),
	(7815,'2021-08-28 15:18:40.000000','2021-08-28 15:18:40.000000',1,'/admin/genCodeConfig/firstInfo','127.0.0.1','127.0.0.1:62608',NULL),
	(7816,'2021-08-28 15:18:43.000000','2021-08-28 15:18:43.000000',1,'/admin/genCodeConfig/firstInfo','127.0.0.1','127.0.0.1:62623',NULL),
	(7817,'2021-08-28 15:18:44.000000','2021-08-28 15:18:44.000000',1,'/admin/genCodeConfig/firstInfo','127.0.0.1','127.0.0.1:62634',NULL),
	(7818,'2021-08-28 15:18:45.000000','2021-08-28 15:18:45.000000',1,'/admin/genCodeConfig/firstInfo','127.0.0.1','127.0.0.1:62641',NULL),
	(7819,'2021-08-28 15:18:46.000000','2021-08-28 15:18:46.000000',1,'/admin/genCodeConfig/firstInfo','127.0.0.1','127.0.0.1:62649',NULL),
	(7820,'2021-08-28 15:18:47.000000','2021-08-28 15:18:47.000000',1,'/admin/genCodeConfig/firstInfo','127.0.0.1','127.0.0.1:62652',NULL),
	(7821,'2021-08-28 15:20:30.000000','2021-08-28 15:20:30.000000',1,'/admin/baseComm/permmenu','127.0.0.1','127.0.0.1:63120',NULL),
	(7822,'2021-08-28 15:20:30.000000','2021-08-28 15:20:30.000000',1,'/admin/baseComm/person','127.0.0.1','127.0.0.1:63123',NULL),
	(7823,'2021-08-28 15:20:31.000000','2021-08-28 15:20:31.000000',1,'/admin/genCodeLog/page','127.0.0.1','127.0.0.1:63130','{\"page\":1,\"size\":20}'),
	(7824,'2021-08-28 15:20:57.000000','2021-08-28 15:20:57.000000',1,'/admin/genCodeConfig/firstInfo','127.0.0.1','127.0.0.1:63249',NULL),
	(7825,'2021-08-28 15:25:37.000000','2021-08-28 15:25:37.000000',1,'/admin/baseComm/permmenu','127.0.0.1','127.0.0.1:64470',NULL),
	(7826,'2021-08-28 15:25:37.000000','2021-08-28 15:25:37.000000',1,'/admin/baseComm/person','127.0.0.1','127.0.0.1:64477',NULL),
	(7827,'2021-08-28 15:25:38.000000','2021-08-28 15:25:38.000000',1,'/admin/genCodeLog/page','127.0.0.1','127.0.0.1:64484','{\"page\":1,\"size\":20}'),
	(7828,'2021-08-28 15:25:40.000000','2021-08-28 15:25:40.000000',1,'/admin/genCodeConfig/firstInfo','127.0.0.1','127.0.0.1:64494',NULL),
	(7829,'2021-08-28 15:25:45.000000','2021-08-28 15:25:45.000000',1,'/admin/genCodeConfig/firstInfo','127.0.0.1','127.0.0.1:64522',NULL),
	(7830,'2021-08-28 15:27:10.000000','2021-08-28 15:27:10.000000',1,'/admin/baseComm/permmenu','127.0.0.1','127.0.0.1:64890',NULL),
	(7831,'2021-08-28 15:27:10.000000','2021-08-28 15:27:10.000000',1,'/admin/baseComm/person','127.0.0.1','127.0.0.1:64897',NULL),
	(7832,'2021-08-28 15:27:11.000000','2021-08-28 15:27:11.000000',1,'/admin/genCodeLog/page','127.0.0.1','127.0.0.1:64903','{\"page\":1,\"size\":20}'),
	(7833,'2021-08-28 15:27:14.000000','2021-08-28 15:27:14.000000',1,'/admin/genCodeConfig/firstInfo','127.0.0.1','127.0.0.1:64913',NULL),
	(7834,'2021-08-28 15:29:16.000000','2021-08-28 15:29:16.000000',1,'/admin/baseComm/permmenu','127.0.0.1','127.0.0.1:65445',NULL),
	(7835,'2021-08-28 15:29:17.000000','2021-08-28 15:29:17.000000',1,'/admin/baseComm/person','127.0.0.1','127.0.0.1:65448',NULL),
	(7836,'2021-08-28 15:29:17.000000','2021-08-28 15:29:17.000000',1,'/admin/genCodeLog/page','127.0.0.1','127.0.0.1:65455','{\"page\":1,\"size\":20}'),
	(7837,'2021-08-28 15:29:19.000000','2021-08-28 15:29:19.000000',1,'/admin/genCodeConfig/firstInfo','127.0.0.1','127.0.0.1:65464',NULL),
	(7838,'2021-08-28 15:29:23.000000','2021-08-28 15:29:23.000000',1,'/admin/genCodeConfig/firstInfo','127.0.0.1','127.0.0.1:65485',NULL),
	(7839,'2021-08-28 15:29:26.000000','2021-08-28 15:29:26.000000',1,'/admin/genCodeConfig/firstInfo','127.0.0.1','127.0.0.1:65500',NULL),
	(7840,'2021-08-28 15:29:37.000000','2021-08-28 15:29:37.000000',1,'/admin/genCodeConfig/firstInfo','127.0.0.1','127.0.0.1:49165',NULL),
	(7841,'2021-08-28 15:30:37.000000','2021-08-28 15:30:37.000000',1,'/admin/baseComm/permmenu','127.0.0.1','127.0.0.1:49426',NULL),
	(7842,'2021-08-28 15:30:38.000000','2021-08-28 15:30:38.000000',1,'/admin/baseComm/person','127.0.0.1','127.0.0.1:49433',NULL),
	(7843,'2021-08-28 15:30:39.000000','2021-08-28 15:30:39.000000',1,'/admin/genCodeLog/page','127.0.0.1','127.0.0.1:49439','{\"page\":1,\"size\":20}'),
	(7844,'2021-08-28 15:30:40.000000','2021-08-28 15:30:40.000000',1,'/admin/genCodeConfig/firstInfo','127.0.0.1','127.0.0.1:49445',NULL),
	(7845,'2021-08-28 15:30:54.000000','2021-08-28 15:30:54.000000',1,'/admin/genCodeConfig/firstInfo','127.0.0.1','127.0.0.1:49508',NULL),
	(7846,'2021-08-28 15:31:12.000000','2021-08-28 15:31:12.000000',1,'/admin/genCodeConfig/firstInfo','127.0.0.1','127.0.0.1:49587',NULL),
	(7847,'2021-08-28 15:33:30.000000','2021-08-28 15:33:30.000000',1,'/admin/baseComm/permmenu','127.0.0.1','127.0.0.1:50182',NULL),
	(7848,'2021-08-28 15:33:30.000000','2021-08-28 15:33:30.000000',1,'/admin/baseComm/person','127.0.0.1','127.0.0.1:50189',NULL),
	(7849,'2021-08-28 15:33:31.000000','2021-08-28 15:33:31.000000',1,'/admin/genCodeLog/page','127.0.0.1','127.0.0.1:50196','{\"page\":1,\"size\":20}'),
	(7850,'2021-08-28 15:33:34.000000','2021-08-28 15:33:34.000000',1,'/admin/genCodeConfig/firstInfo','127.0.0.1','127.0.0.1:50205',NULL),
	(7851,'2021-08-28 15:34:31.000000','2021-08-28 15:34:31.000000',1,'/admin/baseComm/permmenu','127.0.0.1','127.0.0.1:50471',NULL),
	(7852,'2021-08-28 15:34:31.000000','2021-08-28 15:34:31.000000',1,'/admin/baseComm/person','127.0.0.1','127.0.0.1:50478',NULL),
	(7853,'2021-08-28 15:34:33.000000','2021-08-28 15:34:33.000000',1,'/admin/genCodeLog/page','127.0.0.1','127.0.0.1:50485','{\"page\":1,\"size\":20}'),
	(7854,'2021-08-28 15:34:34.000000','2021-08-28 15:34:34.000000',1,'/admin/genCodeConfig/firstInfo','127.0.0.1','127.0.0.1:50494',NULL),
	(7855,'2021-08-28 15:37:37.000000','2021-08-28 15:37:37.000000',1,'/admin/baseComm/permmenu','127.0.0.1','127.0.0.1:51278',NULL),
	(7856,'2021-08-28 15:37:38.000000','2021-08-28 15:37:38.000000',1,'/admin/baseComm/person','127.0.0.1','127.0.0.1:51285',NULL),
	(7857,'2021-08-28 15:37:39.000000','2021-08-28 15:37:39.000000',1,'/admin/genCodeLog/page','127.0.0.1','127.0.0.1:51297','{\"page\":1,\"size\":20}'),
	(7858,'2021-08-28 15:37:41.000000','2021-08-28 15:37:41.000000',1,'/admin/genCodeConfig/firstInfo','127.0.0.1','127.0.0.1:51306',NULL),
	(7859,'2021-08-28 15:51:55.000000','2021-08-28 15:51:55.000000',1,'/admin/genCodeConfig/firstInfo','127.0.0.1','127.0.0.1:54915',NULL),
	(7860,'2021-08-28 15:52:10.000000','2021-08-28 15:52:10.000000',1,'/admin/genCodeConfig/firstInfo','127.0.0.1','127.0.0.1:54981',NULL),
	(7861,'2021-08-28 15:52:14.000000','2021-08-28 15:52:14.000000',1,'/admin/genCodeConfig/firstInfo','127.0.0.1','127.0.0.1:55007',NULL),
	(7862,'2021-08-28 15:52:21.000000','2021-08-28 15:52:21.000000',1,'/admin/genCodeConfig/save','127.0.0.1','127.0.0.1:55038','{\"dbHost\":\"127.0.0.1\",\"dbPort\":\"3306\",\"dbUser\":\"root\",\"dbPass\":\"123456\",\"dbName\":\"go-easy\",\"dbType\":\"mysql\",\"adminGenPath\":\"/Users/jasonlaw/Documents/develop/go/src/gitee.com/jasonLaw1015/goEasyAdmin/\",\"ServerGenPath\":\"/Users/jasonlaw/Documents/develop/go/src/gitee.com/jasonLaw1015/goEasy/\",\"defaultCreatedAtLabel\":\"createTime\",\"defaultUpdatedAtLabel\":\"updateTime\",\"ignoreTablePrefix\":\"u_,base_\",\"activeCode\":\"\",\"id\":1}'),
	(7863,'2021-08-28 15:52:23.000000','2021-08-28 15:52:23.000000',1,'/admin/genCodeConfig/firstInfo','127.0.0.1','127.0.0.1:55047',NULL),
	(7864,'2021-08-28 15:55:20.000000','2021-08-28 15:55:20.000000',1,'/admin/genCodeConfig/firstInfo','127.0.0.1','127.0.0.1:55812',NULL),
	(7865,'2021-08-28 16:38:40.000000','2021-08-28 16:38:40.000000',1,'/admin/genCodeConfig/firstInfo','127.0.0.1','127.0.0.1:50151',NULL),
	(7866,'2021-08-28 18:00:52.000000','2021-08-28 18:00:52.000000',1,'/admin/baseComm/permmenu','127.0.0.1','127.0.0.1:61602',NULL),
	(7867,'2021-08-28 18:00:54.000000','2021-08-28 18:00:54.000000',1,'/admin/baseComm/person','127.0.0.1','127.0.0.1:61614',NULL),
	(7868,'2021-08-28 18:00:58.000000','2021-08-28 18:00:58.000000',1,'/admin/genCodeLog/page','127.0.0.1','127.0.0.1:61633','{\"page\":1,\"size\":20}'),
	(7869,'2021-08-28 18:01:01.000000','2021-08-28 18:01:01.000000',1,'/admin/genCodeConfig/firstInfo','127.0.0.1','127.0.0.1:61649',NULL),
	(7870,'2021-08-28 18:01:49.000000','2021-08-28 18:01:49.000000',1,'/admin/baseComm/permmenu','127.0.0.1','127.0.0.1:61863',NULL),
	(7871,'2021-08-28 18:01:49.000000','2021-08-28 18:01:49.000000',1,'/admin/baseComm/person','127.0.0.1','127.0.0.1:61865',NULL),
	(7872,'2021-08-28 18:01:50.000000','2021-08-28 18:01:50.000000',1,'/admin/genCodeLog/page','127.0.0.1','127.0.0.1:61871','{\"page\":1,\"size\":20}'),
	(7873,'2021-08-28 18:01:53.000000','2021-08-28 18:01:53.000000',1,'/admin/genCodeConfig/firstInfo','127.0.0.1','127.0.0.1:61884',NULL),
	(7874,'2021-08-28 18:10:49.000000','2021-08-28 18:10:49.000000',1,'/admin/baseComm/permmenu','127.0.0.1','127.0.0.1:64200',NULL),
	(7875,'2021-08-28 18:10:50.000000','2021-08-28 18:10:50.000000',1,'/admin/baseComm/person','127.0.0.1','127.0.0.1:64208',NULL),
	(7876,'2021-08-28 18:10:51.000000','2021-08-28 18:10:51.000000',1,'/admin/genCodeLog/page','127.0.0.1','127.0.0.1:64219','{\"page\":1,\"size\":20}'),
	(7877,'2021-08-28 18:10:54.000000','2021-08-28 18:10:54.000000',1,'/admin/genCodeConfig/firstInfo','127.0.0.1','127.0.0.1:64230',NULL),
	(7878,'2021-08-28 18:38:48.000000','2021-08-28 18:38:48.000000',1,'/admin/genCodeConfig/firstInfo','127.0.0.1','127.0.0.1:54832',NULL),
	(7879,'2021-08-28 18:38:53.000000','2021-08-28 18:38:53.000000',1,'/admin/genCodeConfig/firstInfo','127.0.0.1','127.0.0.1:54863',NULL),
	(7880,'2021-08-28 18:39:13.000000','2021-08-28 18:39:13.000000',1,'/admin/baseComm/permmenu','127.0.0.1','127.0.0.1:54960',NULL),
	(7881,'2021-08-28 18:39:14.000000','2021-08-28 18:39:14.000000',1,'/admin/baseComm/person','127.0.0.1','127.0.0.1:54966',NULL),
	(7882,'2021-08-28 18:39:15.000000','2021-08-28 18:39:15.000000',1,'/admin/genCodeLog/page','127.0.0.1','127.0.0.1:54973','{\"page\":1,\"size\":20}'),
	(7883,'2021-08-28 18:39:31.000000','2021-08-28 18:39:31.000000',1,'/admin/genCodeConfig/firstInfo','127.0.0.1','127.0.0.1:55051',NULL),
	(7884,'2021-08-28 18:40:19.000000','2021-08-28 18:40:19.000000',1,'/admin/baseComm/permmenu','127.0.0.1','127.0.0.1:55265',NULL),
	(7885,'2021-08-28 18:40:19.000000','2021-08-28 18:40:19.000000',1,'/admin/baseComm/person','127.0.0.1','127.0.0.1:55269',NULL),
	(7886,'2021-08-28 18:40:20.000000','2021-08-28 18:40:20.000000',1,'/admin/genCodeLog/page','127.0.0.1','127.0.0.1:55275','{\"page\":1,\"size\":20}'),
	(7887,'2021-08-28 18:40:22.000000','2021-08-28 18:40:22.000000',1,'/admin/genCodeConfig/firstInfo','127.0.0.1','127.0.0.1:55284',NULL),
	(7888,'2021-08-28 18:41:02.000000','2021-08-28 18:41:02.000000',1,'/admin/baseComm/permmenu','127.0.0.1','127.0.0.1:55484',NULL),
	(7889,'2021-08-28 18:41:02.000000','2021-08-28 18:41:02.000000',1,'/admin/baseComm/person','127.0.0.1','127.0.0.1:55487',NULL),
	(7890,'2021-08-28 18:41:03.000000','2021-08-28 18:41:03.000000',1,'/admin/genCodeLog/page','127.0.0.1','127.0.0.1:55491','{\"page\":1,\"size\":20}'),
	(7891,'2021-08-28 18:41:05.000000','2021-08-28 18:41:05.000000',1,'/admin/genCodeConfig/firstInfo','127.0.0.1','127.0.0.1:55501',NULL),
	(7892,'2021-08-28 18:42:20.000000','2021-08-28 18:42:20.000000',1,'/admin/baseComm/permmenu','127.0.0.1','127.0.0.1:55845',NULL),
	(7893,'2021-08-28 18:42:20.000000','2021-08-28 18:42:20.000000',1,'/admin/baseComm/person','127.0.0.1','127.0.0.1:55848',NULL),
	(7894,'2021-08-28 18:42:20.000000','2021-08-28 18:42:20.000000',1,'/admin/genCodeLog/page','127.0.0.1','127.0.0.1:55854','{\"page\":1,\"size\":20}'),
	(7895,'2021-08-28 18:42:23.000000','2021-08-28 18:42:23.000000',1,'/admin/genCodeConfig/firstInfo','127.0.0.1','127.0.0.1:55863',NULL),
	(7896,'2021-08-28 18:43:29.000000','2021-08-28 18:43:29.000000',1,'/admin/baseComm/permmenu','127.0.0.1','127.0.0.1:56172',NULL),
	(7897,'2021-08-28 18:43:29.000000','2021-08-28 18:43:29.000000',1,'/admin/baseComm/person','127.0.0.1','127.0.0.1:56175',NULL),
	(7898,'2021-08-28 18:43:30.000000','2021-08-28 18:43:30.000000',1,'/admin/genCodeLog/page','127.0.0.1','127.0.0.1:56181','{\"page\":1,\"size\":20}'),
	(7899,'2021-08-28 18:43:35.000000','2021-08-28 18:43:35.000000',1,'/admin/genCodeConfig/firstInfo','127.0.0.1','127.0.0.1:56204',NULL),
	(7900,'2021-08-28 18:44:07.000000','2021-08-28 18:44:07.000000',1,'/admin/baseComm/permmenu','127.0.0.1','127.0.0.1:56353',NULL),
	(7901,'2021-08-28 18:44:08.000000','2021-08-28 18:44:08.000000',1,'/admin/baseComm/person','127.0.0.1','127.0.0.1:56356',NULL),
	(7902,'2021-08-28 18:44:09.000000','2021-08-28 18:44:09.000000',1,'/admin/genCodeLog/page','127.0.0.1','127.0.0.1:56361','{\"page\":1,\"size\":20}'),
	(7903,'2021-08-28 18:44:29.000000','2021-08-28 18:44:29.000000',1,'/admin/baseComm/permmenu','127.0.0.1','127.0.0.1:56463',NULL),
	(7904,'2021-08-28 18:44:30.000000','2021-08-28 18:44:30.000000',1,'/admin/baseComm/person','127.0.0.1','127.0.0.1:56469',NULL),
	(7905,'2021-08-28 18:44:30.000000','2021-08-28 18:44:30.000000',1,'/admin/genCodeLog/page','127.0.0.1','127.0.0.1:56474','{\"page\":1,\"size\":20}'),
	(7906,'2021-08-28 18:45:42.000000','2021-08-28 18:45:42.000000',1,'/admin/genCodeConfig/firstInfo','127.0.0.1','127.0.0.1:56776',NULL),
	(7907,'2021-08-28 18:45:50.000000','2021-08-28 18:45:50.000000',1,'/admin/baseComm/permmenu','127.0.0.1','127.0.0.1:56834',NULL),
	(7908,'2021-08-28 18:45:51.000000','2021-08-28 18:45:51.000000',1,'/admin/baseComm/person','127.0.0.1','127.0.0.1:56835',NULL),
	(7909,'2021-08-28 18:45:52.000000','2021-08-28 18:45:52.000000',1,'/admin/genCodeLog/page','127.0.0.1','127.0.0.1:56841','{\"page\":1,\"size\":20}'),
	(7910,'2021-08-28 18:46:24.000000','2021-08-28 18:46:24.000000',1,'/admin/baseComm/permmenu','127.0.0.1','127.0.0.1:56990',NULL),
	(7911,'2021-08-28 18:46:25.000000','2021-08-28 18:46:25.000000',1,'/admin/baseComm/person','127.0.0.1','127.0.0.1:56997',NULL),
	(7912,'2021-08-28 18:46:26.000000','2021-08-28 18:46:26.000000',1,'/admin/genCodeLog/page','127.0.0.1','127.0.0.1:57002','{\"page\":1,\"size\":20}'),
	(7913,'2021-08-28 18:46:27.000000','2021-08-28 18:46:27.000000',1,'/admin/genCodeConfig/firstInfo','127.0.0.1','127.0.0.1:57007',NULL),
	(7914,'2021-08-28 18:46:59.000000','2021-08-28 18:46:59.000000',1,'/admin/baseComm/permmenu','127.0.0.1','127.0.0.1:57153',NULL),
	(7915,'2021-08-28 18:47:00.000000','2021-08-28 18:47:00.000000',1,'/admin/baseComm/person','127.0.0.1','127.0.0.1:57160',NULL),
	(7916,'2021-08-28 18:47:01.000000','2021-08-28 18:47:01.000000',1,'/admin/genCodeLog/page','127.0.0.1','127.0.0.1:57172','{\"page\":1,\"size\":20}'),
	(7917,'2021-08-28 18:47:12.000000','2021-08-28 18:47:12.000000',1,'/admin/genCodeConfig/firstInfo','127.0.0.1','127.0.0.1:57228',NULL),
	(7918,'2021-08-28 18:47:22.000000','2021-08-28 18:47:22.000000',1,'/admin/baseComm/permmenu','127.0.0.1','127.0.0.1:57288',NULL),
	(7919,'2021-08-28 18:47:22.000000','2021-08-28 18:47:22.000000',1,'/admin/baseComm/person','127.0.0.1','127.0.0.1:57293',NULL),
	(7920,'2021-08-28 18:47:23.000000','2021-08-28 18:47:23.000000',1,'/admin/genCodeLog/page','127.0.0.1','127.0.0.1:57298','{\"page\":1,\"size\":20}'),
	(7921,'2021-08-28 18:47:32.000000','2021-08-28 18:47:32.000000',1,'/admin/genCodeConfig/firstInfo','127.0.0.1','127.0.0.1:57335',NULL),
	(7922,'2021-08-28 18:47:41.000000','2021-08-28 18:47:41.000000',1,'/admin/genCodeConfig/firstInfo','127.0.0.1','127.0.0.1:57375',NULL),
	(7923,'2021-08-28 19:58:43.000000','2021-08-28 19:58:43.000000',1,'/admin/baseComm/permmenu','127.0.0.1','127.0.0.1:58737',NULL),
	(7924,'2021-08-28 19:58:43.000000','2021-08-28 19:58:43.000000',1,'/admin/baseComm/person','127.0.0.1','127.0.0.1:58744',NULL),
	(7925,'2021-08-28 19:58:44.000000','2021-08-28 19:58:44.000000',1,'/admin/genCodeLog/page','127.0.0.1','127.0.0.1:58747','{\"page\":1,\"size\":20}'),
	(7926,'2021-08-28 19:58:48.000000','2021-08-28 19:58:48.000000',1,'/admin/genCodeConfig/firstInfo','127.0.0.1','127.0.0.1:58770',NULL),
	(7927,'2021-08-28 19:59:55.000000','2021-08-28 19:59:55.000000',1,'/admin/baseComm/permmenu','127.0.0.1','127.0.0.1:59084',NULL),
	(7928,'2021-08-28 19:59:55.000000','2021-08-28 19:59:55.000000',1,'/admin/baseComm/person','127.0.0.1','127.0.0.1:59087',NULL),
	(7929,'2021-08-28 19:59:56.000000','2021-08-28 19:59:56.000000',1,'/admin/genCodeLog/page','127.0.0.1','127.0.0.1:59093','{\"page\":1,\"size\":20}'),
	(7930,'2021-08-28 20:00:17.000000','2021-08-28 20:00:17.000000',1,'/admin/baseComm/permmenu','127.0.0.1','127.0.0.1:59202',NULL),
	(7931,'2021-08-28 20:00:18.000000','2021-08-28 20:00:18.000000',1,'/admin/baseComm/person','127.0.0.1','127.0.0.1:59204',NULL),
	(7932,'2021-08-28 20:00:18.000000','2021-08-28 20:00:18.000000',1,'/admin/genCodeLog/page','127.0.0.1','127.0.0.1:59209','{\"page\":1,\"size\":20}'),
	(7933,'2021-08-28 20:01:47.000000','2021-08-28 20:01:47.000000',1,'/admin/genCodeConfig/firstInfo','127.0.0.1','127.0.0.1:59580',NULL),
	(7934,'2021-08-28 20:02:15.000000','2021-08-28 20:02:15.000000',1,'/admin/genCodeConfig/firstInfo','127.0.0.1','127.0.0.1:59698',NULL),
	(7935,'2021-08-28 20:04:23.000000','2021-08-28 20:04:23.000000',1,'/admin/baseComm/permmenu','127.0.0.1','127.0.0.1:60257',NULL),
	(7936,'2021-08-28 20:04:24.000000','2021-08-28 20:04:24.000000',1,'/admin/baseComm/person','127.0.0.1','127.0.0.1:60260',NULL),
	(7937,'2021-08-28 20:04:24.000000','2021-08-28 20:04:24.000000',1,'/admin/genCodeLog/page','127.0.0.1','127.0.0.1:60267','{\"page\":1,\"size\":20}'),
	(7938,'2021-08-28 20:09:33.000000','2021-08-28 20:09:33.000000',1,'/admin/genCodeConfig/firstInfo','127.0.0.1','127.0.0.1:61573',NULL),
	(7939,'2021-08-28 20:14:03.000000','2021-08-28 20:14:03.000000',1,'/admin/baseComm/permmenu','127.0.0.1','127.0.0.1:62718',NULL),
	(7940,'2021-08-28 20:14:04.000000','2021-08-28 20:14:04.000000',1,'/admin/baseComm/person','127.0.0.1','127.0.0.1:62721',NULL),
	(7941,'2021-08-28 20:14:04.000000','2021-08-28 20:14:04.000000',1,'/admin/genCodeLog/page','127.0.0.1','127.0.0.1:62728','{\"page\":1,\"size\":20}'),
	(7942,'2021-08-28 20:14:08.000000','2021-08-28 20:14:08.000000',1,'/admin/genCodeConfig/firstInfo','127.0.0.1','127.0.0.1:62746',NULL),
	(7943,'2021-08-28 20:14:41.000000','2021-08-28 20:14:41.000000',1,'/admin/baseComm/permmenu','127.0.0.1','127.0.0.1:62895',NULL),
	(7944,'2021-08-28 20:14:41.000000','2021-08-28 20:14:41.000000',1,'/admin/baseComm/person','127.0.0.1','127.0.0.1:62902',NULL),
	(7945,'2021-08-28 20:14:42.000000','2021-08-28 20:14:42.000000',1,'/admin/genCodeLog/page','127.0.0.1','127.0.0.1:62907','{\"page\":1,\"size\":20}'),
	(7946,'2021-08-28 20:15:03.000000','2021-08-28 20:15:03.000000',1,'/admin/baseComm/permmenu','127.0.0.1','127.0.0.1:63011',NULL),
	(7947,'2021-08-28 20:15:03.000000','2021-08-28 20:15:03.000000',1,'/admin/baseComm/person','127.0.0.1','127.0.0.1:63013',NULL),
	(7948,'2021-08-28 20:15:04.000000','2021-08-28 20:15:04.000000',1,'/admin/genCodeLog/page','127.0.0.1','127.0.0.1:63018','{\"page\":1,\"size\":20}'),
	(7949,'2021-08-28 20:16:02.000000','2021-08-28 20:16:02.000000',1,'/admin/baseComm/permmenu','127.0.0.1','127.0.0.1:63282',NULL),
	(7950,'2021-08-28 20:16:02.000000','2021-08-28 20:16:02.000000',1,'/admin/baseComm/person','127.0.0.1','127.0.0.1:63285',NULL),
	(7951,'2021-08-28 20:16:03.000000','2021-08-28 20:16:03.000000',1,'/admin/genCodeLog/page','127.0.0.1','127.0.0.1:63290','{\"page\":1,\"size\":20}'),
	(7952,'2021-08-28 20:16:06.000000','2021-08-28 20:16:06.000000',1,'/admin/genCodeConfig/firstInfo','127.0.0.1','127.0.0.1:63304',NULL),
	(7953,'2021-08-28 20:16:35.000000','2021-08-28 20:16:35.000000',1,'/admin/baseComm/permmenu','127.0.0.1','127.0.0.1:63448',NULL),
	(7954,'2021-08-28 20:16:36.000000','2021-08-28 20:16:36.000000',1,'/admin/baseComm/person','127.0.0.1','127.0.0.1:63455',NULL),
	(7955,'2021-08-28 20:16:37.000000','2021-08-28 20:16:37.000000',1,'/admin/genCodeLog/page','127.0.0.1','127.0.0.1:63456','{\"page\":1,\"size\":20}'),
	(7956,'2021-08-28 20:16:59.000000','2021-08-28 20:16:59.000000',1,'/admin/baseComm/permmenu','127.0.0.1','127.0.0.1:63568',NULL),
	(7957,'2021-08-28 20:17:00.000000','2021-08-28 20:17:00.000000',1,'/admin/baseComm/person','127.0.0.1','127.0.0.1:63570',NULL),
	(7958,'2021-08-28 20:17:01.000000','2021-08-28 20:17:01.000000',1,'/admin/genCodeLog/page','127.0.0.1','127.0.0.1:63579','{\"page\":1,\"size\":20}'),
	(7959,'2021-08-28 20:18:52.000000','2021-08-28 20:18:52.000000',1,'/admin/baseComm/permmenu','127.0.0.1','127.0.0.1:64047',NULL),
	(7960,'2021-08-28 20:18:53.000000','2021-08-28 20:18:53.000000',1,'/admin/baseComm/person','127.0.0.1','127.0.0.1:64054',NULL),
	(7961,'2021-08-28 20:18:53.000000','2021-08-28 20:18:53.000000',1,'/admin/genCodeLog/page','127.0.0.1','127.0.0.1:64056','{\"page\":1,\"size\":20}'),
	(7962,'2021-08-28 20:18:55.000000','2021-08-28 20:18:55.000000',1,'/admin/genCodeConfig/firstInfo','127.0.0.1','127.0.0.1:64065',NULL),
	(7963,'2021-08-28 20:19:12.000000','2021-08-28 20:19:12.000000',1,'/admin/baseComm/permmenu','127.0.0.1','127.0.0.1:64159',NULL),
	(7964,'2021-08-28 20:19:13.000000','2021-08-28 20:19:13.000000',1,'/admin/baseComm/person','127.0.0.1','127.0.0.1:64165',NULL),
	(7965,'2021-08-28 20:19:14.000000','2021-08-28 20:19:14.000000',1,'/admin/genCodeLog/page','127.0.0.1','127.0.0.1:64170','{\"page\":1,\"size\":20}'),
	(7966,'2021-08-28 20:19:22.000000','2021-08-28 20:19:22.000000',1,'/admin/genCodeConfig/firstInfo','127.0.0.1','127.0.0.1:64205',NULL),
	(7967,'2021-08-28 20:19:38.000000','2021-08-28 20:19:38.000000',1,'/admin/baseComm/permmenu','127.0.0.1','127.0.0.1:64298',NULL),
	(7968,'2021-08-28 20:19:39.000000','2021-08-28 20:19:39.000000',1,'/admin/baseComm/person','127.0.0.1','127.0.0.1:64301',NULL),
	(7969,'2021-08-28 20:19:39.000000','2021-08-28 20:19:39.000000',1,'/admin/genCodeLog/page','127.0.0.1','127.0.0.1:64306','{\"page\":1,\"size\":20}'),
	(7970,'2021-08-28 20:19:55.000000','2021-08-28 20:19:55.000000',1,'/admin/baseComm/permmenu','127.0.0.1','127.0.0.1:64385',NULL),
	(7971,'2021-08-28 20:19:55.000000','2021-08-28 20:19:55.000000',1,'/admin/baseComm/person','127.0.0.1','127.0.0.1:64391',NULL),
	(7972,'2021-08-28 20:19:55.000000','2021-08-28 20:19:55.000000',1,'/admin/genCodeLog/page','127.0.0.1','127.0.0.1:64392','{\"page\":1,\"size\":20}'),
	(7973,'2021-08-28 20:20:58.000000','2021-08-28 20:20:58.000000',1,'/admin/genCodeConfig/firstInfo','127.0.0.1','127.0.0.1:64660',NULL),
	(7974,'2021-08-28 20:21:30.000000','2021-08-28 20:21:30.000000',1,'/admin/baseComm/permmenu','127.0.0.1','127.0.0.1:64809',NULL),
	(7975,'2021-08-28 20:21:30.000000','2021-08-28 20:21:30.000000',1,'/admin/baseComm/person','127.0.0.1','127.0.0.1:64812',NULL),
	(7976,'2021-08-28 20:21:31.000000','2021-08-28 20:21:31.000000',1,'/admin/genCodeLog/page','127.0.0.1','127.0.0.1:64822','{\"page\":1,\"size\":20}'),
	(7977,'2021-08-28 20:21:38.000000','2021-08-28 20:21:38.000000',1,'/admin/genCodeConfig/firstInfo','127.0.0.1','127.0.0.1:64850',NULL),
	(7978,'2021-08-28 20:21:48.000000','2021-08-28 20:21:48.000000',1,'/admin/baseComm/permmenu','127.0.0.1','127.0.0.1:64909',NULL),
	(7979,'2021-08-28 20:21:48.000000','2021-08-28 20:21:48.000000',1,'/admin/baseComm/person','127.0.0.1','127.0.0.1:64910',NULL),
	(7980,'2021-08-28 20:21:49.000000','2021-08-28 20:21:49.000000',1,'/admin/genCodeLog/page','127.0.0.1','127.0.0.1:64915','{\"page\":1,\"size\":20}'),
	(7981,'2021-08-28 20:21:50.000000','2021-08-28 20:21:50.000000',1,'/admin/genCodeConfig/firstInfo','127.0.0.1','127.0.0.1:64925',NULL),
	(7982,'2021-08-28 20:31:26.000000','2021-08-28 20:31:26.000000',1,'/admin/baseComm/permmenu','127.0.0.1','127.0.0.1:50983',NULL),
	(7983,'2021-08-28 20:31:26.000000','2021-08-28 20:31:26.000000',1,'/admin/baseComm/person','127.0.0.1','127.0.0.1:50986',NULL),
	(7984,'2021-08-28 20:31:27.000000','2021-08-28 20:31:27.000000',1,'/admin/genCodeLog/page','127.0.0.1','127.0.0.1:50993','{\"page\":1,\"size\":20}'),
	(7985,'2021-08-28 20:31:51.000000','2021-08-28 20:31:51.000000',1,'/admin/genCodeConfig/firstInfo','127.0.0.1','127.0.0.1:51098',NULL),
	(7986,'2021-08-28 20:32:17.000000','2021-08-28 20:32:17.000000',1,'/admin/genCodeConfig/save','127.0.0.1','127.0.0.1:51209','{\"dbHost\":\"127.0.0.1\",\"dbPort\":\"3306\",\"dbUser\":\"root\",\"dbPass\":\"123456\",\"dbName\":\"go-easy\",\"dbType\":\"mysql\",\"adminGenPath\":\"/Users/jasonlaw/Documents/develop/go/src/gitee.com/jasonLaw1015/goEasyAdmin/\",\"ServerGenPath\":\"/Users/jasonlaw/Documents/develop/go/src/gitee.com/jasonLaw1015/goEasy/\",\"defaultCreatedAtLabel\":\"createTime\",\"defaultUpdatedAtLabel\":\"updateTime\",\"ignoreTablePrefix\":\"u_,base_\",\"activeCode\":\"abcjasonlaw\",\"id\":1}'),
	(7987,'2021-08-28 20:32:22.000000','2021-08-28 20:32:22.000000',1,'/admin/genCodeConfig/firstInfo','127.0.0.1','127.0.0.1:51232',NULL),
	(7988,'2021-08-28 20:32:25.000000','2021-08-28 20:32:25.000000',1,'/admin/genCodeConfig/firstInfo','127.0.0.1','127.0.0.1:51249',NULL),
	(7989,'2021-08-28 20:32:27.000000','2021-08-28 20:32:27.000000',1,'/admin/genCodeConfig/firstInfo','127.0.0.1','127.0.0.1:51264',NULL),
	(7990,'2021-08-28 20:32:33.000000','2021-08-28 20:32:33.000000',1,'/admin/genCodeConfig/firstInfo','127.0.0.1','127.0.0.1:51291',NULL),
	(7991,'2021-08-28 20:33:04.000000','2021-08-28 20:33:04.000000',1,'/admin/baseComm/permmenu','127.0.0.1','127.0.0.1:51438',NULL),
	(7992,'2021-08-28 20:33:06.000000','2021-08-28 20:33:06.000000',1,'/admin/baseComm/person','127.0.0.1','127.0.0.1:51450',NULL),
	(7993,'2021-08-28 20:33:08.000000','2021-08-28 20:33:08.000000',1,'/admin/genCodeLog/page','127.0.0.1','127.0.0.1:51465','{\"page\":1,\"size\":20}'),
	(7994,'2021-08-28 20:33:22.000000','2021-08-28 20:33:22.000000',1,'/admin/genCodeConfig/firstInfo','127.0.0.1','127.0.0.1:51525',NULL),
	(7995,'2021-08-28 20:33:31.000000','2021-08-28 20:33:31.000000',1,'/admin/baseComm/permmenu','127.0.0.1','127.0.0.1:51578',NULL),
	(7996,'2021-08-28 20:33:32.000000','2021-08-28 20:33:32.000000',1,'/admin/baseComm/person','127.0.0.1','127.0.0.1:51583',NULL),
	(7997,'2021-08-28 20:33:32.000000','2021-08-28 20:33:32.000000',1,'/admin/genCodeLog/page','127.0.0.1','127.0.0.1:51588','{\"page\":1,\"size\":20}'),
	(7998,'2021-08-28 20:36:10.000000','2021-08-28 20:36:10.000000',1,'/admin/genCodeConfig/firstInfo','127.0.0.1','127.0.0.1:52258',NULL),
	(7999,'2021-08-28 20:40:09.000000','2021-08-28 20:40:09.000000',1,'/admin/baseComm/permmenu','127.0.0.1','127.0.0.1:53318',NULL),
	(8000,'2021-08-28 20:40:09.000000','2021-08-28 20:40:09.000000',1,'/admin/baseComm/person','127.0.0.1','127.0.0.1:53325',NULL),
	(8001,'2021-08-28 20:40:10.000000','2021-08-28 20:40:10.000000',1,'/admin/genCodeLog/page','127.0.0.1','127.0.0.1:53328','{\"page\":1,\"size\":20}'),
	(8002,'2021-08-28 20:40:17.000000','2021-08-28 20:40:17.000000',1,'/admin/genCodeConfig/firstInfo','127.0.0.1','127.0.0.1:53360',NULL),
	(8003,'2021-08-28 20:40:46.000000','2021-08-28 20:40:46.000000',1,'/admin/baseComm/permmenu','127.0.0.1','127.0.0.1:53503',NULL),
	(8004,'2021-08-28 20:40:47.000000','2021-08-28 20:40:47.000000',1,'/admin/baseComm/person','127.0.0.1','127.0.0.1:53506',NULL),
	(8005,'2021-08-28 20:40:48.000000','2021-08-28 20:40:48.000000',1,'/admin/genCodeLog/page','127.0.0.1','127.0.0.1:53519','{\"page\":1,\"size\":20}'),
	(8006,'2021-08-28 20:41:23.000000','2021-08-28 20:41:23.000000',1,'/admin/baseComm/permmenu','127.0.0.1','127.0.0.1:53684',NULL),
	(8007,'2021-08-28 20:41:24.000000','2021-08-28 20:41:24.000000',1,'/admin/baseComm/person','127.0.0.1','127.0.0.1:53691',NULL),
	(8008,'2021-08-28 20:41:24.000000','2021-08-28 20:41:24.000000',1,'/admin/genCodeLog/page','127.0.0.1','127.0.0.1:53692','{\"page\":1,\"size\":20}'),
	(8009,'2021-08-28 20:45:19.000000','2021-08-28 20:45:19.000000',1,'/admin/baseComm/permmenu','127.0.0.1','127.0.0.1:54700',NULL),
	(8010,'2021-08-28 20:45:20.000000','2021-08-28 20:45:20.000000',1,'/admin/baseComm/person','127.0.0.1','127.0.0.1:54703',NULL),
	(8011,'2021-08-28 20:45:20.000000','2021-08-28 20:45:20.000000',1,'/admin/genCodeLog/page','127.0.0.1','127.0.0.1:54710','{\"page\":1,\"size\":20}'),
	(8012,'2021-08-28 20:45:26.000000','2021-08-28 20:45:26.000000',1,'/admin/genCodeLog/page','127.0.0.1','127.0.0.1:54739','{\"page\":1,\"size\":20,\"sort\":\"asc\",\"order\":\"createTime\"}'),
	(8013,'2021-08-28 20:45:27.000000','2021-08-28 20:45:27.000000',1,'/admin/genCodeLog/page','127.0.0.1','127.0.0.1:54746','{\"page\":1,\"size\":20,\"sort\":\"desc\",\"order\":\"createTime\"}'),
	(8014,'2021-08-28 20:45:48.000000','2021-08-28 20:45:48.000000',1,'/admin/baseComm/permmenu','127.0.0.1','127.0.0.1:54851',NULL),
	(8015,'2021-08-28 20:45:49.000000','2021-08-28 20:45:49.000000',1,'/admin/baseComm/person','127.0.0.1','127.0.0.1:54853',NULL),
	(8016,'2021-08-28 20:45:49.000000','2021-08-28 20:45:49.000000',1,'/admin/genCodeLog/page','127.0.0.1','127.0.0.1:54858','{\"page\":1,\"size\":20}'),
	(8017,'2021-08-28 20:47:15.000000','2021-08-28 20:47:15.000000',1,'/admin/baseComm/permmenu','127.0.0.1','127.0.0.1:55231',NULL),
	(8018,'2021-08-28 20:47:15.000000','2021-08-28 20:47:15.000000',1,'/admin/baseComm/person','127.0.0.1','127.0.0.1:55238',NULL),
	(8019,'2021-08-28 20:47:16.000000','2021-08-28 20:47:16.000000',1,'/admin/genCodeLog/page','127.0.0.1','127.0.0.1:55240','{\"page\":1,\"size\":20}'),
	(8020,'2021-08-28 20:49:16.000000','2021-08-28 20:49:16.000000',1,'/admin/baseSysLog/page','127.0.0.1','127.0.0.1:55748','{\"page\":1,\"size\":20,\"sort\":\"desc\",\"order\":\"createTime\"}'),
	(8021,'2021-08-28 20:49:16.000000','2021-08-28 20:49:16.000000',1,'/admin/baseSysLog/getKeep','127.0.0.1','127.0.0.1:55752',NULL),
	(8022,'2021-08-28 20:49:28.000000','2021-08-28 20:49:28.000000',1,'/admin/baseSysLog/page','127.0.0.1','127.0.0.1:55807','{\"page\":1,\"size\":20,\"order\":null,\"prop\":null}'),
	(8023,'2021-08-28 20:49:29.000000','2021-08-28 20:49:29.000000',1,'/admin/baseSysLog/page','127.0.0.1','127.0.0.1:55816','{\"page\":1,\"size\":20,\"sort\":\"desc\",\"order\":\"createTime\"}'),
	(8024,'2021-08-28 20:49:31.000000','2021-08-28 20:49:31.000000',1,'/admin/baseSysLog/page','127.0.0.1','127.0.0.1:55827','{\"page\":1,\"size\":20,\"order\":null,\"prop\":null}'),
	(8025,'2021-08-28 20:49:32.000000','2021-08-28 20:49:32.000000',1,'/admin/baseSysLog/page','127.0.0.1','127.0.0.1:55834','{\"page\":1,\"size\":20,\"sort\":\"desc\",\"order\":\"createTime\"}'),
	(8026,'2021-08-28 20:49:56.000000','2021-08-28 20:49:56.000000',1,'/admin/genCodeLog/page','127.0.0.1','127.0.0.1:55938','{\"page\":1,\"size\":20}'),
	(8027,'2021-08-28 20:50:03.000000','2021-08-28 20:50:03.000000',1,'/admin/baseComm/permmenu','127.0.0.1','127.0.0.1:55984',NULL),
	(8028,'2021-08-28 20:50:04.000000','2021-08-28 20:50:04.000000',1,'/admin/baseComm/person','127.0.0.1','127.0.0.1:55985',NULL),
	(8029,'2021-08-28 20:50:04.000000','2021-08-28 20:50:04.000000',1,'/admin/genCodeLog/page','127.0.0.1','127.0.0.1:55992','{\"page\":1,\"size\":20}'),
	(8030,'2021-08-28 20:51:57.000000','2021-08-28 20:51:57.000000',1,'/admin/baseComm/permmenu','127.0.0.1','127.0.0.1:56474',NULL),
	(8031,'2021-08-28 20:51:57.000000','2021-08-28 20:51:57.000000',1,'/admin/baseComm/person','127.0.0.1','127.0.0.1:56481',NULL),
	(8032,'2021-08-28 20:51:58.000000','2021-08-28 20:51:58.000000',1,'/admin/genCodeLog/page','127.0.0.1','127.0.0.1:56483','{\"page\":1,\"size\":20}'),
	(8033,'2021-08-28 20:52:28.000000','2021-08-28 20:52:28.000000',1,'/admin/baseComm/permmenu','127.0.0.1','127.0.0.1:56628',NULL),
	(8034,'2021-08-28 20:52:29.000000','2021-08-28 20:52:29.000000',1,'/admin/baseComm/person','127.0.0.1','127.0.0.1:56634',NULL),
	(8035,'2021-08-28 20:52:30.000000','2021-08-28 20:52:30.000000',1,'/admin/genCodeLog/page','127.0.0.1','127.0.0.1:56640','{\"page\":1,\"size\":20}'),
	(8036,'2021-08-28 20:52:33.000000','2021-08-28 20:52:33.000000',1,'/admin/genCodeLog/page','127.0.0.1','127.0.0.1:56653','{\"page\":1,\"size\":20,\"sort\":\"asc\",\"order\":\"createTime\"}'),
	(8037,'2021-08-28 20:52:34.000000','2021-08-28 20:52:34.000000',1,'/admin/genCodeLog/page','127.0.0.1','127.0.0.1:56660','{\"page\":1,\"size\":20,\"prop\":null,\"order\":null}'),
	(8038,'2021-08-28 20:52:37.000000','2021-08-28 20:52:37.000000',1,'/admin/genCodeLog/page','127.0.0.1','127.0.0.1:56677','{\"page\":1,\"size\":20,\"sort\":\"desc\",\"order\":\"createTime\"}'),
	(8039,'2021-08-28 20:52:38.000000','2021-08-28 20:52:38.000000',1,'/admin/genCodeLog/page','127.0.0.1','127.0.0.1:56684','{\"page\":1,\"size\":20,\"prop\":null,\"order\":null}'),
	(8040,'2021-08-28 20:52:46.000000','2021-08-28 20:52:46.000000',1,'/admin/genCodeConfig/firstInfo','127.0.0.1','127.0.0.1:56719',NULL),
	(8041,'2021-08-28 20:52:52.000000','2021-08-28 20:52:52.000000',1,'/admin/genCodeConfig/save','127.0.0.1','127.0.0.1:56746','{\"dbHost\":\"127.0.0.1\",\"dbPort\":\"3306\",\"dbUser\":\"root\",\"dbPass\":\"123456\",\"dbName\":\"go-easy\",\"dbType\":\"mysql\",\"adminGenPath\":\"/Users/jasonlaw/Documents/develop/go/src/gitee.com/jasonLaw1015/goEasyAdmin/\",\"ServerGenPath\":\"/Users/jasonlaw/Documents/develop/go/src/gitee.com/jasonLaw1015/goEasy/\",\"defaultCreatedAtLabel\":\"createTime\",\"defaultUpdatedAtLabel\":\"updateTime\",\"ignoreTablePrefix\":\"u_,base_\",\"activeCode\":\"\",\"id\":1}'),
	(8042,'2021-08-28 20:52:54.000000','2021-08-28 20:52:54.000000',1,'/admin/genCodeConfig/firstInfo','127.0.0.1','127.0.0.1:56760',NULL),
	(8043,'2021-08-28 20:52:57.000000','2021-08-28 20:52:57.000000',1,'/admin/genCodeConfig/firstInfo','127.0.0.1','127.0.0.1:56776',NULL),
	(8044,'2021-08-28 20:53:01.000000','2021-08-28 20:53:01.000000',1,'/admin/genCodeConfig/firstInfo','127.0.0.1','127.0.0.1:56793',NULL),
	(8045,'2021-08-28 20:54:03.000000','2021-08-28 20:54:03.000000',1,'/admin/baseComm/permmenu','127.0.0.1','127.0.0.1:57055',NULL),
	(8046,'2021-08-28 20:54:04.000000','2021-08-28 20:54:04.000000',1,'/admin/baseComm/person','127.0.0.1','127.0.0.1:57062',NULL),
	(8047,'2021-08-28 20:54:04.000000','2021-08-28 20:54:04.000000',1,'/admin/genCodeLog/page','127.0.0.1','127.0.0.1:57068','{\"page\":1,\"size\":20}'),
	(8048,'2021-08-28 20:54:06.000000','2021-08-28 20:54:06.000000',1,'/admin/genCodeConfig/firstInfo','127.0.0.1','127.0.0.1:57073',NULL),
	(8049,'2021-08-28 20:54:40.000000','2021-08-28 20:54:40.000000',1,'/admin/genCodeConfig/firstInfo','127.0.0.1','127.0.0.1:57220',NULL),
	(8050,'2021-08-28 20:55:04.000000','2021-08-28 20:55:04.000000',1,'/admin/baseComm/permmenu','127.0.0.1','127.0.0.1:57339',NULL),
	(8051,'2021-08-28 20:55:05.000000','2021-08-28 20:55:05.000000',1,'/admin/baseComm/person','127.0.0.1','127.0.0.1:57341',NULL),
	(8052,'2021-08-28 20:55:06.000000','2021-08-28 20:55:06.000000',1,'/admin/genCodeLog/page','127.0.0.1','127.0.0.1:57347','{\"page\":1,\"size\":20}'),
	(8053,'2021-08-28 20:55:22.000000','2021-08-28 20:55:22.000000',1,'/admin/baseComm/permmenu','127.0.0.1','127.0.0.1:57429',NULL),
	(8054,'2021-08-28 20:55:24.000000','2021-08-28 20:55:24.000000',1,'/admin/baseComm/person','127.0.0.1','127.0.0.1:57440',NULL),
	(8055,'2021-08-28 20:55:24.000000','2021-08-28 20:55:24.000000',1,'/admin/genCodeLog/page','127.0.0.1','127.0.0.1:57445','{\"page\":1,\"size\":20}'),
	(8056,'2021-08-28 20:57:04.000000','2021-08-28 20:57:04.000000',1,'/admin/genCodeConfig/firstInfo','127.0.0.1','127.0.0.1:57872',NULL),
	(8057,'2021-08-28 20:57:21.000000','2021-08-28 20:57:21.000000',1,'/admin/genCodeConfig/firstInfo','127.0.0.1','127.0.0.1:57957',NULL),
	(8058,'2021-08-28 20:57:41.000000','2021-08-28 20:57:41.000000',1,'/admin/genCodeConfig/firstInfo','127.0.0.1','127.0.0.1:58044',NULL),
	(8059,'2021-08-28 20:57:52.000000','2021-08-28 20:57:52.000000',1,'/admin/genCodeConfig/firstInfo','127.0.0.1','127.0.0.1:58095',NULL),
	(8060,'2021-08-28 20:58:14.000000','2021-08-28 20:58:14.000000',1,'/admin/genCodeConfig/firstInfo','127.0.0.1','127.0.0.1:58187',NULL),
	(8061,'2021-08-28 20:58:44.000000','2021-08-28 20:58:44.000000',1,'/admin/baseComm/permmenu','127.0.0.1','127.0.0.1:58333',NULL),
	(8062,'2021-08-28 20:58:44.000000','2021-08-28 20:58:44.000000',1,'/admin/baseComm/person','127.0.0.1','127.0.0.1:58339',NULL),
	(8063,'2021-08-28 20:58:46.000000','2021-08-28 20:58:46.000000',1,'/admin/genCodeLog/page','127.0.0.1','127.0.0.1:58347','{\"page\":1,\"size\":20}'),
	(8064,'2021-08-28 20:59:05.000000','2021-08-28 20:59:05.000000',1,'/admin/baseComm/permmenu','127.0.0.1','127.0.0.1:58438',NULL),
	(8065,'2021-08-28 20:59:06.000000','2021-08-28 20:59:06.000000',1,'/admin/baseComm/person','127.0.0.1','127.0.0.1:58444',NULL),
	(8066,'2021-08-28 20:59:06.000000','2021-08-28 20:59:06.000000',1,'/admin/genCodeLog/page','127.0.0.1','127.0.0.1:58445','{\"page\":1,\"size\":20}'),
	(8067,'2021-08-28 21:08:21.000000','2021-08-28 21:08:21.000000',1,'/admin/baseComm/permmenu','127.0.0.1','127.0.0.1:60786',NULL),
	(8068,'2021-08-28 21:08:22.000000','2021-08-28 21:08:22.000000',1,'/admin/baseComm/person','127.0.0.1','127.0.0.1:60793',NULL),
	(8069,'2021-08-28 21:08:23.000000','2021-08-28 21:08:23.000000',1,'/admin/genCodeLog/page','127.0.0.1','127.0.0.1:60796','{\"page\":1,\"size\":20}'),
	(8070,'2021-08-28 21:10:31.000000','2021-08-28 21:10:31.000000',1,'/admin/baseComm/permmenu','127.0.0.1','127.0.0.1:61350',NULL),
	(8071,'2021-08-28 21:10:32.000000','2021-08-28 21:10:32.000000',1,'/admin/baseComm/person','127.0.0.1','127.0.0.1:61358',NULL),
	(8072,'2021-08-28 21:10:32.000000','2021-08-28 21:10:32.000000',1,'/admin/genCodeLog/page','127.0.0.1','127.0.0.1:61361','{\"page\":1,\"size\":20}'),
	(8073,'2021-08-28 21:10:34.000000','2021-08-28 21:10:34.000000',1,'/admin/genCodeConfig/firstInfo','127.0.0.1','127.0.0.1:61371',NULL),
	(8074,'2021-08-28 21:10:59.000000','2021-08-28 21:10:59.000000',1,'/admin/genCodeConfig/firstInfo','127.0.0.1','127.0.0.1:61480',NULL),
	(8075,'2021-08-28 21:12:34.000000','2021-08-28 21:12:34.000000',1,'/admin/genCodeConfig/firstInfo','127.0.0.1','127.0.0.1:61895',NULL),
	(8076,'2021-08-28 21:12:51.000000','2021-08-28 21:12:51.000000',1,'/admin/baseComm/permmenu','127.0.0.1','127.0.0.1:61983',NULL),
	(8077,'2021-08-28 21:12:52.000000','2021-08-28 21:12:52.000000',1,'/admin/baseComm/person','127.0.0.1','127.0.0.1:61985',NULL),
	(8078,'2021-08-28 21:12:53.000000','2021-08-28 21:12:53.000000',1,'/admin/genCodeLog/page','127.0.0.1','127.0.0.1:61996','{\"page\":1,\"size\":20}'),
	(8079,'2021-08-28 21:13:13.000000','2021-08-28 21:13:13.000000',1,'/admin/baseComm/permmenu','127.0.0.1','127.0.0.1:62092',NULL),
	(8080,'2021-08-28 21:13:13.000000','2021-08-28 21:13:13.000000',1,'/admin/baseComm/person','127.0.0.1','127.0.0.1:62099',NULL),
	(8081,'2021-08-28 21:13:14.000000','2021-08-28 21:13:14.000000',1,'/admin/genCodeLog/page','127.0.0.1','127.0.0.1:62100','{\"page\":1,\"size\":20}'),
	(8082,'2021-08-31 17:40:51.000000','2021-08-31 17:40:51.000000',1,'/admin/baseComm/person','127.0.0.1','127.0.0.1:53560',NULL),
	(8083,'2021-08-31 17:40:51.000000','2021-08-31 17:40:51.000000',1,'/admin/baseComm/permmenu','127.0.0.1','127.0.0.1:53563',NULL),
	(8084,'2021-08-31 17:40:56.000000','2021-08-31 17:40:56.000000',1,'/admin/genCodeLog/page','127.0.0.1','127.0.0.1:53590','{\"page\":1,\"size\":20}'),
	(8085,'2021-08-31 17:40:59.000000','2021-08-31 17:40:59.000000',1,'/admin/genCodeAuth/page','127.0.0.1','127.0.0.1:53609','{\"page\":1,\"size\":20}'),
	(8086,'2021-08-31 17:47:41.000000','2021-08-31 17:47:41.000000',1,'/admin/genCodeAuth/info','127.0.0.1','127.0.0.1:55362','{\"id\":\"1\"}'),
	(8087,'2021-08-31 17:47:50.000000','2021-08-31 17:47:50.000000',1,'/admin/genCodeAuth/update','127.0.0.1','127.0.0.1:55406','{\"name\":\"jasonlaw测试权限是否正确\",\"description\":\"地方\",\"activeCode\":\"abcjasonlaw\",\"status\":1,\"computerMac\":\"\",\"limit\":1,\"isBind\":1,\"id\":1,\"createTime\":\"2021-08-25 17:20:57\",\"updateTime\":\"2021-08-25 21:52:29\"}'),
	(8088,'2021-08-31 17:47:50.000000','2021-08-31 17:47:50.000000',1,'/admin/genCodeAuth/page','127.0.0.1','127.0.0.1:55409','{\"page\":1,\"size\":20}'),
	(8089,'2021-08-31 17:49:01.000000','2021-08-31 17:49:01.000000',1,'/admin/genCodeAuth/info','127.0.0.1','127.0.0.1:55720','{\"id\":\"1\"}'),
	(8090,'2021-08-31 17:49:12.000000','2021-08-31 17:49:12.000000',1,'/admin/genCodeAuth/update','127.0.0.1','127.0.0.1:55769','{\"name\":\"jasonlaw测试权限是否正确\",\"description\":\"地方\",\"activeCode\":\"abcjasonlaw\",\"status\":1,\"computerMac\":\"\",\"limit\":1,\"isBind\":1,\"id\":1,\"createTime\":\"2021-08-25 17:20:57\",\"updateTime\":\"2021-08-31 17:47:50\"}'),
	(8091,'2021-08-31 17:49:12.000000','2021-08-31 17:49:12.000000',1,'/admin/genCodeAuth/page','127.0.0.1','127.0.0.1:55773','{\"page\":1,\"size\":20}'),
	(8092,'2021-08-31 17:49:16.000000','2021-08-31 17:49:16.000000',1,'/admin/genCodeAuth/page','127.0.0.1','127.0.0.1:55792','{\"page\":1,\"size\":20}'),
	(8093,'2021-08-31 17:49:49.000000','2021-08-31 17:49:49.000000',1,'/admin/genCodeAuth/info','127.0.0.1','127.0.0.1:55939','{\"id\":\"1\"}'),
	(8094,'2021-08-31 17:49:57.000000','2021-08-31 17:49:57.000000',1,'/admin/genCodeAuth/update','127.0.0.1','127.0.0.1:55981','{\"name\":\"jasonlaw测试权限是否正确\",\"description\":\"地方\",\"activeCode\":\"abcjasonlaw\",\"status\":2,\"computerMac\":\"\",\"limit\":1,\"isBind\":1,\"id\":1,\"createTime\":\"2021-08-25 17:20:57\",\"updateTime\":\"2021-08-31 17:49:12\"}'),
	(8095,'2021-08-31 17:49:57.000000','2021-08-31 17:49:57.000000',1,'/admin/genCodeAuth/page','127.0.0.1','127.0.0.1:55984','{\"page\":1,\"size\":20}'),
	(8096,'2021-08-31 17:51:13.000000','2021-08-31 17:51:13.000000',1,'/admin/genCodeAuth/info','127.0.0.1','127.0.0.1:56305','{\"id\":\"1\"}'),
	(8097,'2021-08-31 17:51:26.000000','2021-08-31 17:51:26.000000',1,'/admin/genCodeAuth/update','127.0.0.1','127.0.0.1:56363','{\"name\":\"jasonlaw测试权限是否正确\",\"description\":\"地方\",\"activeCode\":\"abcjasonlaw\",\"status\":2,\"computerMac\":\"\",\"limit\":1,\"isBind\":1,\"id\":1,\"createTime\":\"2021-08-25 17:20:57\",\"updateTime\":\"2021-08-31 17:49:57\"}'),
	(8098,'2021-08-31 17:51:26.000000','2021-08-31 17:51:26.000000',1,'/admin/genCodeAuth/page','127.0.0.1','127.0.0.1:56367','{\"page\":1,\"size\":20}'),
	(8099,'2021-08-31 17:51:33.000000','2021-08-31 17:51:33.000000',1,'/admin/genCodeConfig/page','127.0.0.1','127.0.0.1:56405','{\"page\":1,\"size\":20}'),
	(8100,'2021-08-31 17:51:37.000000','2021-08-31 17:51:37.000000',1,'/admin/genCodeLog/page','127.0.0.1','127.0.0.1:56424','{\"page\":1,\"size\":20}'),
	(8101,'2021-08-31 17:51:39.000000','2021-08-31 17:51:39.000000',1,'/admin/genCodeConfig/firstInfo','127.0.0.1','127.0.0.1:56435',NULL),
	(8102,'2021-09-02 16:28:37.000000','2021-09-02 16:28:37.000000',1,'/admin/baseComm/person','127.0.0.1','127.0.0.1:50086',NULL),
	(8103,'2021-09-02 16:28:37.000000','2021-09-02 16:28:37.000000',1,'/admin/baseComm/permmenu','127.0.0.1','127.0.0.1:50094',NULL),
	(8104,'2021-09-02 16:28:49.000000','2021-09-02 16:28:49.000000',1,'/admin/baseComm/permmenu','127.0.0.1','127.0.0.1:50169',NULL),
	(8105,'2021-09-02 16:28:49.000000','2021-09-02 16:28:49.000000',1,'/admin/baseComm/person','127.0.0.1','127.0.0.1:50171',NULL),
	(8106,'2021-09-02 16:28:55.000000','2021-09-02 16:28:55.000000',1,'/admin/genCodeLog/page','127.0.0.1','127.0.0.1:50192','{\"page\":1,\"size\":20}'),
	(8107,'2021-09-02 16:28:55.000000','2021-09-02 16:28:55.000000',1,'/admin/genCodeConfig/page','127.0.0.1','127.0.0.1:50199','{\"page\":1,\"size\":20}'),
	(8108,'2021-09-02 16:28:57.000000','2021-09-02 16:28:57.000000',1,'/admin/genCodeLog/page','127.0.0.1','127.0.0.1:50206','{\"page\":1,\"size\":20}'),
	(8109,'2021-09-02 16:29:01.000000','2021-09-02 16:29:01.000000',1,'/admin/baseSysDepartment/list','127.0.0.1','127.0.0.1:50231','{}'),
	(8110,'2021-09-02 16:29:01.000000','2021-09-02 16:29:01.000000',1,'/admin/baseSysUser/page','127.0.0.1','127.0.0.1:50232','{\"page\":1,\"size\":20,\"sort\":\"desc\",\"order\":\"createTime\"}'),
	(8111,'2021-09-02 16:29:02.000000','2021-09-02 16:29:02.000000',1,'/admin/baseSysMenu/list','127.0.0.1','127.0.0.1:50241','{}'),
	(8112,'2021-09-02 16:29:11.000000','2021-09-02 16:29:11.000000',1,'/admin/baseSysMenu/delete','127.0.0.1','127.0.0.1:50281','{\"ids\":[129]}'),
	(8113,'2021-09-02 16:29:12.000000','2021-09-02 16:29:12.000000',1,'/admin/baseSysMenu/list','127.0.0.1','127.0.0.1:50284','{}'),
	(8114,'2021-09-02 16:29:18.000000','2021-09-02 16:29:18.000000',1,'/admin/baseComm/permmenu','127.0.0.1','127.0.0.1:50327',NULL),
	(8115,'2021-09-02 16:29:18.000000','2021-09-02 16:29:18.000000',1,'/admin/baseComm/person','127.0.0.1','127.0.0.1:50328',NULL),
	(8116,'2021-09-02 16:29:18.000000','2021-09-02 16:29:18.000000',1,'/admin/baseSysMenu/list','127.0.0.1','127.0.0.1:50329','{}'),
	(8117,'2021-09-02 16:29:26.000000','2021-09-02 16:29:26.000000',1,'/admin/appGoodsInfo/page','127.0.0.1','127.0.0.1:50364','{\"page\":1,\"size\":20}'),
	(8118,'2021-09-02 16:29:29.000000','2021-09-02 16:29:29.000000',1,'/admin/appGoodsInfo/info','127.0.0.1','127.0.0.1:50381','{\"id\":\"3\"}'),
	(8119,'2021-09-02 16:29:30.000000','2021-09-02 16:29:30.000000',1,'/admin/baseAppSpaceType/list','127.0.0.1','127.0.0.1:50389','{}'),
	(8120,'2021-09-02 16:29:30.000000','2021-09-02 16:29:30.000000',1,'/admin/baseAppSpaceInfo/page','127.0.0.1','127.0.0.1:50392','{\"page\":1,\"size\":12,\"total\":0,\"classifyId\":null}'),
	(8121,'2021-09-02 16:29:38.000000','2021-09-02 16:29:38.000000',1,'/admin/baseComm/uploadMode','127.0.0.1','127.0.0.1:50435',NULL),
	(8122,'2021-09-02 16:29:38.000000','2021-09-02 16:29:38.000000',1,'/admin/baseComm/upload','127.0.0.1','127.0.0.1:50440',NULL),
	(8123,'2021-09-02 16:29:38.000000','2021-09-02 16:29:38.000000',1,'/admin/baseAppSpaceInfo/add','127.0.0.1','127.0.0.1:50443','{\"url\":\"http://127.0.0.1:8199/cdz9b9z5hjpkbfw5nf.png\",\"type\":\"image/png\",\"classifyId\":null}'),
	(8124,'2021-09-02 16:29:41.000000','2021-09-02 16:29:41.000000',1,'/admin/appGoodsInfo/update','127.0.0.1','127.0.0.1:50458','{\"title\":\"16546\",\"subTitle\":\"13\",\"pic\":\"http://127.0.0.1:8199/cdz9b9z5hjpkbfw5nf.png\",\"sort\":12,\"types\":1,\"status\":2,\"id\":3,\"createTime\":\"2021-08-05 17:54:57\",\"updateTime\":\"2021-08-06 11:07:19\"}'),
	(8125,'2021-09-02 16:29:41.000000','2021-09-02 16:29:41.000000',1,'/admin/appGoodsInfo/page','127.0.0.1','127.0.0.1:50461','{\"page\":1,\"size\":20}'),
	(8126,'2021-09-02 16:30:08.000000','2021-09-02 16:30:08.000000',1,'/admin/demoGo/page','127.0.0.1','127.0.0.1:50582','{\"page\":1,\"size\":20}'),
	(8127,'2021-09-02 16:30:22.000000','2021-09-02 16:30:22.000000',1,'/admin/baseSysMenu/delete','127.0.0.1','127.0.0.1:50644','{\"ids\":[125]}'),
	(8128,'2021-09-02 16:30:22.000000','2021-09-02 16:30:22.000000',1,'/admin/baseSysMenu/list','127.0.0.1','127.0.0.1:50648','{}'),
	(8129,'2021-09-02 16:30:34.000000','2021-09-02 16:30:34.000000',1,'/admin/baseSysMenu/delete','127.0.0.1','127.0.0.1:50695','{\"ids\":[130]}'),
	(8130,'2021-09-02 16:30:34.000000','2021-09-02 16:30:34.000000',1,'/admin/baseSysMenu/list','127.0.0.1','127.0.0.1:50699','{}'),
	(8131,'2021-09-02 16:30:37.000000','2021-09-02 16:30:37.000000',1,'/admin/baseSysMenu/delete','127.0.0.1','127.0.0.1:50714','{\"ids\":[126]}'),
	(8132,'2021-09-02 16:30:37.000000','2021-09-02 16:30:37.000000',1,'/admin/baseSysMenu/list','127.0.0.1','127.0.0.1:50717','{}'),
	(8133,'2021-09-02 16:30:44.000000','2021-09-02 16:30:44.000000',1,'/admin/baseComm/permmenu','127.0.0.1','127.0.0.1:50760',NULL),
	(8134,'2021-09-02 16:30:44.000000','2021-09-02 16:30:44.000000',1,'/admin/baseComm/person','127.0.0.1','127.0.0.1:50762',NULL),
	(8135,'2021-09-02 16:30:44.000000','2021-09-02 16:30:44.000000',1,'/admin/baseSysMenu/list','127.0.0.1','127.0.0.1:50764','{}'),
	(8136,'2021-09-02 16:30:50.000000','2021-09-02 16:30:50.000000',1,'/admin/baseSysMenu/info','127.0.0.1','127.0.0.1:50800','{\"id\":\"137\"}'),
	(8137,'2021-09-02 16:30:50.000000','2021-09-02 16:30:50.000000',1,'/admin/baseSysMenu/list','127.0.0.1','127.0.0.1:50801','{}'),
	(8138,'2021-09-02 16:30:55.000000','2021-09-02 16:30:55.000000',1,'/admin/baseSysMenu/update','127.0.0.1','127.0.0.1:50827','{\"type\":1,\"name\":\"代码生成配置\",\"parentId\":131,\"router\":\"/genCodeConfig\",\"keepAlive\":1,\"isShow\":0,\"viewPath\":\"cool/modules/genCode/views/genCodeConfig.vue\",\"icon\":\"icon-app\",\"orderNum\":99,\"id\":137,\"createTime\":\"2021-08-27 04:37:33\",\"updateTime\":\"2021-08-27 13:40:28\"}'),
	(8139,'2021-09-02 16:30:55.000000','2021-09-02 16:30:55.000000',1,'/admin/baseSysMenu/list','127.0.0.1','127.0.0.1:50830','{}'),
	(8140,'2021-09-02 16:31:01.000000','2021-09-02 16:31:01.000000',1,'/admin/baseComm/permmenu','127.0.0.1','127.0.0.1:50865',NULL),
	(8141,'2021-09-02 16:31:01.000000','2021-09-02 16:31:01.000000',1,'/admin/baseComm/person','127.0.0.1','127.0.0.1:50870',NULL),
	(8142,'2021-09-02 16:31:01.000000','2021-09-02 16:31:01.000000',1,'/admin/baseSysMenu/list','127.0.0.1','127.0.0.1:50871','{}'),
	(8143,'2021-09-02 16:33:45.000000','2021-09-02 16:33:45.000000',1,'/admin/baseSysParam/page','127.0.0.1','127.0.0.1:51556','{\"page\":1,\"size\":20}'),
	(8144,'2021-09-02 16:33:53.000000','2021-09-02 16:33:53.000000',1,'/admin/baseSysParam/info','127.0.0.1','127.0.0.1:51595','{\"id\":\"1\"}'),
	(8145,'2021-09-02 16:34:00.000000','2021-09-02 16:34:00.000000',1,'/admin/baseSysLog/getKeep','127.0.0.1','127.0.0.1:51631',NULL),
	(8146,'2021-09-02 16:34:00.000000','2021-09-02 16:34:00.000000',1,'/admin/baseSysLog/page','127.0.0.1','127.0.0.1:51632','{\"page\":1,\"size\":20,\"sort\":\"desc\",\"order\":\"createTime\"}'),
	(8147,'2021-09-02 16:34:02.000000','2021-09-02 16:34:02.000000',1,'/admin/taskInfo/getTaskScheduleMethods','127.0.0.1','127.0.0.1:51645',NULL),
	(8148,'2021-09-02 16:34:02.000000','2021-09-02 16:34:02.000000',1,'/admin/taskInfo/page','127.0.0.1','127.0.0.1:51649','{\"types\":2,\"status\":1,\"size\":10,\"page\":1,\"total\":0}'),
	(8149,'2021-09-02 16:34:02.000000','2021-09-02 16:34:02.000000',1,'/admin/taskInfo/page','127.0.0.1','127.0.0.1:51657','{\"types\":null,\"status\":2,\"size\":10,\"page\":1,\"total\":0}'),
	(8150,'2021-09-02 16:34:02.000000','2021-09-02 16:34:02.000000',1,'/admin/taskInfo/page','127.0.0.1','127.0.0.1:51653','{\"types\":1,\"status\":1,\"size\":10,\"page\":1,\"total\":0}'),
	(8151,'2021-09-02 16:34:02.000000','2021-09-02 16:34:02.000000',1,'/admin/taskInfo/log','127.0.0.1','127.0.0.1:51659','{\"page\":\"1\",\"size\":\"10\"}'),
	(8152,'2021-09-02 16:34:02.000000','2021-09-02 16:34:02.000000',1,'/admin/taskInfo/log','127.0.0.1','127.0.0.1:51665','{\"page\":\"2\",\"size\":\"10\",\"total\":\"737\"}');

/*!40000 ALTER TABLE `base_sys_log` ENABLE KEYS */;
UNLOCK TABLES;


# Dump of table base_sys_menu
# ------------------------------------------------------------

DROP TABLE IF EXISTS `base_sys_menu`;

CREATE TABLE `base_sys_menu` (
  `id` int(11) NOT NULL AUTO_INCREMENT COMMENT 'ID',
  `createTime` datetime(6) NOT NULL DEFAULT CURRENT_TIMESTAMP(6) COMMENT '创建时间',
  `updateTime` datetime(6) NOT NULL DEFAULT CURRENT_TIMESTAMP(6) ON UPDATE CURRENT_TIMESTAMP(6) COMMENT '更新时间',
  `parentId` bigint(20) DEFAULT NULL COMMENT '父菜单ID',
  `name` varchar(255) NOT NULL COMMENT '菜单名称',
  `router` varchar(255) DEFAULT NULL COMMENT '菜单地址',
  `perms` text COMMENT '权限标识',
  `type` tinyint(4) NOT NULL DEFAULT '0' COMMENT '类型 0：目录 1：菜单 2：按钮',
  `icon` varchar(255) DEFAULT NULL COMMENT '图标',
  `orderNum` int(11) NOT NULL DEFAULT '0' COMMENT '排序',
  `viewPath` varchar(255) DEFAULT NULL COMMENT '视图地址',
  `keepAlive` tinyint(4) NOT NULL DEFAULT '1' COMMENT '路由缓存',
  `isShow` tinyint(4) NOT NULL DEFAULT '1' COMMENT '是否显示#0:不显示,1:显示',
  PRIMARY KEY (`id`),
  KEY `IDX_05e3d6a56604771a6da47ebf8e` (`createTime`),
  KEY `IDX_d5203f18daaf7c3fe0ab34497f` (`updateTime`)
) ENGINE=InnoDB DEFAULT CHARSET=utf8mb4 COMMENT='admin菜单';

LOCK TABLES `base_sys_menu` WRITE;
/*!40000 ALTER TABLE `base_sys_menu` DISABLE KEYS */;

INSERT INTO `base_sys_menu` (`id`, `createTime`, `updateTime`, `parentId`, `name`, `router`, `perms`, `type`, `icon`, `orderNum`, `viewPath`, `keepAlive`, `isShow`)
VALUES
	(1,'2019-09-11 11:14:44.000000','2019-11-18 15:56:36.000000',NULL,'工作台','/',NULL,0,'icon-workbench',1,NULL,1,1),
	(2,'2019-09-11 11:14:47.000000','2021-02-27 17:16:05.000000',NULL,'系统管理','/sys',NULL,0,'icon-system',2,NULL,1,1),
	(8,'1900-01-20 23:19:57.000000','2021-03-08 22:59:12.000000',27,'菜单列表','/sys/menu',NULL,1,'icon-menu',2,'cool/modules/base/views/menu.vue',1,1),
	(10,'1900-01-20 00:19:27.325000','2021-08-21 16:26:55.000000',8,'新增',NULL,'baseSysMenu:add',2,NULL,1,NULL,0,1),
	(11,'1900-01-20 00:19:51.101000','2021-08-21 16:26:55.000000',8,'删除',NULL,'baseSysMenu:delete',2,NULL,2,NULL,0,1),
	(12,'1900-01-20 00:20:05.150000','2021-08-21 16:26:55.000000',8,'修改',NULL,'baseSysMenu:update',2,NULL,3,NULL,0,1),
	(13,'1900-01-20 00:20:19.341000','2021-08-21 16:26:55.000000',8,'查询',NULL,'baseSysMenu:page,baseSysMenu:list,baseSysMenu:info',2,NULL,4,NULL,0,1),
	(22,'2019-09-12 00:34:01.000000','2021-03-08 22:59:23.000000',27,'角色列表','/sys/role',NULL,1,'icon-common',3,'cool/modules/base/views/role.vue',1,1),
	(23,'1900-01-20 00:34:23.459000','2021-08-21 16:26:55.000000',22,'新增',NULL,'baseSysRole:add',2,NULL,1,NULL,0,1),
	(24,'1900-01-20 00:34:40.523000','2021-08-21 16:26:55.000000',22,'删除',NULL,'baseSysRole:delete',2,NULL,2,NULL,0,1),
	(25,'1900-01-20 00:34:53.306000','2021-08-21 16:26:55.000000',22,'修改',NULL,'baseSysRole:update',2,NULL,3,NULL,0,1),
	(26,'1900-01-20 00:35:05.024000','2021-08-21 16:26:55.000000',22,'查询',NULL,'baseSysRole:page,baseSysRole:list,baseSysRole:info',2,NULL,4,NULL,0,1),
	(27,'2019-09-12 15:52:44.000000','2019-09-15 22:11:56.000000',2,'权限管理',NULL,NULL,0,'icon-auth',1,NULL,0,1),
	(29,'2019-09-12 17:35:51.000000','2021-03-08 23:01:39.000000',105,'请求日志','/sys/log',NULL,1,'icon-log',1,'cool/modules/base/views/log.vue',1,1),
	(30,'2019-09-12 17:37:03.000000','2021-08-21 16:26:55.000000',29,'权限',NULL,'baseSysLog:page,baseSysLog:clear,baseSysLog:getKeep,baseSysLog:setKeep',2,NULL,1,NULL,0,1),
	(43,'2019-11-07 14:22:34.000000','2021-03-08 23:02:51.000000',45,'crud 示例','/crud',NULL,1,'icon-favor',1,'cool/modules/demo/views/crud.vue',1,1),
	(45,'2019-11-07 22:36:57.000000','2019-11-11 15:21:10.000000',1,'组件库','/ui-lib',NULL,0,'icon-common',2,NULL,1,1),
	(47,'2019-11-08 09:35:08.000000','2021-08-07 16:09:42.000000',NULL,'框架教程','/tutorial',NULL,0,'icon-task',4,NULL,1,0),
	(48,'2019-11-08 09:35:53.000000','2021-03-03 11:03:21.000000',47,'文档','/tutorial/doc',NULL,1,'icon-log',0,'https://admin.cool-js.com',1,1),
	(49,'2019-11-09 22:11:13.000000','2021-03-09 09:50:46.000000',45,'quill 富文本编辑器','/editor-quill',NULL,1,'icon-favor',2,'cool/modules/demo/views/editor-quill.vue',1,1),
	(59,'2019-11-18 16:50:27.000000','2021-08-21 16:26:55.000000',97,'部门列表',NULL,'baseSysDepartment:list',2,NULL,0,NULL,1,1),
	(60,'2019-11-18 16:50:45.000000','2021-08-21 16:26:55.000000',97,'新增部门',NULL,'baseSysDepartment:add',2,NULL,0,NULL,1,1),
	(61,'2019-11-18 16:50:59.000000','2021-08-21 16:26:55.000000',97,'更新部门',NULL,'baseSysDepartment:update',2,NULL,0,NULL,1,1),
	(62,'2019-11-18 16:51:13.000000','2021-08-21 16:26:55.000000',97,'删除部门',NULL,'baseSysDepartment:delete',2,NULL,0,NULL,1,1),
	(63,'2019-11-18 17:49:35.000000','2021-08-21 16:26:55.000000',97,'部门排序',NULL,'baseSysDepartment:order',2,NULL,0,NULL,1,1),
	(65,'2019-11-18 23:59:21.000000','2021-08-21 16:26:55.000000',97,'用户转移',NULL,'baseSysUser:move',2,NULL,0,NULL,1,1),
	(78,'2019-12-10 13:27:56.000000','2021-02-27 17:08:53.000000',2,'参数配置',NULL,NULL,0,'icon-common',4,NULL,1,1),
	(79,'1900-01-20 13:29:33.000000','2021-03-08 23:01:48.000000',78,'参数列表','/sys/param',NULL,1,'icon-menu',0,'cool/modules/base/views/param.vue',1,1),
	(80,'1900-01-20 13:29:50.146000','2021-08-21 16:26:55.000000',79,'新增',NULL,'baseSysParam:add',2,NULL,0,NULL,1,1),
	(81,'1900-01-20 13:30:10.030000','2021-08-21 16:26:55.000000',79,'修改',NULL,'baseSysParam:info,baseSysParam:update',2,NULL,0,NULL,1,1),
	(82,'1900-01-20 13:30:25.791000','2021-08-21 16:26:55.000000',79,'删除',NULL,'baseSysParam:delete',2,NULL,0,NULL,1,1),
	(83,'1900-01-20 13:30:40.469000','2021-08-21 16:26:55.000000',79,'查看',NULL,'baseSysParam:page,baseSysParam:list,baseSysParam:info',2,NULL,0,NULL,1,1),
	(84,'2020-07-25 16:21:30.000000','2020-07-25 16:21:30.000000',NULL,'通用',NULL,NULL,0,'icon-radioboxfill',99,NULL,1,0),
	(85,'2020-07-25 16:22:14.000000','2021-08-21 16:26:55.000000',84,'图片上传',NULL,'spaceInfo:page,spaceInfo:list,spaceInfo:info,spaceInfo:add,spaceInfo:delete,spaceInfo:update,spaceType:page,spaceType:list,spaceType:info,spaceType:add,spaceType:delete,spaceType:update',2,NULL,1,NULL,1,1),
	(86,'2020-08-12 09:56:27.000000','2021-03-08 23:03:03.000000',45,'文件上传','/upload',NULL,1,'icon-favor',3,'cool/modules/demo/views/upload.vue',1,1),
	(90,'1900-01-20 10:26:58.615000','2021-08-21 16:26:55.000000',84,'客服聊天',NULL,'baseAppImMessage:read,baseAppImMessage:page,baseAppImSession:page,baseAppImSession:list,baseAppImSession:unreadCount,baseAppImSession:delete',2,NULL,0,NULL,1,1),
	(96,'2021-01-12 14:12:20.000000','2021-03-08 23:02:40.000000',1,'组件预览','/demo',NULL,1,'icon-favor',0,'cool/modules/demo/views/demo.vue',1,1),
	(97,'1900-01-20 14:14:02.000000','2021-03-09 11:03:09.000000',27,'用户列表','/sys/user',NULL,1,'icon-user',0,'cool/modules/base/views/user.vue',1,1),
	(98,'1900-01-20 14:14:13.528000','2021-08-21 16:26:55.000000',97,'新增',NULL,'baseSysUser:add',2,NULL,0,NULL,1,1),
	(99,'1900-01-20 14:14:22.823000','2021-08-21 16:26:55.000000',97,'删除',NULL,'baseSysUser:delete',2,NULL,0,NULL,1,1),
	(100,'1900-01-20 14:14:33.973000','2021-08-21 16:26:55.000000',97,'修改',NULL,'baseSysUser:delete,baseSysUser:update',2,NULL,0,NULL,1,1),
	(101,'2021-01-12 14:14:51.000000','2021-08-21 16:26:55.000000',97,'查询',NULL,'baseSysUser:page,baseSysUser:list,baseSysUser:info',2,NULL,0,NULL,1,1),
	(105,'2021-01-21 10:42:55.000000','2021-01-21 10:42:55.000000',2,'监控管理',NULL,NULL,0,'icon-rank',6,NULL,1,1),
	(109,'2021-02-27 14:13:56.000000','2021-08-07 16:09:36.000000',NULL,'插件管理',NULL,NULL,0,'icon-menu',3,NULL,1,0),
	(110,'2021-02-27 14:14:13.000000','2021-03-08 23:01:30.000000',109,'插件列表','/plugin',NULL,1,'icon-menu',0,'cool/modules/base/views/plugin.vue',1,1),
	(111,'2021-02-27 14:24:41.877000','2021-08-21 16:26:55.000000',110,'编辑',NULL,'basePluginInfo:info,basePluginInfo:update',2,NULL,0,NULL,1,1),
	(112,'2021-02-27 14:24:52.159000','2021-08-21 16:26:55.000000',110,'列表',NULL,'basePluginInfo:list',2,NULL,0,NULL,1,1),
	(113,'2021-02-27 14:25:02.066000','2021-08-21 16:26:55.000000',110,'删除',NULL,'basePluginInfo:delete',2,NULL,0,NULL,1,1),
	(114,'2021-02-27 16:36:59.322000','2021-08-21 16:26:55.000000',110,'保存配置',NULL,'basePluginInfo:config',2,NULL,0,NULL,1,1),
	(115,'2021-02-27 16:38:21.000000','2021-08-21 16:26:55.000000',110,'获取配置',NULL,'basePluginInfo:getConfig',2,NULL,0,NULL,1,1),
	(116,'2021-02-27 17:57:42.000000','2021-08-21 16:26:55.000000',110,'开启、关闭',NULL,'basePluginInfo:enable',2,NULL,0,NULL,1,1),
	(117,'2021-03-05 10:58:25.000000','2021-03-05 10:58:25.000000',NULL,'任务管理',NULL,NULL,0,'icon-activity',5,NULL,1,1),
	(118,'2021-03-05 10:59:42.000000','2021-03-05 10:59:42.000000',117,'任务列表','/task',NULL,1,'icon-menu',0,'cool/modules/task/views/task.vue',1,1),
	(119,'2021-03-05 11:00:00.000000','2021-08-21 16:26:55.000000',118,'权限',NULL,'taskInfo:page,taskInfo:list,taskInfo:info,taskInfo:add,taskInfo:delete,taskInfo:update,taskInfo:stop,taskInfo:start,taskInfo:once,taskInfo:log',2,NULL,0,NULL,1,1),
	(120,'2021-08-03 21:31:03.924072','2021-08-26 17:31:09.000000',NULL,'代码模块区',NULL,NULL,0,'icon-dept',99,NULL,1,1),
	(121,'2021-08-03 21:31:45.000000','2021-08-23 20:32:42.000000',120,'appGoodsInfo','/appGoodsInfo',NULL,1,'icon-app',22,'cool/modules/genCode/views/appGoodsInfo.vue',1,1),
	(122,'2021-08-03 21:48:45.126203','2021-08-21 16:28:25.000000',121,'goodsInfo基本权限',NULL,'appGoodsInfo:page,appGoodsInfo:list,appGoodsInfo:info,appGoodsInfo:add,appGoodsInfo:delete,appGoodsInfo:update',2,NULL,12,NULL,1,1),
	(127,'2021-08-23 14:48:46.471687','2021-08-23 14:48:46.477268',120,'示例go','/demoGo',NULL,1,'icon-app',127,'cool/modules/genCode/views/demoGo.vue',1,1),
	(128,'2021-08-23 14:48:46.481775','2021-08-23 14:48:46.481775',127,'示例go基本权限',NULL,'demoGo:page,demoGo:list,demoGo:info,demoGo:add,demoGo:delete,demoGo:update',2,'icon-app',100,'cool/modules/genCode/views/demoGo.vue',1,1),
	(131,'2021-08-26 17:30:34.000000','2021-08-26 17:30:34.000000',NULL,'核心工具',NULL,NULL,0,'icon-workbench',99,NULL,1,1),
	(133,'2021-08-26 14:43:54.840643','2021-08-26 22:46:41.000000',131,'代码生成工具','/genCodeLog',NULL,1,'icon-app',99,'cool/modules/genCode/views/genCodeLog.vue',1,1),
	(134,'2021-08-26 14:43:54.852175','2021-08-26 14:43:54.852175',133,'代码生成日志基本权限',NULL,'genCodeLog:page,genCodeLog:list,genCodeLog:info,genCodeLog:add,genCodeLog:delete,genCodeLog:update',2,'icon-app',100,'cool/modules/genCode/views/genCodeLog.vue',1,1),
	(137,'2021-08-27 04:37:33.311735','2021-09-02 16:30:55.000000',131,'代码生成配置','/genCodeConfig','',1,'icon-app',99,'cool/modules/genCode/views/genCodeConfig.vue',1,0),
	(138,'2021-08-27 04:37:33.320918','2021-08-27 04:37:33.320918',137,'代码生成配置基本权限',NULL,'genCodeConfig:page,genCodeConfig:list,genCodeConfig:info,genCodeConfig:add,genCodeConfig:delete,genCodeConfig:update',2,'icon-app',100,'cool/modules/genCode/views/genCodeConfig.vue',1,1);

/*!40000 ALTER TABLE `base_sys_menu` ENABLE KEYS */;
UNLOCK TABLES;


# Dump of table base_sys_param
# ------------------------------------------------------------

DROP TABLE IF EXISTS `base_sys_param`;

CREATE TABLE `base_sys_param` (
  `id` int(11) NOT NULL AUTO_INCREMENT COMMENT 'ID',
  `createTime` datetime(6) NOT NULL DEFAULT CURRENT_TIMESTAMP(6) COMMENT '创建时间',
  `updateTime` datetime(6) NOT NULL DEFAULT CURRENT_TIMESTAMP(6) ON UPDATE CURRENT_TIMESTAMP(6) COMMENT '更新时间',
  `keyName` varchar(255) NOT NULL COMMENT '键位',
  `name` varchar(255) NOT NULL COMMENT '名称',
  `data` text NOT NULL COMMENT '数据',
  `dataType` tinyint(4) NOT NULL DEFAULT '0' COMMENT '数据类型 0:字符串 1：数组 2：键值对',
  `remark` varchar(255) DEFAULT NULL COMMENT '备注',
  PRIMARY KEY (`id`),
  KEY `IDX_cf19b5e52d8c71caa9c4534454` (`keyName`),
  KEY `IDX_7bcb57371b481d8e2d66ddeaea` (`createTime`),
  KEY `IDX_479122e3bf464112f7a7253dac` (`updateTime`)
) ENGINE=InnoDB DEFAULT CHARSET=utf8mb4 COMMENT='admin参数配置';

LOCK TABLES `base_sys_param` WRITE;
/*!40000 ALTER TABLE `base_sys_param` DISABLE KEYS */;

INSERT INTO `base_sys_param` (`id`, `createTime`, `updateTime`, `keyName`, `name`, `data`, `dataType`, `remark`)
VALUES
	(1,'2021-02-26 13:53:05.000000','2021-03-03 17:50:04.000000','text','富文本参数','<p><strong class=\"ql-size-huge\">111xxxxx2222<span class=\"ql-cursor\">﻿﻿</span></strong></p>',0,NULL),
	(2,'2021-02-26 13:53:18.000000','2021-02-26 13:53:18.000000','json','JSON参数','{\n    code: 111\n}',0,NULL);

/*!40000 ALTER TABLE `base_sys_param` ENABLE KEYS */;
UNLOCK TABLES;


# Dump of table base_sys_role
# ------------------------------------------------------------

DROP TABLE IF EXISTS `base_sys_role`;

CREATE TABLE `base_sys_role` (
  `id` int(11) NOT NULL AUTO_INCREMENT COMMENT 'ID',
  `createTime` datetime(6) NOT NULL DEFAULT CURRENT_TIMESTAMP(6) COMMENT '创建时间',
  `updateTime` datetime(6) NOT NULL DEFAULT CURRENT_TIMESTAMP(6) ON UPDATE CURRENT_TIMESTAMP(6) COMMENT '更新时间',
  `adminUserId` varchar(255) NOT NULL COMMENT '用户ID',
  `name` varchar(255) NOT NULL COMMENT '名称',
  `label` varchar(50) DEFAULT NULL COMMENT '角色标签',
  `remark` varchar(255) DEFAULT NULL COMMENT '备注',
  `relevance` int(11) NOT NULL DEFAULT '1' COMMENT '数据权限是否关联上下级',
  PRIMARY KEY (`id`),
  UNIQUE KEY `IDX_469d49a5998170e9550cf113da` (`name`),
  UNIQUE KEY `IDX_f3f24fbbccf00192b076e549a7` (`label`),
  KEY `IDX_6f01184441dec49207b41bfd92` (`createTime`),
  KEY `IDX_d64ca209f3fc52128d9b20e97b` (`updateTime`)
) ENGINE=InnoDB DEFAULT CHARSET=utf8mb4 COMMENT='admin角色';

LOCK TABLES `base_sys_role` WRITE;
/*!40000 ALTER TABLE `base_sys_role` DISABLE KEYS */;

INSERT INTO `base_sys_role` (`id`, `createTime`, `updateTime`, `adminUserId`, `name`, `label`, `remark`, `relevance`)
VALUES
	(1,'2021-02-24 21:18:39.682358','2021-02-24 21:18:39.682358','1','超管','admin','最高权限的角色',1),
	(10,'2021-02-26 14:15:38.000000','2021-02-26 14:15:38.000000','1','系统管理员','admin-sys',NULL,1),
	(11,'2021-02-26 14:16:49.044744','2021-02-26 14:16:49.044744','1','游客','visitor',NULL,0),
	(12,'2021-02-26 14:26:51.000000','2021-02-26 14:32:35.000000','1','开发','dev',NULL,0),
	(13,'2021-02-26 14:27:58.000000','2021-02-26 14:33:49.000000','1','测试','test',NULL,0);

/*!40000 ALTER TABLE `base_sys_role` ENABLE KEYS */;
UNLOCK TABLES;


# Dump of table base_sys_role_department
# ------------------------------------------------------------

DROP TABLE IF EXISTS `base_sys_role_department`;

CREATE TABLE `base_sys_role_department` (
  `id` int(11) NOT NULL AUTO_INCREMENT COMMENT 'ID',
  `createTime` datetime(6) NOT NULL DEFAULT CURRENT_TIMESTAMP(6) COMMENT '创建时间',
  `updateTime` datetime(6) NOT NULL DEFAULT CURRENT_TIMESTAMP(6) ON UPDATE CURRENT_TIMESTAMP(6) COMMENT '更新时间',
  `roleId` bigint(20) NOT NULL COMMENT '角色ID',
  `departmentId` bigint(20) NOT NULL COMMENT '部门ID',
  PRIMARY KEY (`id`),
  KEY `IDX_e881a66f7cce83ba431cf20194` (`createTime`),
  KEY `IDX_cbf48031efee5d0de262965e53` (`updateTime`)
) ENGINE=InnoDB DEFAULT CHARSET=utf8mb4 COMMENT='Admin角色部门关联表';

LOCK TABLES `base_sys_role_department` WRITE;
/*!40000 ALTER TABLE `base_sys_role_department` DISABLE KEYS */;

INSERT INTO `base_sys_role_department` (`id`, `createTime`, `updateTime`, `roleId`, `departmentId`)
VALUES
	(1,'2021-02-26 12:00:23.787939','2021-02-26 12:00:23.787939',8,4),
	(2,'2021-02-26 12:01:11.525205','2021-02-26 12:01:11.525205',9,1),
	(3,'2021-02-26 12:01:11.624266','2021-02-26 12:01:11.624266',9,4),
	(4,'2021-02-26 12:01:11.721894','2021-02-26 12:01:11.721894',9,5),
	(5,'2021-02-26 12:01:11.823342','2021-02-26 12:01:11.823342',9,8),
	(6,'2021-02-26 12:01:11.922873','2021-02-26 12:01:11.922873',9,9),
	(23,'2021-02-26 14:32:40.354669','2021-02-26 14:32:40.354669',12,11),
	(25,'2021-02-26 14:32:59.726608','2021-02-26 14:32:59.726608',10,1),
	(27,'2021-02-26 14:33:54.579947','2021-02-26 14:33:54.579947',13,12);

/*!40000 ALTER TABLE `base_sys_role_department` ENABLE KEYS */;
UNLOCK TABLES;


# Dump of table base_sys_role_menu
# ------------------------------------------------------------

DROP TABLE IF EXISTS `base_sys_role_menu`;

CREATE TABLE `base_sys_role_menu` (
  `id` int(11) NOT NULL AUTO_INCREMENT COMMENT 'ID',
  `createTime` datetime(6) NOT NULL DEFAULT CURRENT_TIMESTAMP(6) COMMENT '创建时间',
  `updateTime` datetime(6) NOT NULL DEFAULT CURRENT_TIMESTAMP(6) ON UPDATE CURRENT_TIMESTAMP(6) COMMENT '更新时间',
  `roleId` bigint(20) NOT NULL COMMENT '角色ID',
  `menuId` bigint(20) NOT NULL COMMENT '菜单ID',
  PRIMARY KEY (`id`),
  KEY `IDX_3641f81d4201c524a57ce2aa54` (`createTime`),
  KEY `IDX_f860298298b26e7a697be36e5b` (`updateTime`)
) ENGINE=InnoDB DEFAULT CHARSET=utf8mb4 COMMENT='Admin角色菜单关联表';

LOCK TABLES `base_sys_role_menu` WRITE;
/*!40000 ALTER TABLE `base_sys_role_menu` DISABLE KEYS */;

INSERT INTO `base_sys_role_menu` (`id`, `createTime`, `updateTime`, `roleId`, `menuId`)
VALUES
	(1,'2021-02-26 12:00:18.240154','2021-02-26 12:00:18.240154',8,1),
	(2,'2021-02-26 12:00:18.342131','2021-02-26 12:00:18.342131',8,96),
	(3,'2021-02-26 12:00:18.444143','2021-02-26 12:00:18.444143',8,45),
	(4,'2021-02-26 12:00:18.545490','2021-02-26 12:00:18.545490',8,43),
	(5,'2021-02-26 12:00:18.649626','2021-02-26 12:00:18.649626',8,49),
	(6,'2021-02-26 12:00:18.752369','2021-02-26 12:00:18.752369',8,86),
	(7,'2021-02-26 12:00:18.856023','2021-02-26 12:00:18.856023',8,2),
	(8,'2021-02-26 12:00:18.956131','2021-02-26 12:00:18.956131',8,27),
	(9,'2021-02-26 12:00:19.071490','2021-02-26 12:00:19.071490',8,97),
	(10,'2021-02-26 12:00:19.171745','2021-02-26 12:00:19.171745',8,59),
	(11,'2021-02-26 12:00:19.274495','2021-02-26 12:00:19.274495',8,60),
	(12,'2021-02-26 12:00:19.374610','2021-02-26 12:00:19.374610',8,61),
	(13,'2021-02-26 12:00:19.474750','2021-02-26 12:00:19.474750',8,62),
	(14,'2021-02-26 12:00:19.573369','2021-02-26 12:00:19.573369',8,63),
	(15,'2021-02-26 12:00:19.674242','2021-02-26 12:00:19.674242',8,65),
	(16,'2021-02-26 12:00:19.772886','2021-02-26 12:00:19.772886',8,98),
	(17,'2021-02-26 12:00:19.874134','2021-02-26 12:00:19.874134',8,99),
	(18,'2021-02-26 12:00:19.972728','2021-02-26 12:00:19.972728',8,100),
	(19,'2021-02-26 12:00:20.085877','2021-02-26 12:00:20.085877',8,101),
	(20,'2021-02-26 12:00:20.192887','2021-02-26 12:00:20.192887',8,8),
	(21,'2021-02-26 12:00:20.293747','2021-02-26 12:00:20.293747',8,10),
	(22,'2021-02-26 12:00:20.393491','2021-02-26 12:00:20.393491',8,11),
	(23,'2021-02-26 12:00:20.495110','2021-02-26 12:00:20.495110',8,12),
	(24,'2021-02-26 12:00:20.594083','2021-02-26 12:00:20.594083',8,13),
	(25,'2021-02-26 12:00:20.695727','2021-02-26 12:00:20.695727',8,22),
	(26,'2021-02-26 12:00:20.794729','2021-02-26 12:00:20.794729',8,23),
	(27,'2021-02-26 12:00:20.895601','2021-02-26 12:00:20.895601',8,24),
	(28,'2021-02-26 12:00:20.994972','2021-02-26 12:00:20.994972',8,25),
	(29,'2021-02-26 12:00:21.110384','2021-02-26 12:00:21.110384',8,26),
	(30,'2021-02-26 12:00:21.210970','2021-02-26 12:00:21.210970',8,69),
	(31,'2021-02-26 12:00:21.311852','2021-02-26 12:00:21.311852',8,70),
	(32,'2021-02-26 12:00:21.411591','2021-02-26 12:00:21.411591',8,71),
	(33,'2021-02-26 12:00:21.513584','2021-02-26 12:00:21.513584',8,72),
	(34,'2021-02-26 12:00:21.612212','2021-02-26 12:00:21.612212',8,73),
	(35,'2021-02-26 12:00:21.712720','2021-02-26 12:00:21.712720',8,74),
	(36,'2021-02-26 12:00:21.812839','2021-02-26 12:00:21.812839',8,75),
	(37,'2021-02-26 12:00:21.913321','2021-02-26 12:00:21.913321',8,76),
	(38,'2021-02-26 12:00:22.013970','2021-02-26 12:00:22.013970',8,77),
	(39,'2021-02-26 12:00:22.144879','2021-02-26 12:00:22.144879',8,78),
	(40,'2021-02-26 12:00:22.246707','2021-02-26 12:00:22.246707',8,79),
	(41,'2021-02-26 12:00:22.347579','2021-02-26 12:00:22.347579',8,80),
	(42,'2021-02-26 12:00:22.446947','2021-02-26 12:00:22.446947',8,81),
	(43,'2021-02-26 12:00:22.547082','2021-02-26 12:00:22.547082',8,82),
	(44,'2021-02-26 12:00:22.647197','2021-02-26 12:00:22.647197',8,83),
	(45,'2021-02-26 12:00:22.748089','2021-02-26 12:00:22.748089',8,105),
	(46,'2021-02-26 12:00:22.847814','2021-02-26 12:00:22.847814',8,102),
	(47,'2021-02-26 12:00:22.949071','2021-02-26 12:00:22.949071',8,103),
	(48,'2021-02-26 12:00:23.047353','2021-02-26 12:00:23.047353',8,29),
	(49,'2021-02-26 12:00:23.147826','2021-02-26 12:00:23.147826',8,30),
	(50,'2021-02-26 12:00:23.246800','2021-02-26 12:00:23.246800',8,47),
	(51,'2021-02-26 12:00:23.349541','2021-02-26 12:00:23.349541',8,48),
	(52,'2021-02-26 12:00:23.463177','2021-02-26 12:00:23.463177',8,84),
	(53,'2021-02-26 12:00:23.564096','2021-02-26 12:00:23.564096',8,90),
	(54,'2021-02-26 12:00:23.663815','2021-02-26 12:00:23.663815',8,85),
	(55,'2021-02-26 12:01:05.971978','2021-02-26 12:01:05.971978',9,1),
	(56,'2021-02-26 12:01:06.085568','2021-02-26 12:01:06.085568',9,96),
	(57,'2021-02-26 12:01:06.198271','2021-02-26 12:01:06.198271',9,45),
	(58,'2021-02-26 12:01:06.309736','2021-02-26 12:01:06.309736',9,43),
	(59,'2021-02-26 12:01:06.410785','2021-02-26 12:01:06.410785',9,49),
	(60,'2021-02-26 12:01:06.510712','2021-02-26 12:01:06.510712',9,86),
	(61,'2021-02-26 12:01:06.612457','2021-02-26 12:01:06.612457',9,2),
	(62,'2021-02-26 12:01:06.710397','2021-02-26 12:01:06.710397',9,27),
	(63,'2021-02-26 12:01:06.809104','2021-02-26 12:01:06.809104',9,97),
	(64,'2021-02-26 12:01:06.907088','2021-02-26 12:01:06.907088',9,59),
	(65,'2021-02-26 12:01:07.009988','2021-02-26 12:01:07.009988',9,60),
	(66,'2021-02-26 12:01:07.122372','2021-02-26 12:01:07.122372',9,61),
	(67,'2021-02-26 12:01:07.223694','2021-02-26 12:01:07.223694',9,62),
	(68,'2021-02-26 12:01:07.325022','2021-02-26 12:01:07.325022',9,63),
	(69,'2021-02-26 12:01:07.425209','2021-02-26 12:01:07.425209',9,65),
	(70,'2021-02-26 12:01:07.522081','2021-02-26 12:01:07.522081',9,98),
	(71,'2021-02-26 12:01:07.622775','2021-02-26 12:01:07.622775',9,99),
	(72,'2021-02-26 12:01:07.721181','2021-02-26 12:01:07.721181',9,100),
	(73,'2021-02-26 12:01:07.819589','2021-02-26 12:01:07.819589',9,101),
	(74,'2021-02-26 12:01:07.920497','2021-02-26 12:01:07.920497',9,8),
	(75,'2021-02-26 12:01:08.018875','2021-02-26 12:01:08.018875',9,10),
	(76,'2021-02-26 12:01:08.135192','2021-02-26 12:01:08.135192',9,11),
	(77,'2021-02-26 12:01:08.246405','2021-02-26 12:01:08.246405',9,12),
	(78,'2021-02-26 12:01:08.346661','2021-02-26 12:01:08.346661',9,13),
	(79,'2021-02-26 12:01:08.448436','2021-02-26 12:01:08.448436',9,22),
	(80,'2021-02-26 12:01:08.547496','2021-02-26 12:01:08.547496',9,23),
	(81,'2021-02-26 12:01:08.648457','2021-02-26 12:01:08.648457',9,24),
	(82,'2021-02-26 12:01:08.750564','2021-02-26 12:01:08.750564',9,25),
	(83,'2021-02-26 12:01:08.851783','2021-02-26 12:01:08.851783',9,26),
	(84,'2021-02-26 12:01:08.950898','2021-02-26 12:01:08.950898',9,69),
	(85,'2021-02-26 12:01:09.061982','2021-02-26 12:01:09.061982',9,70),
	(86,'2021-02-26 12:01:09.165258','2021-02-26 12:01:09.165258',9,71),
	(87,'2021-02-26 12:01:09.266177','2021-02-26 12:01:09.266177',9,72),
	(88,'2021-02-26 12:01:09.366427','2021-02-26 12:01:09.366427',9,73),
	(89,'2021-02-26 12:01:09.467877','2021-02-26 12:01:09.467877',9,74),
	(90,'2021-02-26 12:01:09.568526','2021-02-26 12:01:09.568526',9,75),
	(91,'2021-02-26 12:01:09.668052','2021-02-26 12:01:09.668052',9,76),
	(92,'2021-02-26 12:01:09.766367','2021-02-26 12:01:09.766367',9,77),
	(93,'2021-02-26 12:01:09.866170','2021-02-26 12:01:09.866170',9,78),
	(94,'2021-02-26 12:01:09.963037','2021-02-26 12:01:09.963037',9,79),
	(95,'2021-02-26 12:01:10.082046','2021-02-26 12:01:10.082046',9,80),
	(96,'2021-02-26 12:01:10.185024','2021-02-26 12:01:10.185024',9,81),
	(97,'2021-02-26 12:01:10.283787','2021-02-26 12:01:10.283787',9,82),
	(98,'2021-02-26 12:01:10.382883','2021-02-26 12:01:10.382883',9,83),
	(99,'2021-02-26 12:01:10.481150','2021-02-26 12:01:10.481150',9,105),
	(100,'2021-02-26 12:01:10.579579','2021-02-26 12:01:10.579579',9,102),
	(101,'2021-02-26 12:01:10.679489','2021-02-26 12:01:10.679489',9,103),
	(102,'2021-02-26 12:01:10.777496','2021-02-26 12:01:10.777496',9,29),
	(103,'2021-02-26 12:01:10.878292','2021-02-26 12:01:10.878292',9,30),
	(104,'2021-02-26 12:01:10.977354','2021-02-26 12:01:10.977354',9,47),
	(105,'2021-02-26 12:01:11.097786','2021-02-26 12:01:11.097786',9,48),
	(106,'2021-02-26 12:01:11.201390','2021-02-26 12:01:11.201390',9,84),
	(107,'2021-02-26 12:01:11.302120','2021-02-26 12:01:11.302120',9,90),
	(108,'2021-02-26 12:01:11.402751','2021-02-26 12:01:11.402751',9,85),
	(161,'2021-02-26 14:16:49.162546','2021-02-26 14:16:49.162546',11,1),
	(162,'2021-02-26 14:16:49.257677','2021-02-26 14:16:49.257677',11,96),
	(163,'2021-02-26 14:16:49.356225','2021-02-26 14:16:49.356225',11,45),
	(164,'2021-02-26 14:16:49.450708','2021-02-26 14:16:49.450708',11,43),
	(165,'2021-02-26 14:16:49.543794','2021-02-26 14:16:49.543794',11,49),
	(166,'2021-02-26 14:16:49.636496','2021-02-26 14:16:49.636496',11,86),
	(167,'2021-02-26 14:16:49.728634','2021-02-26 14:16:49.728634',11,47),
	(168,'2021-02-26 14:16:49.824754','2021-02-26 14:16:49.824754',11,48),
	(169,'2021-02-26 14:16:49.919329','2021-02-26 14:16:49.919329',11,85),
	(170,'2021-02-26 14:16:50.015239','2021-02-26 14:16:50.015239',11,84),
	(290,'2021-02-26 14:32:35.143867','2021-02-26 14:32:35.143867',12,1),
	(291,'2021-02-26 14:32:35.239965','2021-02-26 14:32:35.239965',12,96),
	(292,'2021-02-26 14:32:35.336398','2021-02-26 14:32:35.336398',12,45),
	(293,'2021-02-26 14:32:35.435180','2021-02-26 14:32:35.435180',12,43),
	(294,'2021-02-26 14:32:35.528631','2021-02-26 14:32:35.528631',12,49),
	(295,'2021-02-26 14:32:35.623123','2021-02-26 14:32:35.623123',12,86),
	(296,'2021-02-26 14:32:35.718831','2021-02-26 14:32:35.718831',12,2),
	(297,'2021-02-26 14:32:35.812975','2021-02-26 14:32:35.812975',12,27),
	(298,'2021-02-26 14:32:35.904487','2021-02-26 14:32:35.904487',12,97),
	(299,'2021-02-26 14:32:35.998773','2021-02-26 14:32:35.998773',12,59),
	(300,'2021-02-26 14:32:36.107749','2021-02-26 14:32:36.107749',12,60),
	(301,'2021-02-26 14:32:36.213069','2021-02-26 14:32:36.213069',12,61),
	(302,'2021-02-26 14:32:36.308985','2021-02-26 14:32:36.308985',12,62),
	(303,'2021-02-26 14:32:36.404237','2021-02-26 14:32:36.404237',12,63),
	(304,'2021-02-26 14:32:36.499569','2021-02-26 14:32:36.499569',12,65),
	(305,'2021-02-26 14:32:36.593710','2021-02-26 14:32:36.593710',12,98),
	(306,'2021-02-26 14:32:36.685988','2021-02-26 14:32:36.685988',12,99),
	(307,'2021-02-26 14:32:36.778733','2021-02-26 14:32:36.778733',12,100),
	(308,'2021-02-26 14:32:36.874715','2021-02-26 14:32:36.874715',12,101),
	(309,'2021-02-26 14:32:36.973153','2021-02-26 14:32:36.973153',12,8),
	(310,'2021-02-26 14:32:37.082734','2021-02-26 14:32:37.082734',12,10),
	(311,'2021-02-26 14:32:37.176859','2021-02-26 14:32:37.176859',12,11),
	(312,'2021-02-26 14:32:37.271440','2021-02-26 14:32:37.271440',12,12),
	(313,'2021-02-26 14:32:37.365206','2021-02-26 14:32:37.365206',12,13),
	(314,'2021-02-26 14:32:37.457092','2021-02-26 14:32:37.457092',12,22),
	(315,'2021-02-26 14:32:37.549860','2021-02-26 14:32:37.549860',12,23),
	(316,'2021-02-26 14:32:37.645684','2021-02-26 14:32:37.645684',12,24),
	(317,'2021-02-26 14:32:37.743370','2021-02-26 14:32:37.743370',12,25),
	(318,'2021-02-26 14:32:37.837218','2021-02-26 14:32:37.837218',12,26),
	(319,'2021-02-26 14:32:37.930953','2021-02-26 14:32:37.930953',12,69),
	(320,'2021-02-26 14:32:38.031191','2021-02-26 14:32:38.031191',12,70),
	(321,'2021-02-26 14:32:38.130839','2021-02-26 14:32:38.130839',12,71),
	(322,'2021-02-26 14:32:38.229359','2021-02-26 14:32:38.229359',12,72),
	(323,'2021-02-26 14:32:38.323868','2021-02-26 14:32:38.323868',12,73),
	(324,'2021-02-26 14:32:38.415194','2021-02-26 14:32:38.415194',12,74),
	(325,'2021-02-26 14:32:38.505597','2021-02-26 14:32:38.505597',12,75),
	(326,'2021-02-26 14:32:38.600426','2021-02-26 14:32:38.600426',12,76),
	(327,'2021-02-26 14:32:38.698676','2021-02-26 14:32:38.698676',12,77),
	(328,'2021-02-26 14:32:38.793832','2021-02-26 14:32:38.793832',12,78),
	(329,'2021-02-26 14:32:38.889203','2021-02-26 14:32:38.889203',12,79),
	(330,'2021-02-26 14:32:38.985851','2021-02-26 14:32:38.985851',12,80),
	(331,'2021-02-26 14:32:39.092110','2021-02-26 14:32:39.092110',12,81),
	(332,'2021-02-26 14:32:39.188945','2021-02-26 14:32:39.188945',12,82),
	(333,'2021-02-26 14:32:39.280043','2021-02-26 14:32:39.280043',12,83),
	(334,'2021-02-26 14:32:39.374899','2021-02-26 14:32:39.374899',12,105),
	(335,'2021-02-26 14:32:39.473563','2021-02-26 14:32:39.473563',12,102),
	(336,'2021-02-26 14:32:39.570921','2021-02-26 14:32:39.570921',12,103),
	(337,'2021-02-26 14:32:39.665052','2021-02-26 14:32:39.665052',12,29),
	(338,'2021-02-26 14:32:39.760189','2021-02-26 14:32:39.760189',12,30),
	(339,'2021-02-26 14:32:39.852856','2021-02-26 14:32:39.852856',12,47),
	(340,'2021-02-26 14:32:39.944180','2021-02-26 14:32:39.944180',12,48),
	(341,'2021-02-26 14:32:40.038086','2021-02-26 14:32:40.038086',12,84),
	(342,'2021-02-26 14:32:40.135874','2021-02-26 14:32:40.135874',12,90),
	(343,'2021-02-26 14:32:40.234015','2021-02-26 14:32:40.234015',12,85),
	(355,'2021-02-26 14:32:54.538822','2021-02-26 14:32:54.538822',10,1),
	(356,'2021-02-26 14:32:54.634784','2021-02-26 14:32:54.634784',10,96),
	(357,'2021-02-26 14:32:54.732878','2021-02-26 14:32:54.732878',10,45),
	(358,'2021-02-26 14:32:54.826023','2021-02-26 14:32:54.826023',10,43),
	(359,'2021-02-26 14:32:54.920173','2021-02-26 14:32:54.920173',10,49),
	(360,'2021-02-26 14:32:55.019141','2021-02-26 14:32:55.019141',10,86),
	(361,'2021-02-26 14:32:55.119438','2021-02-26 14:32:55.119438',10,2),
	(362,'2021-02-26 14:32:55.211471','2021-02-26 14:32:55.211471',10,27),
	(363,'2021-02-26 14:32:55.304855','2021-02-26 14:32:55.304855',10,97),
	(364,'2021-02-26 14:32:55.397939','2021-02-26 14:32:55.397939',10,59),
	(365,'2021-02-26 14:32:55.491674','2021-02-26 14:32:55.491674',10,60),
	(366,'2021-02-26 14:32:55.584051','2021-02-26 14:32:55.584051',10,61),
	(367,'2021-02-26 14:32:55.676449','2021-02-26 14:32:55.676449',10,62),
	(368,'2021-02-26 14:32:55.774524','2021-02-26 14:32:55.774524',10,63),
	(369,'2021-02-26 14:32:55.871634','2021-02-26 14:32:55.871634',10,65),
	(370,'2021-02-26 14:32:55.964611','2021-02-26 14:32:55.964611',10,98),
	(371,'2021-02-26 14:32:56.074043','2021-02-26 14:32:56.074043',10,99),
	(372,'2021-02-26 14:32:56.169316','2021-02-26 14:32:56.169316',10,100),
	(373,'2021-02-26 14:32:56.263408','2021-02-26 14:32:56.263408',10,101),
	(374,'2021-02-26 14:32:56.356537','2021-02-26 14:32:56.356537',10,8),
	(375,'2021-02-26 14:32:56.448195','2021-02-26 14:32:56.448195',10,10),
	(376,'2021-02-26 14:32:56.544394','2021-02-26 14:32:56.544394',10,11),
	(377,'2021-02-26 14:32:56.641515','2021-02-26 14:32:56.641515',10,12),
	(378,'2021-02-26 14:32:56.735242','2021-02-26 14:32:56.735242',10,13),
	(379,'2021-02-26 14:32:56.828811','2021-02-26 14:32:56.828811',10,22),
	(380,'2021-02-26 14:32:56.922664','2021-02-26 14:32:56.922664',10,23),
	(381,'2021-02-26 14:32:57.016873','2021-02-26 14:32:57.016873',10,24),
	(382,'2021-02-26 14:32:57.123800','2021-02-26 14:32:57.123800',10,25),
	(383,'2021-02-26 14:32:57.223306','2021-02-26 14:32:57.223306',10,26),
	(384,'2021-02-26 14:32:57.328482','2021-02-26 14:32:57.328482',10,69),
	(385,'2021-02-26 14:32:57.430006','2021-02-26 14:32:57.430006',10,70),
	(386,'2021-02-26 14:32:57.521664','2021-02-26 14:32:57.521664',10,71),
	(387,'2021-02-26 14:32:57.612399','2021-02-26 14:32:57.612399',10,72),
	(388,'2021-02-26 14:32:57.705553','2021-02-26 14:32:57.705553',10,73),
	(389,'2021-02-26 14:32:57.799288','2021-02-26 14:32:57.799288',10,74),
	(390,'2021-02-26 14:32:57.893894','2021-02-26 14:32:57.893894',10,75),
	(391,'2021-02-26 14:32:57.988856','2021-02-26 14:32:57.988856',10,76),
	(392,'2021-02-26 14:32:58.090250','2021-02-26 14:32:58.090250',10,77),
	(393,'2021-02-26 14:32:58.196616','2021-02-26 14:32:58.196616',10,78),
	(394,'2021-02-26 14:32:58.288151','2021-02-26 14:32:58.288151',10,79),
	(395,'2021-02-26 14:32:58.378493','2021-02-26 14:32:58.378493',10,80),
	(396,'2021-02-26 14:32:58.471283','2021-02-26 14:32:58.471283',10,81),
	(397,'2021-02-26 14:32:58.564666','2021-02-26 14:32:58.564666',10,82),
	(398,'2021-02-26 14:32:58.658511','2021-02-26 14:32:58.658511',10,83),
	(399,'2021-02-26 14:32:58.752713','2021-02-26 14:32:58.752713',10,105),
	(400,'2021-02-26 14:32:58.849472','2021-02-26 14:32:58.849472',10,102),
	(401,'2021-02-26 14:32:58.948387','2021-02-26 14:32:58.948387',10,103),
	(402,'2021-02-26 14:32:59.042410','2021-02-26 14:32:59.042410',10,29),
	(403,'2021-02-26 14:32:59.132594','2021-02-26 14:32:59.132594',10,30),
	(404,'2021-02-26 14:32:59.226150','2021-02-26 14:32:59.226150',10,47),
	(405,'2021-02-26 14:32:59.319494','2021-02-26 14:32:59.319494',10,48),
	(406,'2021-02-26 14:32:59.413370','2021-02-26 14:32:59.413370',10,84),
	(407,'2021-02-26 14:32:59.507584','2021-02-26 14:32:59.507584',10,90),
	(408,'2021-02-26 14:32:59.604332','2021-02-26 14:32:59.604332',10,85),
	(463,'2021-02-26 14:33:49.310315','2021-02-26 14:33:49.310315',13,1),
	(464,'2021-02-26 14:33:49.403445','2021-02-26 14:33:49.403445',13,96),
	(465,'2021-02-26 14:33:49.496802','2021-02-26 14:33:49.496802',13,45),
	(466,'2021-02-26 14:33:49.595210','2021-02-26 14:33:49.595210',13,43),
	(467,'2021-02-26 14:33:49.688024','2021-02-26 14:33:49.688024',13,49),
	(468,'2021-02-26 14:33:49.781292','2021-02-26 14:33:49.781292',13,86),
	(469,'2021-02-26 14:33:49.874061','2021-02-26 14:33:49.874061',13,2),
	(470,'2021-02-26 14:33:49.965534','2021-02-26 14:33:49.965534',13,27),
	(471,'2021-02-26 14:33:50.072373','2021-02-26 14:33:50.072373',13,97),
	(472,'2021-02-26 14:33:50.176473','2021-02-26 14:33:50.176473',13,59),
	(473,'2021-02-26 14:33:50.272264','2021-02-26 14:33:50.272264',13,60),
	(474,'2021-02-26 14:33:50.370328','2021-02-26 14:33:50.370328',13,61),
	(475,'2021-02-26 14:33:50.463159','2021-02-26 14:33:50.463159',13,62),
	(476,'2021-02-26 14:33:50.557911','2021-02-26 14:33:50.557911',13,63),
	(477,'2021-02-26 14:33:50.650669','2021-02-26 14:33:50.650669',13,65),
	(478,'2021-02-26 14:33:50.742871','2021-02-26 14:33:50.742871',13,98),
	(479,'2021-02-26 14:33:50.838052','2021-02-26 14:33:50.838052',13,99),
	(480,'2021-02-26 14:33:50.932201','2021-02-26 14:33:50.932201',13,100),
	(481,'2021-02-26 14:33:51.030973','2021-02-26 14:33:51.030973',13,101),
	(482,'2021-02-26 14:33:51.168873','2021-02-26 14:33:51.168873',13,8),
	(483,'2021-02-26 14:33:51.265779','2021-02-26 14:33:51.265779',13,10),
	(484,'2021-02-26 14:33:51.379934','2021-02-26 14:33:51.379934',13,11),
	(485,'2021-02-26 14:33:51.473016','2021-02-26 14:33:51.473016',13,12),
	(486,'2021-02-26 14:33:51.568753','2021-02-26 14:33:51.568753',13,13),
	(487,'2021-02-26 14:33:51.667262','2021-02-26 14:33:51.667262',13,22),
	(488,'2021-02-26 14:33:51.761865','2021-02-26 14:33:51.761865',13,23),
	(489,'2021-02-26 14:33:51.857295','2021-02-26 14:33:51.857295',13,24),
	(490,'2021-02-26 14:33:51.951231','2021-02-26 14:33:51.951231',13,25),
	(491,'2021-02-26 14:33:52.047431','2021-02-26 14:33:52.047431',13,26),
	(492,'2021-02-26 14:33:52.141210','2021-02-26 14:33:52.141210',13,69),
	(493,'2021-02-26 14:33:52.236892','2021-02-26 14:33:52.236892',13,70),
	(494,'2021-02-26 14:33:52.332986','2021-02-26 14:33:52.332986',13,71),
	(495,'2021-02-26 14:33:52.432629','2021-02-26 14:33:52.432629',13,72),
	(496,'2021-02-26 14:33:52.529105','2021-02-26 14:33:52.529105',13,73),
	(497,'2021-02-26 14:33:52.625291','2021-02-26 14:33:52.625291',13,74),
	(498,'2021-02-26 14:33:52.721109','2021-02-26 14:33:52.721109',13,75),
	(499,'2021-02-26 14:33:52.813753','2021-02-26 14:33:52.813753',13,76),
	(500,'2021-02-26 14:33:52.905436','2021-02-26 14:33:52.905436',13,77),
	(501,'2021-02-26 14:33:52.998499','2021-02-26 14:33:52.998499',13,78),
	(502,'2021-02-26 14:33:53.100975','2021-02-26 14:33:53.100975',13,79),
	(503,'2021-02-26 14:33:53.199493','2021-02-26 14:33:53.199493',13,80),
	(504,'2021-02-26 14:33:53.294088','2021-02-26 14:33:53.294088',13,81),
	(505,'2021-02-26 14:33:53.391390','2021-02-26 14:33:53.391390',13,82),
	(506,'2021-02-26 14:33:53.486104','2021-02-26 14:33:53.486104',13,83),
	(507,'2021-02-26 14:33:53.578385','2021-02-26 14:33:53.578385',13,105),
	(508,'2021-02-26 14:33:53.670073','2021-02-26 14:33:53.670073',13,102),
	(509,'2021-02-26 14:33:53.763868','2021-02-26 14:33:53.763868',13,103),
	(510,'2021-02-26 14:33:53.860706','2021-02-26 14:33:53.860706',13,29),
	(511,'2021-02-26 14:33:53.959262','2021-02-26 14:33:53.959262',13,30),
	(512,'2021-02-26 14:33:54.064932','2021-02-26 14:33:54.064932',13,47),
	(513,'2021-02-26 14:33:54.168918','2021-02-26 14:33:54.168918',13,48),
	(514,'2021-02-26 14:33:54.273982','2021-02-26 14:33:54.273982',13,84),
	(515,'2021-02-26 14:33:54.366992','2021-02-26 14:33:54.366992',13,90),
	(516,'2021-02-26 14:33:54.458682','2021-02-26 14:33:54.458682',13,85),
	(517,'2021-08-23 14:37:40.320808','2021-08-23 14:37:40.320808',1,123),
	(518,'2021-08-23 14:37:40.320808','2021-08-23 14:37:40.320808',1,124),
	(519,'2021-08-23 14:45:55.733160','2021-08-23 14:45:55.733160',1,125),
	(520,'2021-08-23 14:45:55.733160','2021-08-23 14:45:55.733160',1,126),
	(521,'2021-08-23 14:48:46.486147','2021-08-23 14:48:46.486147',1,127),
	(522,'2021-08-23 14:48:46.486147','2021-08-23 14:48:46.486147',1,128),
	(523,'2021-08-25 07:49:30.914125','2021-08-25 07:49:30.914125',1,129),
	(524,'2021-08-25 07:49:30.914125','2021-08-25 07:49:30.914125',1,130),
	(525,'2021-08-26 14:43:54.877089','2021-08-26 14:43:54.877089',1,133),
	(526,'2021-08-26 14:43:54.877089','2021-08-26 14:43:54.877089',1,134),
	(527,'2021-08-27 03:31:14.346428','2021-08-27 03:31:14.346428',1,135),
	(528,'2021-08-27 03:31:14.346428','2021-08-27 03:31:14.346428',1,136),
	(529,'2021-08-27 04:37:33.328210','2021-08-27 04:37:33.328210',1,137),
	(530,'2021-08-27 04:37:33.328210','2021-08-27 04:37:33.328210',1,138);

/*!40000 ALTER TABLE `base_sys_role_menu` ENABLE KEYS */;
UNLOCK TABLES;


# Dump of table base_sys_user
# ------------------------------------------------------------

DROP TABLE IF EXISTS `base_sys_user`;

CREATE TABLE `base_sys_user` (
  `id` int(11) NOT NULL AUTO_INCREMENT COMMENT 'ID',
  `createTime` datetime(6) NOT NULL DEFAULT CURRENT_TIMESTAMP(6) COMMENT '创建时间',
  `updateTime` datetime(6) NOT NULL DEFAULT CURRENT_TIMESTAMP(6) ON UPDATE CURRENT_TIMESTAMP(6) COMMENT '更新时间',
  `departmentId` bigint(20) DEFAULT NULL COMMENT '部门ID',
  `name` varchar(255) DEFAULT NULL COMMENT '姓名',
  `username` varchar(100) NOT NULL COMMENT '用户名',
  `password` varchar(255) NOT NULL COMMENT '密码',
  `passwordV` int(11) NOT NULL DEFAULT '1' COMMENT '密码版本, 作用是改完密码，让原来的token失效',
  `nickName` varchar(255) DEFAULT NULL COMMENT '昵称',
  `headImg` varchar(255) DEFAULT NULL COMMENT '头像',
  `phone` varchar(20) DEFAULT NULL COMMENT '手机',
  `email` varchar(255) DEFAULT NULL COMMENT '邮箱',
  `status` tinyint(4) NOT NULL DEFAULT '1' COMMENT '状态 0:禁用 1：启用',
  `remark` varchar(255) DEFAULT NULL COMMENT '备注',
  `socketId` varchar(255) DEFAULT NULL COMMENT 'socketId',
  PRIMARY KEY (`id`),
  UNIQUE KEY `IDX_469ad55973f5b98930f6ad627b` (`username`),
  KEY `IDX_0cf944da378d70a94f5fefd803` (`departmentId`),
  KEY `IDX_9ec6d7ac6337eafb070e4881a8` (`phone`),
  KEY `IDX_ca8611d15a63d52aa4e292e46a` (`createTime`),
  KEY `IDX_a0f2f19cee18445998ece93ddd` (`updateTime`)
) ENGINE=InnoDB DEFAULT CHARSET=utf8mb4 COMMENT='admin用户表';

LOCK TABLES `base_sys_user` WRITE;
/*!40000 ALTER TABLE `base_sys_user` DISABLE KEYS */;

INSERT INTO `base_sys_user` (`id`, `createTime`, `updateTime`, `departmentId`, `name`, `username`, `password`, `passwordV`, `nickName`, `headImg`, `phone`, `email`, `status`, `remark`, `socketId`)
VALUES
	(1,'2021-02-24 21:16:41.525157','2021-08-21 15:49:16.000000',1,'超级管理员','admin','e10adc3949ba59abbe56e057f20f883e',4,'管理员','http://127.0.0.1:8199/cdp0xolskcc0jenhkv.png','18000000000','team@cool-js.com',1,'拥有最高权限的用户',NULL),
	(24,'2021-02-26 14:17:38.000000','2021-02-26 14:17:38.000000',11,'小白','xiaobai','e10adc3949ba59abbe56e057f20f883e',1,'小白',NULL,NULL,NULL,1,NULL,NULL),
	(25,'2021-02-26 14:28:25.000000','2021-02-26 14:28:25.000000',12,'小黑','xiaohei','e10adc3949ba59abbe56e057f20f883e',1,'小黑',NULL,NULL,NULL,1,NULL,NULL),
	(26,'2021-02-26 14:28:49.000000','2021-02-26 14:28:49.000000',12,'小绿','xiaolv','e10adc3949ba59abbe56e057f20f883e',1,'小绿',NULL,NULL,NULL,1,NULL,NULL),
	(27,'2021-02-26 14:29:23.000000','2021-02-26 14:29:23.000000',13,'小青','xiaoqin','e10adc3949ba59abbe56e057f20f883e',1,'小青',NULL,NULL,NULL,1,NULL,NULL);

/*!40000 ALTER TABLE `base_sys_user` ENABLE KEYS */;
UNLOCK TABLES;


# Dump of table base_sys_user_role
# ------------------------------------------------------------

DROP TABLE IF EXISTS `base_sys_user_role`;

CREATE TABLE `base_sys_user_role` (
  `id` int(11) NOT NULL AUTO_INCREMENT COMMENT 'ID',
  `createTime` datetime(6) NOT NULL DEFAULT CURRENT_TIMESTAMP(6) COMMENT '创建时间',
  `updateTime` datetime(6) NOT NULL DEFAULT CURRENT_TIMESTAMP(6) ON UPDATE CURRENT_TIMESTAMP(6) COMMENT '更新时间',
  `adminUserId` bigint(20) NOT NULL COMMENT '用户ID',
  `roleId` bigint(20) NOT NULL COMMENT '角色ID',
  PRIMARY KEY (`id`),
  KEY `IDX_fa9555e03e42fce748c9046b1c` (`createTime`),
  KEY `IDX_3e36c0d2b1a4c659c6b4fc64b3` (`updateTime`)
) ENGINE=InnoDB DEFAULT CHARSET=utf8mb4 COMMENT='Admin用户角色关联表';

LOCK TABLES `base_sys_user_role` WRITE;
/*!40000 ALTER TABLE `base_sys_user_role` DISABLE KEYS */;

INSERT INTO `base_sys_user_role` (`id`, `createTime`, `updateTime`, `adminUserId`, `roleId`)
VALUES
	(1,'2021-02-24 22:03:11.665805','2021-02-24 22:03:11.665805',1,1),
	(2,'2021-02-25 11:03:55.325988','2021-02-25 11:03:55.325988',2,1),
	(3,'2021-02-25 14:30:57.295150','2021-02-25 14:30:57.295150',3,1),
	(4,'2021-02-25 14:39:32.975014','2021-02-25 14:39:32.975014',4,1),
	(5,'2021-02-25 14:40:56.812948','2021-02-25 14:40:56.812948',5,1),
	(6,'2021-02-25 14:44:08.436555','2021-02-25 14:44:08.436555',6,1),
	(7,'2021-02-25 14:46:17.409232','2021-02-25 14:46:17.409232',7,1),
	(8,'2021-02-25 14:47:47.211749','2021-02-25 14:47:47.211749',8,1),
	(9,'2021-02-25 14:48:11.734024','2021-02-25 14:48:11.734024',9,1),
	(10,'2021-02-25 14:50:48.288616','2021-02-25 14:50:48.288616',10,1),
	(11,'2021-02-25 14:51:32.123884','2021-02-25 14:51:32.123884',11,1),
	(12,'2021-02-25 15:46:26.356943','2021-02-25 15:46:26.356943',12,1),
	(13,'2021-02-25 15:56:43.475155','2021-02-25 15:56:43.475155',13,1),
	(14,'2021-02-25 16:03:14.417784','2021-02-25 16:03:14.417784',14,1),
	(16,'2021-02-25 16:22:11.200152','2021-02-25 16:22:11.200152',16,1),
	(17,'2021-02-25 17:44:37.635550','2021-02-25 17:44:37.635550',15,1),
	(19,'2021-02-25 17:51:00.554812','2021-02-25 17:51:00.554812',18,1),
	(21,'2021-02-25 17:54:41.375113','2021-02-25 17:54:41.375113',17,1),
	(22,'2021-02-25 17:55:49.385301','2021-02-25 17:55:49.385301',20,1),
	(24,'2021-02-25 17:58:35.452363','2021-02-25 17:58:35.452363',22,1),
	(27,'2021-02-25 21:25:55.005236','2021-02-25 21:25:55.005236',19,1),
	(28,'2021-02-26 13:50:05.633242','2021-02-26 13:50:05.633242',21,8),
	(29,'2021-02-26 13:50:17.836990','2021-02-26 13:50:17.836990',23,8),
	(38,'2021-02-26 14:36:08.899046','2021-02-26 14:36:08.899046',26,13),
	(39,'2021-02-26 14:36:13.149510','2021-02-26 14:36:13.149510',25,13),
	(40,'2021-02-26 14:36:20.737073','2021-02-26 14:36:20.737073',27,11),
	(42,'2021-02-26 14:36:53.481478','2021-02-26 14:36:53.481478',24,12);

/*!40000 ALTER TABLE `base_sys_user_role` ENABLE KEYS */;
UNLOCK TABLES;


# Dump of table demo_go
# ------------------------------------------------------------

DROP TABLE IF EXISTS `demo_go`;

CREATE TABLE `demo_go` (
  `id` int(11) NOT NULL AUTO_INCREMENT COMMENT 'ID',
  `createTime` datetime(6) NOT NULL DEFAULT CURRENT_TIMESTAMP(6) COMMENT '创建时间',
  `updateTime` datetime(6) NOT NULL DEFAULT CURRENT_TIMESTAMP(6) ON UPDATE CURRENT_TIMESTAMP(6) COMMENT '更新时间',
  `title` varchar(255) NOT NULL COMMENT '标题',
  `subTitle` varchar(255) DEFAULT NULL COMMENT '副标题##IsSearchParams',
  `pic` varchar(255) NOT NULL COMMENT '商品主图',
  `types` tinyint(4) NOT NULL COMMENT '类型#1:上架,2:下架',
  `status` tinyint(4) NOT NULL DEFAULT '1' COMMENT '状态#1:启用,2:禁用',
  `tupian` varchar(300) DEFAULT NULL COMMENT '图片##IsPicColumn',
  `other` tinyint(4) DEFAULT NULL COMMENT '其他状态#1:已激活,2:未激活#IsDictColumn,IsSearchParams',
  `sort` int(11) NOT NULL DEFAULT '0' COMMENT '排序',
  PRIMARY KEY (`id`),
  KEY `IDX_d8d0d86a0adf1001ce12aaac41` (`createTime`),
  KEY `IDX_9fe44721d1e517fa24383db56b` (`updateTime`),
  FULLTEXT KEY `IDX_91f50fa9907d5ac2c864f175bb` (`title`,`subTitle`) /*!50100 WITH PARSER `ngram` */ 
) ENGINE=InnoDB DEFAULT CHARSET=utf8mb4 COMMENT='示例go';



# Dump of table gen_code_config
# ------------------------------------------------------------

DROP TABLE IF EXISTS `gen_code_config`;

CREATE TABLE `gen_code_config` (
  `id` int(11) NOT NULL AUTO_INCREMENT COMMENT 'ID',
  `createTime` datetime(6) NOT NULL DEFAULT CURRENT_TIMESTAMP(6) COMMENT '创建时间',
  `updateTime` datetime(6) NOT NULL DEFAULT CURRENT_TIMESTAMP(6) ON UPDATE CURRENT_TIMESTAMP(6) COMMENT '更新时间',
  `dbHost` varchar(255) NOT NULL DEFAULT '' COMMENT '数据库host',
  `dbPort` varchar(50) NOT NULL DEFAULT '' COMMENT '数据库端口',
  `dbUser` varchar(100) NOT NULL DEFAULT '' COMMENT '数据库用户',
  `dbPass` varchar(200) NOT NULL DEFAULT '' COMMENT '数据库密码',
  `dbName` varchar(100) NOT NULL DEFAULT '' COMMENT '数据库名',
  `dbType` varchar(30) NOT NULL DEFAULT 'mysql' COMMENT '数据库类型，如mysql/pgsql/mssql/sqlite/oracle，默认mysql',
  `adminGenPath` text NOT NULL COMMENT '生成代码前端目录',
  `ServerGenPath` text NOT NULL COMMENT '生成代码服务端目录',
  `defaultCreatedAtLabel` varchar(30) NOT NULL DEFAULT 'createTime' COMMENT '默认的创建时间字段格式，如createTime',
  `defaultUpdatedAtLabel` varchar(30) NOT NULL DEFAULT 'updateTime' COMMENT '默认的更新时间字段格式，如updateTime',
  `ignoreTablePrefix` varchar(300) NOT NULL DEFAULT '' COMMENT '忽略此前缀的表，逗号分隔',
  `tableNames` text COMMENT '表名，用逗号分隔',
  `activeCode` varchar(300) DEFAULT '' COMMENT '激活码',
  PRIMARY KEY (`id`),
  KEY `IDX_d8d0d86a0adf1001ce12aaac41` (`createTime`),
  KEY `IDX_9fe44721d1e517fa24383db56b` (`updateTime`)
) ENGINE=InnoDB DEFAULT CHARSET=utf8mb4 COMMENT='代码生成配置';

LOCK TABLES `gen_code_config` WRITE;
/*!40000 ALTER TABLE `gen_code_config` DISABLE KEYS */;

INSERT INTO `gen_code_config` (`id`, `createTime`, `updateTime`, `dbHost`, `dbPort`, `dbUser`, `dbPass`, `dbName`, `dbType`, `adminGenPath`, `ServerGenPath`, `defaultCreatedAtLabel`, `defaultUpdatedAtLabel`, `ignoreTablePrefix`, `tableNames`, `activeCode`)
VALUES
	(1,'2021-08-27 13:43:11.000000','2021-08-28 20:52:52.000000','127.0.0.1','3306','root','123456','go-easy','mysql','/Users/jasonlaw/Documents/develop/go/src/gitee.com/jasonLaw1015/goEasyAdmin/','/Users/jasonlaw/Documents/develop/go/src/gitee.com/jasonLaw1015/goEasy/','createTime','updateTime','u_,base_',NULL,''),
	(4,'2021-08-27 15:47:08.000000','2021-08-27 15:47:08.000000','1','12','2','12','1','1','12','2','12','12','1',NULL,'');

/*!40000 ALTER TABLE `gen_code_config` ENABLE KEYS */;
UNLOCK TABLES;


# Dump of table gen_code_log
# ------------------------------------------------------------

DROP TABLE IF EXISTS `gen_code_log`;

CREATE TABLE `gen_code_log` (
  `id` int(11) NOT NULL AUTO_INCREMENT COMMENT 'ID',
  `createTime` datetime(6) NOT NULL DEFAULT CURRENT_TIMESTAMP(6) COMMENT '创建时间',
  `updateTime` datetime(6) NOT NULL DEFAULT CURRENT_TIMESTAMP(6) ON UPDATE CURRENT_TIMESTAMP(6) COMMENT '更新时间',
  `title` varchar(255) NOT NULL COMMENT '标题',
  `description` varchar(500) DEFAULT NULL COMMENT '描述##IsSearchParams',
  `tables` text NOT NULL COMMENT '生成的表',
  `params` text NOT NULL COMMENT '当前请求参数',
  `res` text NOT NULL COMMENT '请求结果',
  PRIMARY KEY (`id`),
  KEY `IDX_d8d0d86a0adf1001ce12aaac41` (`createTime`),
  KEY `IDX_9fe44721d1e517fa24383db56b` (`updateTime`)
) ENGINE=InnoDB DEFAULT CHARSET=utf8mb4 COMMENT='代码生成日志';

LOCK TABLES `gen_code_log` WRITE;
/*!40000 ALTER TABLE `gen_code_log` DISABLE KEYS */;

INSERT INTO `gen_code_log` (`id`, `createTime`, `updateTime`, `title`, `description`, `tables`, `params`, `res`)
VALUES
	(1,'2021-08-28 12:19:29.055352','2021-08-28 12:19:29.055352','2','2','demo_go','{\"Title\":\"2\",\"Description\":\"2\",\"ActiveCode\":\"\",\"TableNames\":\"demo_go\",\"ServerGenPath\":\"/Users/jasonlaw/Documents/develop/go/src/gitee.com/jasonLaw1015/goEasy/\",\"AdminGenPath\":\"/Users/jasonlaw/Documents/develop/go/src/gitee.com/jasonLaw1015/goEasyAdmin/\",\"DbHost\":\"127.0.0.1\",\"DbPort\":\"3306\",\"DbUser\":\"root\",\"DbPass\":\"123456\",\"DbName\":\"go-easy\",\"DbType\":\"mysql\",\"DefaultCreatedAtLabel\":\"createTime\",\"DefaultUpdatedAtLabel\":\"updateTime\",\"IgnoreTablePrefix\":\"u_,base_\"}','代码生成成功'),
	(2,'2021-08-28 12:21:21.803402','2021-08-28 12:21:21.803402','3','3','demo_go','{\"Title\":\"3\",\"Description\":\"3\",\"ActiveCode\":\"\",\"TableNames\":\"demo_go\",\"ServerGenPath\":\"/Users/jasonlaw/Documents/develop/go/src/gitee.com/jasonLaw1015/goEasy/\",\"AdminGenPath\":\"/Users/jasonlaw/Documents/develop/go/src/gitee.com/jasonLaw1015/goEasyAdmin/\",\"DbHost\":\"127.0.0.1\",\"DbPort\":\"3306\",\"DbUser\":\"root\",\"DbPass\":\"123456\",\"DbName\":\"go-easy\",\"DbType\":\"mysql\",\"DefaultCreatedAtLabel\":\"createTime\",\"DefaultUpdatedAtLabel\":\"updateTime\",\"IgnoreTablePrefix\":\"u_,base_\"}','代码生成成功'),
	(3,'2021-08-28 12:32:51.869330','2021-08-28 12:32:51.869330','有激活码','有激活码','demo_go','{\"Title\":\"有激活码\",\"Description\":\"有激活码\",\"ActiveCode\":\"abcjasonlaw\",\"TableNames\":\"demo_go\",\"ServerGenPath\":\"/Users/jasonlaw/Documents/develop/go/src/gitee.com/jasonLaw1015/goEasy/\",\"AdminGenPath\":\"/Users/jasonlaw/Documents/develop/go/src/gitee.com/jasonLaw1015/goEasyAdmin/\",\"DbHost\":\"127.0.0.1\",\"DbPort\":\"3306\",\"DbUser\":\"root\",\"DbPass\":\"123456\",\"DbName\":\"go-easy\",\"DbType\":\"mysql\",\"DefaultCreatedAtLabel\":\"createTime\",\"DefaultUpdatedAtLabel\":\"updateTime\",\"IgnoreTablePrefix\":\"u_,base_\"}','代码生成成功'),
	(4,'2021-08-28 12:40:35.633310','2021-08-28 12:40:35.633310','激活1','1','demo_go,test_a','{\"Title\":\"激活1\",\"Description\":\"1\",\"ActiveCode\":\"abcjasonlaw\",\"TableNames\":\"demo_go,test_a\",\"ServerGenPath\":\"/Users/jasonlaw/Documents/develop/go/src/gitee.com/jasonLaw1015/goEasy/\",\"AdminGenPath\":\"/Users/jasonlaw/Documents/develop/go/src/gitee.com/jasonLaw1015/goEasyAdmin/\",\"DbHost\":\"127.0.0.1\",\"DbPort\":\"3306\",\"DbUser\":\"root\",\"DbPass\":\"123456\",\"DbName\":\"go-easy\",\"DbType\":\"mysql\",\"DefaultCreatedAtLabel\":\"createTime\",\"DefaultUpdatedAtLabel\":\"updateTime\",\"IgnoreTablePrefix\":\"u_,base_\"}','代码生成成功'),
	(5,'2021-08-28 12:54:50.695664','2021-08-28 12:54:50.695664','没激活13','没激活13','demo_go,test_a','{\"Title\":\"没激活13\",\"Description\":\"没激活13\",\"ActiveCode\":\"\",\"TableNames\":\"demo_go,test_a\",\"ServerGenPath\":\"/Users/jasonlaw/Documents/develop/go/src/gitee.com/jasonLaw1015/goEasy/\",\"AdminGenPath\":\"/Users/jasonlaw/Documents/develop/go/src/gitee.com/jasonLaw1015/goEasyAdmin/\",\"DbHost\":\"127.0.0.1\",\"DbPort\":\"3306\",\"DbUser\":\"root\",\"DbPass\":\"123456\",\"DbName\":\"go-easy\",\"DbType\":\"mysql\",\"DefaultCreatedAtLabel\":\"createTime\",\"DefaultUpdatedAtLabel\":\"updateTime\",\"IgnoreTablePrefix\":\"u_,base_\"}','代码生成成功'),
	(6,'2021-08-28 12:58:33.458086','2021-08-28 12:58:33.458086','f s','放松','demo_go,gen_code_log','{\"Title\":\"f s\",\"Description\":\"放松\",\"ActiveCode\":\"\",\"TableNames\":\"demo_go,gen_code_log\",\"ServerGenPath\":\"/Users/jasonlaw/Documents/develop/go/src/gitee.com/jasonLaw1015/goEasy/\",\"AdminGenPath\":\"/Users/jasonlaw/Documents/develop/go/src/gitee.com/jasonLaw1015/goEasyAdmin/\",\"DbHost\":\"127.0.0.1\",\"DbPort\":\"3306\",\"DbUser\":\"root\",\"DbPass\":\"123456\",\"DbName\":\"go-easy\",\"DbType\":\"mysql\",\"DefaultCreatedAtLabel\":\"createTime\",\"DefaultUpdatedAtLabel\":\"updateTime\",\"IgnoreTablePrefix\":\"u_,base_\"}','代码生成成功'),
	(7,'2021-08-28 13:12:42.293358','2021-08-28 13:12:42.293358','32','32','demo_go,gen_code_log','{\"Title\":\"32\",\"Description\":\"32\",\"ActiveCode\":\"\",\"TableNames\":\"demo_go,gen_code_log\",\"ServerGenPath\":\"/Users/jasonlaw/Documents/develop/go/src/gitee.com/jasonLaw1015/goEasy/\",\"AdminGenPath\":\"/Users/jasonlaw/Documents/develop/go/src/gitee.com/jasonLaw1015/goEasyAdmin/\",\"DbHost\":\"127.0.0.1\",\"DbPort\":\"3306\",\"DbUser\":\"root\",\"DbPass\":\"123456\",\"DbName\":\"go-easy\",\"DbType\":\"mysql\",\"DefaultCreatedAtLabel\":\"createTime\",\"DefaultUpdatedAtLabel\":\"updateTime\",\"IgnoreTablePrefix\":\"u_,base_\"}','代码生成成功');

/*!40000 ALTER TABLE `gen_code_log` ENABLE KEYS */;
UNLOCK TABLES;


# Dump of table task_info
# ------------------------------------------------------------

DROP TABLE IF EXISTS `task_info`;

CREATE TABLE `task_info` (
  `id` int(11) NOT NULL AUTO_INCREMENT COMMENT 'ID',
  `createTime` datetime(6) NOT NULL DEFAULT CURRENT_TIMESTAMP(6) COMMENT '创建时间',
  `updateTime` datetime(6) NOT NULL DEFAULT CURRENT_TIMESTAMP(6) ON UPDATE CURRENT_TIMESTAMP(6) COMMENT '更新时间',
  `jobId` varchar(255) DEFAULT NULL COMMENT '任务ID',
  `repeatConf` varchar(1000) DEFAULT NULL COMMENT '任务配置',
  `name` varchar(255) NOT NULL COMMENT '名称',
  `cron` varchar(255) DEFAULT NULL COMMENT 'cron',
  `limit` int(11) DEFAULT NULL COMMENT '最大执行次数 不传为无限次',
  `every` int(11) DEFAULT NULL COMMENT '每间隔多少毫秒执行一次 如果cron设置了 这项设置就无效',
  `remark` varchar(255) DEFAULT NULL COMMENT '备注',
  `status` tinyint(4) NOT NULL DEFAULT '1' COMMENT '状态 2:停止 1：运行',
  `startDate` datetime DEFAULT NULL COMMENT '开始时间',
  `endDate` datetime DEFAULT NULL COMMENT '结束时间',
  `data` varchar(255) DEFAULT NULL COMMENT '数据',
  `service` varchar(255) DEFAULT NULL COMMENT '执行的service实例ID',
  `types` tinyint(4) NOT NULL DEFAULT '2' COMMENT '状态 2:系统 1：用户',
  `nextRunTime` datetime DEFAULT NULL COMMENT '下一次执行时间',
  `taskType` tinyint(4) NOT NULL DEFAULT '2' COMMENT '状态 2:cron 1：时间间隔',
  PRIMARY KEY (`id`),
  KEY `IDX_6ced02f467e59bd6306b549bb0` (`createTime`),
  KEY `IDX_2adc6f9c241391126f27dac145` (`updateTime`)
) ENGINE=InnoDB DEFAULT CHARSET=utf8mb4 COMMENT='admin定时任务表';

LOCK TABLES `task_info` WRITE;
/*!40000 ALTER TABLE `task_info` DISABLE KEYS */;

INSERT INTO `task_info` (`id`, `createTime`, `updateTime`, `jobId`, `repeatConf`, `name`, `cron`, `limit`, `every`, `remark`, `status`, `startDate`, `endDate`, `data`, `service`, `types`, `nextRunTime`, `taskType`)
VALUES
	(1,'2021-03-10 14:25:13.381172','2021-08-25 21:26:00.000000',NULL,'{\"count\":1,\"type\":1,\"limit\":5,\"name\":\"每秒执行,总共5次\",\"taskType\":1,\"every\":1000,\"service\":\"taskDemoService.test()\",\"status\":1,\"id\":1,\"createTime\":\"2021-03-10 14:25:13\",\"updateTime\":\"2021-03-10 14:25:13\",\"jobId\":1}','每秒执行,总共5次',NULL,5,1000,NULL,2,NULL,NULL,NULL,'taskDemoService.test()',1,'2021-03-10 14:25:18',1),
	(2,'2021-03-10 14:25:53.000000','2021-08-25 21:26:00.000000',NULL,'{\"count\":1,\"id\":2,\"createTime\":\"2021-03-10 14:25:53\",\"updateTime\":\"2021-03-10 14:25:55\",\"name\":\"cron任务，5秒执行一次\",\"cron\":\"0/5 * * * * ? \",\"status\":1,\"service\":\"taskDemoService.test()\",\"type\":1,\"nextRunTime\":\"2021-03-10 14:26:00\",\"taskType\":0,\"jobId\":2}','cron任务，5秒执行一次','0/5 * * * * ? ',NULL,NULL,NULL,2,NULL,NULL,NULL,'taskDemoService.test()',1,NULL,2),
	(3,'2021-08-21 17:14:59.000000','2021-08-25 21:26:26.000000',NULL,NULL,'[sys]每隔一小时监测存在定时任务，然后更新数据状态','0 */2 * * * ?',NULL,NULL,NULL,2,NULL,NULL,NULL,'SelectActiveTask2UpdateStatus',2,NULL,2);

/*!40000 ALTER TABLE `task_info` ENABLE KEYS */;
UNLOCK TABLES;


# Dump of table task_log
# ------------------------------------------------------------

DROP TABLE IF EXISTS `task_log`;

CREATE TABLE `task_log` (
  `id` int(11) NOT NULL AUTO_INCREMENT COMMENT 'ID',
  `createTime` datetime(6) NOT NULL DEFAULT CURRENT_TIMESTAMP(6) COMMENT '创建时间',
  `updateTime` datetime(6) NOT NULL DEFAULT CURRENT_TIMESTAMP(6) ON UPDATE CURRENT_TIMESTAMP(6) COMMENT '更新时间',
  `taskId` bigint(20) DEFAULT NULL COMMENT '任务ID',
  `status` tinyint(4) NOT NULL DEFAULT '2' COMMENT '状态 2:失败 1：成功',
  `detail` text COMMENT '详情描述',
  PRIMARY KEY (`id`),
  KEY `IDX_b9af0e100be034924b270aab31` (`createTime`),
  KEY `IDX_8857d8d43d38bebd7159af1fa6` (`updateTime`),
  KEY `IDX_1142dfec452e924b346f060fda` (`taskId`)
) ENGINE=InnoDB DEFAULT CHARSET=utf8mb4 COMMENT='Admin定时任务日志表';

LOCK TABLES `task_log` WRITE;
/*!40000 ALTER TABLE `task_log` DISABLE KEYS */;

INSERT INTO `task_log` (`id`, `createTime`, `updateTime`, `taskId`, `status`, `detail`)
VALUES
	(1,'2021-03-10 14:25:14.020930','2021-03-10 14:25:14.020930',1,1,'\"任务执行成功\"'),
	(2,'2021-03-10 14:25:15.012030','2021-03-10 14:25:15.012030',1,1,'\"任务执行成功\"'),
	(3,'2021-03-10 14:25:16.011443','2021-03-10 14:25:16.011443',1,1,'\"任务执行成功\"'),
	(4,'2021-03-10 14:25:17.009939','2021-03-10 14:25:17.009939',1,1,'\"任务执行成功\"'),
	(5,'2021-03-10 14:25:18.010410','2021-03-10 14:25:18.010410',1,1,'\"任务执行成功\"'),
	(6,'2021-03-10 14:25:55.012816','2021-03-10 14:25:55.012816',2,1,''),
	(7,'2021-03-10 14:26:00.011880','2021-03-10 14:26:00.011880',2,1,''),
	(8,'2021-03-10 14:26:05.016832','2021-03-10 14:26:05.016832',2,1,'\"任务执行成功\"'),
	(9,'2021-03-10 14:26:10.011763','2021-03-10 14:26:10.011763',2,1,'\"任务执行成功\"'),
	(10,'2021-03-10 14:26:15.010246','2021-03-10 14:26:15.010246',2,1,'\"任务执行成功\"'),
	(11,'2021-08-21 15:46:15.000000','2021-08-21 15:46:15.000000',1,2,'没有该方法:taskDemoService.test()'),
	(12,'2021-08-21 15:46:16.000000','2021-08-21 15:46:16.000000',1,2,'没有该方法:taskDemoService.test()'),
	(13,'2021-08-21 15:46:17.000000','2021-08-21 15:46:17.000000',1,2,'没有该方法:taskDemoService.test()'),
	(14,'2021-08-21 15:46:18.000000','2021-08-21 15:46:18.000000',1,2,'没有该方法:taskDemoService.test()'),
	(15,'2021-08-21 15:46:19.000000','2021-08-21 15:46:19.000000',1,2,'没有该方法:taskDemoService.test()'),
	(16,'2021-08-21 15:50:04.000000','2021-08-21 15:50:04.000000',1,2,'没有该方法:taskDemoService.test()'),
	(17,'2021-08-21 15:50:05.000000','2021-08-21 15:50:05.000000',1,2,'没有该方法:taskDemoService.test()'),
	(18,'2021-08-21 15:50:06.000000','2021-08-21 15:50:06.000000',1,2,'没有该方法:taskDemoService.test()'),
	(19,'2021-08-21 15:50:07.000000','2021-08-21 15:50:07.000000',1,2,'没有该方法:taskDemoService.test()'),
	(20,'2021-08-21 15:50:08.000000','2021-08-21 15:50:08.000000',1,2,'没有该方法:taskDemoService.test()'),
	(21,'2021-08-21 15:59:41.000000','2021-08-21 15:59:41.000000',1,2,'没有该方法:taskDemoService.test()'),
	(22,'2021-08-21 15:59:42.000000','2021-08-21 15:59:42.000000',1,2,'没有该方法:taskDemoService.test()'),
	(23,'2021-08-21 15:59:43.000000','2021-08-21 15:59:43.000000',1,2,'没有该方法:taskDemoService.test()'),
	(24,'2021-08-21 15:59:44.000000','2021-08-21 15:59:44.000000',1,2,'没有该方法:taskDemoService.test()'),
	(25,'2021-08-21 15:59:45.000000','2021-08-21 15:59:45.000000',1,2,'没有该方法:taskDemoService.test()'),
	(26,'2021-08-21 18:35:10.000000','2021-08-21 18:35:10.000000',3,1,'任务执行成功'),
	(27,'2021-08-21 18:35:11.000000','2021-08-21 18:35:11.000000',3,1,'任务执行成功'),
	(28,'2021-08-21 18:35:12.000000','2021-08-21 18:35:12.000000',3,1,'任务执行成功'),
	(29,'2021-08-21 18:35:13.000000','2021-08-21 18:35:13.000000',3,1,'任务执行成功'),
	(30,'2021-08-21 18:35:14.000000','2021-08-21 18:35:14.000000',3,1,'任务执行成功'),
	(31,'2021-08-21 18:35:15.000000','2021-08-21 18:35:15.000000',3,1,'任务执行成功'),
	(32,'2021-08-21 18:35:16.000000','2021-08-21 18:35:16.000000',3,1,'任务执行成功'),
	(33,'2021-08-21 18:35:17.000000','2021-08-21 18:35:17.000000',3,1,'任务执行成功'),
	(34,'2021-08-21 18:35:18.000000','2021-08-21 18:35:18.000000',3,1,'任务执行成功'),
	(35,'2021-08-21 18:35:19.000000','2021-08-21 18:35:19.000000',3,1,'任务执行成功'),
	(36,'2021-08-21 18:35:20.000000','2021-08-21 18:35:20.000000',3,1,'任务执行成功'),
	(37,'2021-08-21 18:35:21.000000','2021-08-21 18:35:21.000000',3,1,'任务执行成功'),
	(38,'2021-08-21 18:35:22.000000','2021-08-21 18:35:22.000000',3,1,'任务执行成功'),
	(39,'2021-08-21 18:35:23.000000','2021-08-21 18:35:23.000000',3,1,'任务执行成功'),
	(40,'2021-08-21 18:35:24.000000','2021-08-21 18:35:24.000000',3,1,'任务执行成功'),
	(41,'2021-08-21 18:35:25.000000','2021-08-21 18:35:25.000000',3,1,'任务执行成功'),
	(42,'2021-08-21 18:35:26.000000','2021-08-21 18:35:26.000000',3,1,'任务执行成功'),
	(43,'2021-08-21 18:35:27.000000','2021-08-21 18:35:27.000000',3,1,'任务执行成功'),
	(44,'2021-08-21 18:35:28.000000','2021-08-21 18:35:28.000000',3,1,'任务执行成功'),
	(45,'2021-08-21 18:35:29.000000','2021-08-21 18:35:29.000000',3,1,'任务执行成功'),
	(46,'2021-08-21 18:35:30.000000','2021-08-21 18:35:30.000000',3,1,'任务执行成功'),
	(47,'2021-08-21 18:35:31.000000','2021-08-21 18:35:31.000000',3,1,'任务执行成功'),
	(48,'2021-08-21 18:35:32.000000','2021-08-21 18:35:32.000000',3,1,'任务执行成功'),
	(49,'2021-08-21 18:35:34.000000','2021-08-21 18:35:34.000000',3,1,'任务执行成功'),
	(50,'2021-08-21 18:35:35.000000','2021-08-21 18:35:35.000000',3,1,'任务执行成功'),
	(51,'2021-08-21 18:35:36.000000','2021-08-21 18:35:36.000000',3,1,'任务执行成功'),
	(52,'2021-08-21 18:35:37.000000','2021-08-21 18:35:37.000000',3,1,'任务执行成功'),
	(53,'2021-08-21 18:35:38.000000','2021-08-21 18:35:38.000000',3,1,'任务执行成功'),
	(54,'2021-08-21 18:35:39.000000','2021-08-21 18:35:39.000000',3,1,'任务执行成功'),
	(55,'2021-08-21 18:35:40.000000','2021-08-21 18:35:40.000000',3,1,'任务执行成功'),
	(56,'2021-08-21 18:35:41.000000','2021-08-21 18:35:41.000000',3,1,'任务执行成功'),
	(57,'2021-08-21 18:35:42.000000','2021-08-21 18:35:42.000000',3,1,'任务执行成功'),
	(58,'2021-08-21 18:35:43.000000','2021-08-21 18:35:43.000000',3,1,'任务执行成功'),
	(59,'2021-08-21 18:35:44.000000','2021-08-21 18:35:44.000000',3,1,'任务执行成功'),
	(60,'2021-08-21 18:35:45.000000','2021-08-21 18:35:45.000000',3,1,'任务执行成功'),
	(61,'2021-08-21 18:35:46.000000','2021-08-21 18:35:46.000000',3,1,'任务执行成功'),
	(62,'2021-08-21 18:35:47.000000','2021-08-21 18:35:47.000000',3,1,'任务执行成功'),
	(63,'2021-08-21 18:35:48.000000','2021-08-21 18:35:48.000000',3,1,'任务执行成功'),
	(64,'2021-08-21 18:38:47.000000','2021-08-21 18:38:47.000000',3,1,'任务执行成功'),
	(65,'2021-08-21 18:38:48.000000','2021-08-21 18:38:48.000000',3,1,'任务执行成功'),
	(66,'2021-08-21 18:38:49.000000','2021-08-21 18:38:49.000000',3,1,'任务执行成功'),
	(67,'2021-08-21 18:38:50.000000','2021-08-21 18:38:50.000000',3,1,'任务执行成功'),
	(68,'2021-08-21 18:38:51.000000','2021-08-21 18:38:51.000000',3,1,'任务执行成功'),
	(69,'2021-08-21 18:38:52.000000','2021-08-21 18:38:52.000000',3,1,'任务执行成功'),
	(70,'2021-08-21 18:38:53.000000','2021-08-21 18:38:53.000000',3,1,'任务执行成功'),
	(71,'2021-08-21 18:42:53.000000','2021-08-21 18:42:53.000000',3,1,'任务执行成功'),
	(72,'2021-08-21 18:42:54.000000','2021-08-21 18:42:54.000000',3,1,'任务执行成功'),
	(73,'2021-08-21 18:42:55.000000','2021-08-21 18:42:55.000000',3,1,'任务执行成功'),
	(74,'2021-08-21 18:42:56.000000','2021-08-21 18:42:56.000000',3,1,'任务执行成功'),
	(75,'2021-08-21 18:42:57.000000','2021-08-21 18:42:57.000000',3,1,'任务执行成功'),
	(76,'2021-08-21 18:42:58.000000','2021-08-21 18:42:58.000000',3,1,'任务执行成功'),
	(77,'2021-08-21 18:42:59.000000','2021-08-21 18:42:59.000000',3,1,'任务执行成功'),
	(78,'2021-08-21 18:43:00.000000','2021-08-21 18:43:00.000000',3,1,'任务执行成功'),
	(79,'2021-08-21 18:45:32.000000','2021-08-21 18:45:32.000000',3,1,'任务执行成功'),
	(80,'2021-08-21 21:23:55.000000','2021-08-21 21:23:55.000000',3,1,'任务执行成功'),
	(81,'2021-08-21 21:23:59.000000','2021-08-21 21:23:59.000000',3,1,'任务执行成功'),
	(82,'2021-08-21 21:24:01.000000','2021-08-21 21:24:01.000000',3,1,'任务执行成功'),
	(83,'2021-08-21 21:25:39.000000','2021-08-21 21:25:39.000000',3,1,'任务执行成功'),
	(84,'2021-08-21 21:25:40.000000','2021-08-21 21:25:40.000000',3,1,'任务执行成功'),
	(85,'2021-08-21 21:25:41.000000','2021-08-21 21:25:41.000000',3,1,'任务执行成功'),
	(86,'2021-08-21 21:25:42.000000','2021-08-21 21:25:42.000000',3,1,'任务执行成功'),
	(87,'2021-08-21 21:25:43.000000','2021-08-21 21:25:43.000000',3,1,'任务执行成功'),
	(88,'2021-08-21 21:25:44.000000','2021-08-21 21:25:44.000000',3,1,'任务执行成功'),
	(89,'2021-08-21 21:25:45.000000','2021-08-21 21:25:45.000000',3,1,'任务执行成功'),
	(90,'2021-08-21 21:25:46.000000','2021-08-21 21:25:46.000000',3,1,'任务执行成功'),
	(91,'2021-08-21 21:25:47.000000','2021-08-21 21:25:47.000000',3,1,'任务执行成功'),
	(92,'2021-08-21 21:25:48.000000','2021-08-21 21:25:48.000000',3,1,'任务执行成功'),
	(93,'2021-08-21 21:25:49.000000','2021-08-21 21:25:49.000000',3,1,'任务执行成功'),
	(94,'2021-08-21 21:25:50.000000','2021-08-21 21:25:50.000000',3,1,'任务执行成功'),
	(95,'2021-08-21 21:25:51.000000','2021-08-21 21:25:51.000000',3,1,'任务执行成功'),
	(96,'2021-08-21 21:25:52.000000','2021-08-21 21:25:52.000000',3,1,'任务执行成功'),
	(97,'2021-08-21 21:25:53.000000','2021-08-21 21:25:53.000000',3,1,'任务执行成功'),
	(98,'2021-08-21 21:25:54.000000','2021-08-21 21:25:54.000000',3,1,'任务执行成功'),
	(99,'2021-08-21 21:25:55.000000','2021-08-21 21:25:55.000000',3,1,'任务执行成功'),
	(100,'2021-08-21 21:25:56.000000','2021-08-21 21:25:56.000000',3,1,'任务执行成功'),
	(101,'2021-08-21 21:25:57.000000','2021-08-21 21:25:57.000000',3,1,'任务执行成功'),
	(102,'2021-08-21 21:25:58.000000','2021-08-21 21:25:58.000000',3,1,'任务执行成功'),
	(103,'2021-08-21 21:25:59.000000','2021-08-21 21:25:59.000000',3,1,'任务执行成功'),
	(104,'2021-08-21 21:26:00.000000','2021-08-21 21:26:00.000000',3,1,'任务执行成功'),
	(105,'2021-08-21 21:26:01.000000','2021-08-21 21:26:01.000000',3,1,'任务执行成功'),
	(106,'2021-08-21 21:26:02.000000','2021-08-21 21:26:02.000000',3,1,'任务执行成功'),
	(107,'2021-08-21 21:26:03.000000','2021-08-21 21:26:03.000000',3,1,'任务执行成功'),
	(108,'2021-08-21 21:26:04.000000','2021-08-21 21:26:04.000000',3,1,'任务执行成功'),
	(109,'2021-08-21 21:26:05.000000','2021-08-21 21:26:05.000000',3,1,'任务执行成功'),
	(110,'2021-08-21 21:26:06.000000','2021-08-21 21:26:06.000000',3,1,'任务执行成功'),
	(111,'2021-08-21 21:26:07.000000','2021-08-21 21:26:07.000000',3,1,'任务执行成功'),
	(112,'2021-08-21 21:26:08.000000','2021-08-21 21:26:08.000000',3,1,'任务执行成功'),
	(113,'2021-08-21 21:26:09.000000','2021-08-21 21:26:09.000000',3,1,'任务执行成功'),
	(114,'2021-08-21 21:26:10.000000','2021-08-21 21:26:10.000000',3,1,'任务执行成功'),
	(115,'2021-08-21 21:26:11.000000','2021-08-21 21:26:11.000000',3,1,'任务执行成功'),
	(116,'2021-08-21 21:26:12.000000','2021-08-21 21:26:12.000000',3,1,'任务执行成功'),
	(117,'2021-08-21 21:26:13.000000','2021-08-21 21:26:13.000000',3,1,'任务执行成功'),
	(118,'2021-08-21 21:26:14.000000','2021-08-21 21:26:14.000000',3,1,'任务执行成功'),
	(119,'2021-08-21 21:26:15.000000','2021-08-21 21:26:15.000000',3,1,'任务执行成功'),
	(120,'2021-08-21 21:26:16.000000','2021-08-21 21:26:16.000000',3,1,'任务执行成功'),
	(121,'2021-08-21 21:26:17.000000','2021-08-21 21:26:17.000000',3,1,'任务执行成功'),
	(122,'2021-08-21 21:26:18.000000','2021-08-21 21:26:18.000000',3,1,'任务执行成功'),
	(123,'2021-08-21 21:26:19.000000','2021-08-21 21:26:19.000000',3,1,'任务执行成功'),
	(124,'2021-08-21 21:26:20.000000','2021-08-21 21:26:20.000000',3,1,'任务执行成功'),
	(125,'2021-08-21 21:26:21.000000','2021-08-21 21:26:21.000000',3,1,'任务执行成功'),
	(126,'2021-08-21 21:26:22.000000','2021-08-21 21:26:22.000000',3,1,'任务执行成功'),
	(127,'2021-08-21 21:26:23.000000','2021-08-21 21:26:23.000000',3,1,'任务执行成功'),
	(128,'2021-08-21 21:26:24.000000','2021-08-21 21:26:24.000000',3,1,'任务执行成功'),
	(129,'2021-08-21 21:26:25.000000','2021-08-21 21:26:25.000000',3,1,'任务执行成功'),
	(130,'2021-08-21 21:26:26.000000','2021-08-21 21:26:26.000000',3,1,'任务执行成功'),
	(131,'2021-08-21 21:26:27.000000','2021-08-21 21:26:27.000000',3,1,'任务执行成功'),
	(132,'2021-08-21 21:26:28.000000','2021-08-21 21:26:28.000000',3,1,'任务执行成功'),
	(133,'2021-08-21 21:26:29.000000','2021-08-21 21:26:29.000000',3,1,'任务执行成功'),
	(134,'2021-08-21 21:26:30.000000','2021-08-21 21:26:30.000000',3,1,'任务执行成功'),
	(135,'2021-08-21 21:26:31.000000','2021-08-21 21:26:31.000000',3,1,'任务执行成功'),
	(136,'2021-08-21 21:26:32.000000','2021-08-21 21:26:32.000000',3,1,'任务执行成功'),
	(137,'2021-08-21 21:26:33.000000','2021-08-21 21:26:33.000000',3,1,'任务执行成功'),
	(138,'2021-08-21 21:26:34.000000','2021-08-21 21:26:34.000000',3,1,'任务执行成功'),
	(139,'2021-08-21 21:26:35.000000','2021-08-21 21:26:35.000000',3,1,'任务执行成功'),
	(140,'2021-08-21 21:26:36.000000','2021-08-21 21:26:36.000000',3,1,'任务执行成功'),
	(141,'2021-08-21 21:26:37.000000','2021-08-21 21:26:37.000000',3,1,'任务执行成功'),
	(142,'2021-08-21 21:26:38.000000','2021-08-21 21:26:38.000000',3,1,'任务执行成功'),
	(143,'2021-08-21 21:26:39.000000','2021-08-21 21:26:39.000000',3,1,'任务执行成功'),
	(144,'2021-08-21 21:26:40.000000','2021-08-21 21:26:40.000000',3,1,'任务执行成功'),
	(145,'2021-08-21 21:26:41.000000','2021-08-21 21:26:41.000000',3,1,'任务执行成功'),
	(146,'2021-08-21 21:26:42.000000','2021-08-21 21:26:42.000000',3,1,'任务执行成功'),
	(147,'2021-08-21 21:26:43.000000','2021-08-21 21:26:43.000000',3,1,'任务执行成功'),
	(148,'2021-08-21 21:26:44.000000','2021-08-21 21:26:44.000000',3,1,'任务执行成功'),
	(149,'2021-08-21 21:26:45.000000','2021-08-21 21:26:45.000000',3,1,'任务执行成功'),
	(150,'2021-08-21 21:26:46.000000','2021-08-21 21:26:46.000000',3,1,'任务执行成功'),
	(151,'2021-08-21 21:26:47.000000','2021-08-21 21:26:47.000000',3,1,'任务执行成功'),
	(152,'2021-08-21 21:26:48.000000','2021-08-21 21:26:48.000000',3,1,'任务执行成功'),
	(153,'2021-08-21 21:26:49.000000','2021-08-21 21:26:49.000000',3,1,'任务执行成功'),
	(154,'2021-08-21 21:26:50.000000','2021-08-21 21:26:50.000000',3,1,'任务执行成功'),
	(155,'2021-08-21 21:26:51.000000','2021-08-21 21:26:51.000000',3,1,'任务执行成功'),
	(156,'2021-08-21 21:26:52.000000','2021-08-21 21:26:52.000000',3,1,'任务执行成功'),
	(157,'2021-08-21 21:26:53.000000','2021-08-21 21:26:53.000000',3,1,'任务执行成功'),
	(158,'2021-08-21 21:26:54.000000','2021-08-21 21:26:54.000000',3,1,'任务执行成功'),
	(159,'2021-08-21 21:26:55.000000','2021-08-21 21:26:55.000000',3,1,'任务执行成功'),
	(160,'2021-08-21 21:26:56.000000','2021-08-21 21:26:56.000000',3,1,'任务执行成功'),
	(161,'2021-08-21 21:26:57.000000','2021-08-21 21:26:57.000000',3,1,'任务执行成功'),
	(162,'2021-08-21 21:26:58.000000','2021-08-21 21:26:58.000000',3,1,'任务执行成功'),
	(163,'2021-08-21 21:26:59.000000','2021-08-21 21:26:59.000000',3,1,'任务执行成功'),
	(164,'2021-08-21 21:27:00.000000','2021-08-21 21:27:00.000000',3,1,'任务执行成功'),
	(165,'2021-08-21 21:27:01.000000','2021-08-21 21:27:01.000000',3,1,'任务执行成功'),
	(166,'2021-08-21 21:27:02.000000','2021-08-21 21:27:02.000000',3,1,'任务执行成功'),
	(167,'2021-08-21 21:27:03.000000','2021-08-21 21:27:03.000000',3,1,'任务执行成功'),
	(168,'2021-08-21 21:27:04.000000','2021-08-21 21:27:04.000000',3,1,'任务执行成功'),
	(169,'2021-08-21 21:27:05.000000','2021-08-21 21:27:05.000000',3,1,'任务执行成功'),
	(170,'2021-08-21 21:27:06.000000','2021-08-21 21:27:06.000000',3,1,'任务执行成功'),
	(171,'2021-08-21 21:27:07.000000','2021-08-21 21:27:07.000000',3,1,'任务执行成功'),
	(172,'2021-08-21 21:27:08.000000','2021-08-21 21:27:08.000000',3,1,'任务执行成功'),
	(173,'2021-08-21 21:27:09.000000','2021-08-21 21:27:09.000000',3,1,'任务执行成功'),
	(174,'2021-08-21 21:27:10.000000','2021-08-21 21:27:10.000000',3,1,'任务执行成功'),
	(175,'2021-08-21 21:27:11.000000','2021-08-21 21:27:11.000000',3,1,'任务执行成功'),
	(176,'2021-08-21 21:27:12.000000','2021-08-21 21:27:12.000000',3,1,'任务执行成功'),
	(177,'2021-08-21 21:27:13.000000','2021-08-21 21:27:13.000000',3,1,'任务执行成功'),
	(178,'2021-08-21 21:27:14.000000','2021-08-21 21:27:14.000000',3,1,'任务执行成功'),
	(179,'2021-08-21 21:27:15.000000','2021-08-21 21:27:15.000000',3,1,'任务执行成功'),
	(180,'2021-08-21 21:27:16.000000','2021-08-21 21:27:16.000000',3,1,'任务执行成功'),
	(181,'2021-08-21 21:27:17.000000','2021-08-21 21:27:17.000000',3,1,'任务执行成功'),
	(182,'2021-08-21 21:27:18.000000','2021-08-21 21:27:18.000000',3,1,'任务执行成功'),
	(183,'2021-08-21 21:27:19.000000','2021-08-21 21:27:19.000000',3,1,'任务执行成功'),
	(184,'2021-08-21 21:27:20.000000','2021-08-21 21:27:20.000000',3,1,'任务执行成功'),
	(185,'2021-08-21 21:27:21.000000','2021-08-21 21:27:21.000000',3,1,'任务执行成功'),
	(186,'2021-08-21 21:27:22.000000','2021-08-21 21:27:22.000000',3,1,'任务执行成功'),
	(187,'2021-08-21 21:27:23.000000','2021-08-21 21:27:23.000000',3,1,'任务执行成功'),
	(188,'2021-08-21 21:27:24.000000','2021-08-21 21:27:24.000000',3,1,'任务执行成功'),
	(189,'2021-08-21 21:27:25.000000','2021-08-21 21:27:25.000000',3,1,'任务执行成功'),
	(190,'2021-08-21 21:27:26.000000','2021-08-21 21:27:26.000000',3,1,'任务执行成功'),
	(191,'2021-08-21 21:27:27.000000','2021-08-21 21:27:27.000000',3,1,'任务执行成功'),
	(192,'2021-08-21 21:27:28.000000','2021-08-21 21:27:28.000000',3,1,'任务执行成功'),
	(193,'2021-08-21 21:27:29.000000','2021-08-21 21:27:29.000000',3,1,'任务执行成功'),
	(194,'2021-08-21 21:27:30.000000','2021-08-21 21:27:30.000000',3,1,'任务执行成功'),
	(195,'2021-08-21 21:27:31.000000','2021-08-21 21:27:31.000000',3,1,'任务执行成功'),
	(196,'2021-08-21 21:27:32.000000','2021-08-21 21:27:32.000000',3,1,'任务执行成功'),
	(197,'2021-08-21 21:27:33.000000','2021-08-21 21:27:33.000000',3,1,'任务执行成功'),
	(198,'2021-08-21 21:27:34.000000','2021-08-21 21:27:34.000000',3,1,'任务执行成功'),
	(199,'2021-08-21 21:27:35.000000','2021-08-21 21:27:35.000000',3,1,'任务执行成功'),
	(200,'2021-08-21 21:27:36.000000','2021-08-21 21:27:36.000000',3,1,'任务执行成功'),
	(201,'2021-08-21 21:27:37.000000','2021-08-21 21:27:37.000000',3,1,'任务执行成功'),
	(202,'2021-08-21 21:27:38.000000','2021-08-21 21:27:38.000000',3,1,'任务执行成功'),
	(203,'2021-08-21 21:27:39.000000','2021-08-21 21:27:39.000000',3,1,'任务执行成功'),
	(204,'2021-08-21 21:27:40.000000','2021-08-21 21:27:40.000000',3,1,'任务执行成功'),
	(205,'2021-08-21 21:27:41.000000','2021-08-21 21:27:41.000000',3,1,'任务执行成功'),
	(206,'2021-08-21 21:27:42.000000','2021-08-21 21:27:42.000000',3,1,'任务执行成功'),
	(207,'2021-08-21 21:27:43.000000','2021-08-21 21:27:43.000000',3,1,'任务执行成功'),
	(208,'2021-08-21 21:27:44.000000','2021-08-21 21:27:44.000000',3,1,'任务执行成功'),
	(209,'2021-08-21 21:27:45.000000','2021-08-21 21:27:45.000000',3,1,'任务执行成功'),
	(210,'2021-08-21 21:27:46.000000','2021-08-21 21:27:46.000000',3,1,'任务执行成功'),
	(211,'2021-08-21 21:27:47.000000','2021-08-21 21:27:47.000000',3,1,'任务执行成功'),
	(212,'2021-08-21 21:27:48.000000','2021-08-21 21:27:48.000000',3,1,'任务执行成功'),
	(213,'2021-08-21 21:27:49.000000','2021-08-21 21:27:49.000000',3,1,'任务执行成功'),
	(214,'2021-08-21 21:27:50.000000','2021-08-21 21:27:50.000000',3,1,'任务执行成功'),
	(215,'2021-08-21 21:27:51.000000','2021-08-21 21:27:51.000000',3,1,'任务执行成功'),
	(216,'2021-08-21 21:27:52.000000','2021-08-21 21:27:52.000000',3,1,'任务执行成功'),
	(217,'2021-08-21 21:27:53.000000','2021-08-21 21:27:53.000000',3,1,'任务执行成功'),
	(218,'2021-08-21 21:27:54.000000','2021-08-21 21:27:54.000000',3,1,'任务执行成功'),
	(219,'2021-08-21 21:27:55.000000','2021-08-21 21:27:55.000000',3,1,'任务执行成功'),
	(220,'2021-08-21 21:27:56.000000','2021-08-21 21:27:56.000000',3,1,'任务执行成功'),
	(221,'2021-08-21 21:27:57.000000','2021-08-21 21:27:57.000000',3,1,'任务执行成功'),
	(222,'2021-08-21 21:27:58.000000','2021-08-21 21:27:58.000000',3,1,'任务执行成功'),
	(223,'2021-08-21 21:27:59.000000','2021-08-21 21:27:59.000000',3,1,'任务执行成功'),
	(224,'2021-08-21 21:28:00.000000','2021-08-21 21:28:00.000000',3,1,'任务执行成功'),
	(225,'2021-08-21 21:28:01.000000','2021-08-21 21:28:01.000000',3,1,'任务执行成功'),
	(226,'2021-08-21 21:28:02.000000','2021-08-21 21:28:02.000000',3,1,'任务执行成功'),
	(227,'2021-08-21 21:28:03.000000','2021-08-21 21:28:03.000000',3,1,'任务执行成功'),
	(228,'2021-08-21 21:28:04.000000','2021-08-21 21:28:04.000000',3,1,'任务执行成功'),
	(229,'2021-08-21 21:28:05.000000','2021-08-21 21:28:05.000000',3,1,'任务执行成功'),
	(230,'2021-08-21 21:28:06.000000','2021-08-21 21:28:06.000000',3,1,'任务执行成功'),
	(231,'2021-08-21 21:28:07.000000','2021-08-21 21:28:07.000000',3,1,'任务执行成功'),
	(232,'2021-08-21 21:28:08.000000','2021-08-21 21:28:08.000000',3,1,'任务执行成功'),
	(233,'2021-08-21 21:28:09.000000','2021-08-21 21:28:09.000000',3,1,'任务执行成功'),
	(234,'2021-08-21 21:28:10.000000','2021-08-21 21:28:10.000000',3,1,'任务执行成功'),
	(235,'2021-08-21 21:28:11.000000','2021-08-21 21:28:11.000000',3,1,'任务执行成功'),
	(236,'2021-08-21 21:28:12.000000','2021-08-21 21:28:12.000000',3,1,'任务执行成功'),
	(237,'2021-08-21 21:28:13.000000','2021-08-21 21:28:13.000000',3,1,'任务执行成功'),
	(238,'2021-08-21 21:28:14.000000','2021-08-21 21:28:14.000000',3,1,'任务执行成功'),
	(239,'2021-08-21 21:28:15.000000','2021-08-21 21:28:15.000000',3,1,'任务执行成功'),
	(240,'2021-08-21 21:28:16.000000','2021-08-21 21:28:16.000000',3,1,'任务执行成功'),
	(241,'2021-08-21 21:28:17.000000','2021-08-21 21:28:17.000000',3,1,'任务执行成功'),
	(242,'2021-08-21 21:28:18.000000','2021-08-21 21:28:18.000000',3,1,'任务执行成功'),
	(243,'2021-08-21 21:28:19.000000','2021-08-21 21:28:19.000000',3,1,'任务执行成功'),
	(244,'2021-08-21 21:28:20.000000','2021-08-21 21:28:20.000000',3,1,'任务执行成功'),
	(245,'2021-08-21 21:28:21.000000','2021-08-21 21:28:21.000000',3,1,'任务执行成功'),
	(246,'2021-08-21 21:28:22.000000','2021-08-21 21:28:22.000000',3,1,'任务执行成功'),
	(247,'2021-08-21 21:28:23.000000','2021-08-21 21:28:23.000000',3,1,'任务执行成功'),
	(248,'2021-08-21 21:28:24.000000','2021-08-21 21:28:24.000000',3,1,'任务执行成功'),
	(249,'2021-08-21 21:28:25.000000','2021-08-21 21:28:25.000000',3,1,'任务执行成功'),
	(250,'2021-08-21 21:28:26.000000','2021-08-21 21:28:26.000000',3,1,'任务执行成功'),
	(251,'2021-08-21 21:28:27.000000','2021-08-21 21:28:27.000000',3,1,'任务执行成功'),
	(252,'2021-08-21 21:28:28.000000','2021-08-21 21:28:28.000000',3,1,'任务执行成功'),
	(253,'2021-08-21 21:28:29.000000','2021-08-21 21:28:29.000000',3,1,'任务执行成功'),
	(254,'2021-08-21 21:28:30.000000','2021-08-21 21:28:30.000000',3,1,'任务执行成功'),
	(255,'2021-08-21 21:28:31.000000','2021-08-21 21:28:31.000000',3,1,'任务执行成功'),
	(256,'2021-08-21 21:28:32.000000','2021-08-21 21:28:32.000000',3,1,'任务执行成功'),
	(257,'2021-08-21 21:28:33.000000','2021-08-21 21:28:33.000000',3,1,'任务执行成功'),
	(258,'2021-08-21 21:28:34.000000','2021-08-21 21:28:34.000000',3,1,'任务执行成功'),
	(259,'2021-08-21 21:28:35.000000','2021-08-21 21:28:35.000000',3,1,'任务执行成功'),
	(260,'2021-08-21 21:28:36.000000','2021-08-21 21:28:36.000000',3,1,'任务执行成功'),
	(261,'2021-08-21 21:28:37.000000','2021-08-21 21:28:37.000000',3,1,'任务执行成功'),
	(262,'2021-08-21 21:28:38.000000','2021-08-21 21:28:38.000000',3,1,'任务执行成功'),
	(263,'2021-08-21 21:28:39.000000','2021-08-21 21:28:39.000000',3,1,'任务执行成功'),
	(264,'2021-08-21 21:28:40.000000','2021-08-21 21:28:40.000000',3,1,'任务执行成功'),
	(265,'2021-08-21 21:28:41.000000','2021-08-21 21:28:41.000000',3,1,'任务执行成功'),
	(266,'2021-08-21 21:28:42.000000','2021-08-21 21:28:42.000000',3,1,'任务执行成功'),
	(267,'2021-08-21 21:28:43.000000','2021-08-21 21:28:43.000000',3,1,'任务执行成功'),
	(268,'2021-08-21 21:28:44.000000','2021-08-21 21:28:44.000000',3,1,'任务执行成功'),
	(269,'2021-08-21 21:28:45.000000','2021-08-21 21:28:45.000000',3,1,'任务执行成功'),
	(270,'2021-08-21 21:28:46.000000','2021-08-21 21:28:46.000000',3,1,'任务执行成功'),
	(271,'2021-08-21 21:28:47.000000','2021-08-21 21:28:47.000000',3,1,'任务执行成功'),
	(272,'2021-08-21 21:28:48.000000','2021-08-21 21:28:48.000000',3,1,'任务执行成功'),
	(273,'2021-08-21 21:28:49.000000','2021-08-21 21:28:49.000000',3,1,'任务执行成功'),
	(274,'2021-08-21 21:28:50.000000','2021-08-21 21:28:50.000000',3,1,'任务执行成功'),
	(275,'2021-08-21 21:28:51.000000','2021-08-21 21:28:51.000000',3,1,'任务执行成功'),
	(276,'2021-08-21 21:28:52.000000','2021-08-21 21:28:52.000000',3,1,'任务执行成功'),
	(277,'2021-08-21 21:28:53.000000','2021-08-21 21:28:53.000000',3,1,'任务执行成功'),
	(278,'2021-08-21 21:34:27.000000','2021-08-21 21:34:27.000000',3,1,'任务执行成功'),
	(279,'2021-08-21 21:34:28.000000','2021-08-21 21:34:28.000000',3,1,'任务执行成功'),
	(280,'2021-08-21 21:34:29.000000','2021-08-21 21:34:29.000000',3,1,'任务执行成功'),
	(281,'2021-08-21 21:34:30.000000','2021-08-21 21:34:30.000000',3,1,'任务执行成功'),
	(282,'2021-08-21 21:34:31.000000','2021-08-21 21:34:31.000000',3,1,'任务执行成功'),
	(283,'2021-08-21 21:34:32.000000','2021-08-21 21:34:32.000000',3,1,'任务执行成功'),
	(284,'2021-08-21 21:34:33.000000','2021-08-21 21:34:33.000000',3,1,'任务执行成功'),
	(285,'2021-08-21 21:34:34.000000','2021-08-21 21:34:34.000000',3,1,'任务执行成功'),
	(286,'2021-08-21 21:34:35.000000','2021-08-21 21:34:35.000000',3,1,'任务执行成功'),
	(287,'2021-08-21 21:34:36.000000','2021-08-21 21:34:36.000000',3,1,'任务执行成功'),
	(288,'2021-08-21 21:34:37.000000','2021-08-21 21:34:37.000000',3,1,'任务执行成功'),
	(289,'2021-08-21 21:34:38.000000','2021-08-21 21:34:38.000000',3,1,'任务执行成功'),
	(290,'2021-08-21 21:34:39.000000','2021-08-21 21:34:39.000000',3,1,'任务执行成功'),
	(291,'2021-08-21 21:34:40.000000','2021-08-21 21:34:40.000000',3,1,'任务执行成功'),
	(292,'2021-08-21 21:34:41.000000','2021-08-21 21:34:41.000000',3,1,'任务执行成功'),
	(293,'2021-08-21 21:34:42.000000','2021-08-21 21:34:42.000000',3,1,'任务执行成功'),
	(294,'2021-08-21 21:34:45.000000','2021-08-21 21:34:45.000000',3,1,'任务执行成功'),
	(295,'2021-08-21 21:34:46.000000','2021-08-21 21:34:46.000000',3,1,'任务执行成功'),
	(296,'2021-08-21 21:34:47.000000','2021-08-21 21:34:47.000000',3,1,'任务执行成功'),
	(297,'2021-08-21 21:34:48.000000','2021-08-21 21:34:48.000000',3,1,'任务执行成功'),
	(298,'2021-08-21 21:36:00.000000','2021-08-21 21:36:00.000000',3,1,'任务执行成功'),
	(299,'2021-08-21 21:36:01.000000','2021-08-21 21:36:01.000000',3,1,'任务执行成功'),
	(300,'2021-08-21 21:36:02.000000','2021-08-21 21:36:02.000000',3,1,'任务执行成功'),
	(301,'2021-08-21 21:36:03.000000','2021-08-21 21:36:03.000000',3,1,'任务执行成功'),
	(302,'2021-08-21 21:36:04.000000','2021-08-21 21:36:04.000000',3,1,'任务执行成功'),
	(303,'2021-08-21 21:36:05.000000','2021-08-21 21:36:05.000000',3,1,'任务执行成功'),
	(304,'2021-08-21 21:36:06.000000','2021-08-21 21:36:06.000000',3,1,'任务执行成功'),
	(305,'2021-08-21 21:36:07.000000','2021-08-21 21:36:07.000000',3,1,'任务执行成功'),
	(306,'2021-08-21 21:36:08.000000','2021-08-21 21:36:08.000000',3,1,'任务执行成功'),
	(307,'2021-08-21 21:36:09.000000','2021-08-21 21:36:09.000000',3,1,'任务执行成功'),
	(308,'2021-08-21 21:36:10.000000','2021-08-21 21:36:10.000000',3,1,'任务执行成功'),
	(309,'2021-08-21 21:36:11.000000','2021-08-21 21:36:11.000000',3,1,'任务执行成功'),
	(310,'2021-08-21 21:36:12.000000','2021-08-21 21:36:12.000000',3,1,'任务执行成功'),
	(311,'2021-08-21 21:36:13.000000','2021-08-21 21:36:13.000000',3,1,'任务执行成功'),
	(312,'2021-08-21 21:36:14.000000','2021-08-21 21:36:14.000000',3,1,'任务执行成功'),
	(313,'2021-08-21 21:36:15.000000','2021-08-21 21:36:15.000000',3,1,'任务执行成功'),
	(314,'2021-08-21 21:36:16.000000','2021-08-21 21:36:16.000000',3,1,'任务执行成功'),
	(315,'2021-08-21 21:36:17.000000','2021-08-21 21:36:17.000000',3,1,'任务执行成功'),
	(316,'2021-08-21 21:36:18.000000','2021-08-21 21:36:18.000000',3,1,'任务执行成功'),
	(317,'2021-08-21 21:36:19.000000','2021-08-21 21:36:19.000000',3,1,'任务执行成功'),
	(318,'2021-08-21 21:36:20.000000','2021-08-21 21:36:20.000000',3,1,'任务执行成功'),
	(319,'2021-08-21 21:36:21.000000','2021-08-21 21:36:21.000000',3,1,'任务执行成功'),
	(320,'2021-08-21 21:36:22.000000','2021-08-21 21:36:22.000000',3,1,'任务执行成功'),
	(321,'2021-08-21 21:36:23.000000','2021-08-21 21:36:23.000000',3,1,'任务执行成功'),
	(322,'2021-08-21 21:36:27.000000','2021-08-21 21:36:27.000000',3,1,'任务执行成功'),
	(323,'2021-08-21 21:36:28.000000','2021-08-21 21:36:28.000000',3,1,'任务执行成功'),
	(324,'2021-08-21 21:36:29.000000','2021-08-21 21:36:29.000000',3,1,'任务执行成功'),
	(325,'2021-08-21 21:36:30.000000','2021-08-21 21:36:30.000000',3,1,'任务执行成功'),
	(326,'2021-08-21 21:36:31.000000','2021-08-21 21:36:31.000000',3,1,'任务执行成功'),
	(327,'2021-08-21 21:36:32.000000','2021-08-21 21:36:32.000000',3,1,'任务执行成功'),
	(328,'2021-08-21 21:36:35.000000','2021-08-21 21:36:35.000000',3,1,'任务执行成功'),
	(329,'2021-08-21 21:36:36.000000','2021-08-21 21:36:36.000000',3,1,'任务执行成功'),
	(330,'2021-08-21 21:36:37.000000','2021-08-21 21:36:37.000000',3,1,'任务执行成功'),
	(331,'2021-08-21 21:36:38.000000','2021-08-21 21:36:38.000000',3,1,'任务执行成功'),
	(332,'2021-08-21 21:36:39.000000','2021-08-21 21:36:39.000000',3,1,'任务执行成功'),
	(333,'2021-08-21 21:36:40.000000','2021-08-21 21:36:40.000000',3,1,'任务执行成功'),
	(334,'2021-08-21 21:36:41.000000','2021-08-21 21:36:41.000000',3,1,'任务执行成功'),
	(335,'2021-08-21 21:36:42.000000','2021-08-21 21:36:42.000000',3,1,'任务执行成功'),
	(336,'2021-08-21 21:36:43.000000','2021-08-21 21:36:43.000000',3,1,'任务执行成功'),
	(337,'2021-08-21 21:36:44.000000','2021-08-21 21:36:44.000000',3,1,'任务执行成功'),
	(338,'2021-08-21 21:36:45.000000','2021-08-21 21:36:45.000000',3,1,'任务执行成功'),
	(339,'2021-08-21 21:36:46.000000','2021-08-21 21:36:46.000000',3,1,'任务执行成功'),
	(340,'2021-08-21 21:36:47.000000','2021-08-21 21:36:47.000000',3,1,'任务执行成功'),
	(341,'2021-08-21 21:36:48.000000','2021-08-21 21:36:48.000000',3,1,'任务执行成功'),
	(342,'2021-08-21 21:36:49.000000','2021-08-21 21:36:49.000000',3,1,'任务执行成功'),
	(343,'2021-08-21 21:36:50.000000','2021-08-21 21:36:50.000000',3,1,'任务执行成功'),
	(344,'2021-08-21 21:36:51.000000','2021-08-21 21:36:51.000000',3,1,'任务执行成功'),
	(345,'2021-08-21 21:36:52.000000','2021-08-21 21:36:52.000000',3,1,'任务执行成功'),
	(346,'2021-08-21 21:36:53.000000','2021-08-21 21:36:53.000000',3,1,'任务执行成功'),
	(347,'2021-08-21 21:36:54.000000','2021-08-21 21:36:54.000000',3,1,'任务执行成功'),
	(348,'2021-08-21 21:36:55.000000','2021-08-21 21:36:55.000000',3,1,'任务执行成功'),
	(349,'2021-08-21 21:36:56.000000','2021-08-21 21:36:56.000000',3,1,'任务执行成功'),
	(350,'2021-08-21 21:36:57.000000','2021-08-21 21:36:57.000000',3,1,'任务执行成功'),
	(351,'2021-08-21 21:36:58.000000','2021-08-21 21:36:58.000000',3,1,'任务执行成功'),
	(352,'2021-08-21 21:36:59.000000','2021-08-21 21:36:59.000000',3,1,'任务执行成功'),
	(353,'2021-08-21 21:38:00.000000','2021-08-21 21:38:00.000000',3,1,'任务执行成功'),
	(354,'2021-08-21 21:38:01.000000','2021-08-21 21:38:01.000000',3,1,'任务执行成功'),
	(355,'2021-08-21 21:38:02.000000','2021-08-21 21:38:02.000000',3,1,'任务执行成功'),
	(356,'2021-08-21 21:38:03.000000','2021-08-21 21:38:03.000000',3,1,'任务执行成功'),
	(357,'2021-08-21 21:38:04.000000','2021-08-21 21:38:04.000000',3,1,'任务执行成功'),
	(358,'2021-08-21 21:38:05.000000','2021-08-21 21:38:05.000000',3,1,'任务执行成功'),
	(359,'2021-08-21 21:38:06.000000','2021-08-21 21:38:06.000000',3,1,'任务执行成功'),
	(360,'2021-08-21 21:38:07.000000','2021-08-21 21:38:07.000000',3,1,'任务执行成功'),
	(361,'2021-08-21 21:38:08.000000','2021-08-21 21:38:08.000000',3,1,'任务执行成功'),
	(362,'2021-08-21 21:38:09.000000','2021-08-21 21:38:09.000000',3,1,'任务执行成功'),
	(363,'2021-08-21 22:00:01.000000','2021-08-21 22:00:01.000000',3,1,'任务执行成功'),
	(364,'2021-08-21 22:00:01.000000','2021-08-21 22:00:01.000000',3,1,'任务执行成功'),
	(365,'2021-08-21 22:00:02.000000','2021-08-21 22:00:02.000000',3,1,'任务执行成功'),
	(366,'2021-08-21 22:00:03.000000','2021-08-21 22:00:03.000000',3,1,'任务执行成功'),
	(367,'2021-08-21 22:00:05.000000','2021-08-21 22:00:05.000000',3,1,'任务执行成功'),
	(368,'2021-08-21 22:00:06.000000','2021-08-21 22:00:06.000000',3,1,'任务执行成功'),
	(369,'2021-08-21 22:00:06.000000','2021-08-21 22:00:06.000000',3,1,'任务执行成功'),
	(370,'2021-08-21 22:00:08.000000','2021-08-21 22:00:08.000000',3,1,'任务执行成功'),
	(371,'2021-08-21 22:00:09.000000','2021-08-21 22:00:09.000000',3,1,'任务执行成功'),
	(372,'2021-08-21 22:00:10.000000','2021-08-21 22:00:10.000000',3,1,'任务执行成功'),
	(373,'2021-08-21 22:00:11.000000','2021-08-21 22:00:11.000000',3,1,'任务执行成功'),
	(374,'2021-08-21 22:00:11.000000','2021-08-21 22:00:11.000000',3,1,'任务执行成功'),
	(375,'2021-08-21 22:00:13.000000','2021-08-21 22:00:13.000000',3,1,'任务执行成功'),
	(376,'2021-08-21 22:00:14.000000','2021-08-21 22:00:14.000000',3,1,'任务执行成功'),
	(377,'2021-08-21 22:00:15.000000','2021-08-21 22:00:15.000000',3,1,'任务执行成功'),
	(378,'2021-08-21 22:00:16.000000','2021-08-21 22:00:16.000000',3,1,'任务执行成功'),
	(379,'2021-08-21 22:00:16.000000','2021-08-21 22:00:16.000000',3,1,'任务执行成功'),
	(380,'2021-08-21 22:00:18.000000','2021-08-21 22:00:18.000000',3,1,'任务执行成功'),
	(381,'2021-08-21 22:00:18.000000','2021-08-21 22:00:18.000000',3,1,'任务执行成功'),
	(382,'2021-08-21 22:00:20.000000','2021-08-21 22:00:20.000000',3,1,'任务执行成功'),
	(383,'2021-08-21 22:00:21.000000','2021-08-21 22:00:21.000000',3,1,'任务执行成功'),
	(384,'2021-08-21 22:00:21.000000','2021-08-21 22:00:21.000000',3,1,'任务执行成功'),
	(385,'2021-08-21 22:00:23.000000','2021-08-21 22:00:23.000000',3,1,'任务执行成功'),
	(386,'2021-08-21 22:00:24.000000','2021-08-21 22:00:24.000000',3,1,'任务执行成功'),
	(387,'2021-08-21 22:00:25.000000','2021-08-21 22:00:25.000000',3,1,'任务执行成功'),
	(388,'2021-08-21 22:00:25.000000','2021-08-21 22:00:25.000000',3,1,'任务执行成功'),
	(389,'2021-08-21 22:00:27.000000','2021-08-21 22:00:27.000000',3,1,'任务执行成功'),
	(390,'2021-08-21 22:00:28.000000','2021-08-21 22:00:28.000000',3,1,'任务执行成功'),
	(391,'2021-08-21 22:00:29.000000','2021-08-21 22:00:29.000000',3,1,'任务执行成功'),
	(392,'2021-08-21 22:00:29.000000','2021-08-21 22:00:29.000000',3,1,'任务执行成功'),
	(393,'2021-08-21 22:00:31.000000','2021-08-21 22:00:31.000000',3,1,'任务执行成功'),
	(394,'2021-08-21 22:00:32.000000','2021-08-21 22:00:32.000000',3,1,'任务执行成功'),
	(395,'2021-08-21 22:00:33.000000','2021-08-21 22:00:33.000000',3,1,'任务执行成功'),
	(396,'2021-08-21 22:00:34.000000','2021-08-21 22:00:34.000000',3,1,'任务执行成功'),
	(397,'2021-08-21 22:00:35.000000','2021-08-21 22:00:35.000000',3,1,'任务执行成功'),
	(398,'2021-08-21 22:00:36.000000','2021-08-21 22:00:36.000000',3,1,'任务执行成功'),
	(399,'2021-08-21 22:00:37.000000','2021-08-21 22:00:37.000000',3,1,'任务执行成功'),
	(400,'2021-08-21 22:00:37.000000','2021-08-21 22:00:37.000000',3,1,'任务执行成功'),
	(401,'2021-08-21 22:00:39.000000','2021-08-21 22:00:39.000000',3,1,'任务执行成功'),
	(402,'2021-08-21 22:00:40.000000','2021-08-21 22:00:40.000000',3,1,'任务执行成功'),
	(403,'2021-08-21 22:00:40.000000','2021-08-21 22:00:40.000000',3,1,'任务执行成功'),
	(404,'2021-08-21 22:00:42.000000','2021-08-21 22:00:42.000000',3,1,'任务执行成功'),
	(405,'2021-08-21 22:00:42.000000','2021-08-21 22:00:42.000000',3,1,'任务执行成功'),
	(406,'2021-08-21 22:00:44.000000','2021-08-21 22:00:44.000000',3,1,'任务执行成功'),
	(407,'2021-08-21 22:00:45.000000','2021-08-21 22:00:45.000000',3,1,'任务执行成功'),
	(408,'2021-08-21 22:00:45.000000','2021-08-21 22:00:45.000000',3,1,'任务执行成功'),
	(409,'2021-08-21 22:00:47.000000','2021-08-21 22:00:47.000000',3,1,'任务执行成功'),
	(410,'2021-08-21 22:00:47.000000','2021-08-21 22:00:47.000000',3,1,'任务执行成功'),
	(411,'2021-08-21 22:00:49.000000','2021-08-21 22:00:49.000000',3,1,'任务执行成功'),
	(412,'2021-08-21 22:00:50.000000','2021-08-21 22:00:50.000000',3,1,'任务执行成功'),
	(413,'2021-08-21 22:00:51.000000','2021-08-21 22:00:51.000000',3,1,'任务执行成功'),
	(414,'2021-08-21 22:00:52.000000','2021-08-21 22:00:52.000000',3,1,'任务执行成功'),
	(415,'2021-08-21 22:00:52.000000','2021-08-21 22:00:52.000000',3,1,'任务执行成功'),
	(416,'2021-08-21 22:00:53.000000','2021-08-21 22:00:53.000000',3,1,'任务执行成功'),
	(417,'2021-08-21 22:00:55.000000','2021-08-21 22:00:55.000000',3,1,'任务执行成功'),
	(418,'2021-08-21 22:00:56.000000','2021-08-21 22:00:56.000000',3,1,'任务执行成功'),
	(419,'2021-08-21 22:00:57.000000','2021-08-21 22:00:57.000000',3,1,'任务执行成功'),
	(420,'2021-08-21 22:00:58.000000','2021-08-21 22:00:58.000000',3,1,'任务执行成功'),
	(421,'2021-08-21 22:00:59.000000','2021-08-21 22:00:59.000000',3,1,'任务执行成功'),
	(422,'2021-08-21 22:00:59.000000','2021-08-21 22:00:59.000000',3,1,'任务执行成功'),
	(423,'2021-08-21 22:40:00.000000','2021-08-21 22:40:00.000000',3,1,'任务执行成功'),
	(424,'2021-08-21 22:45:00.000000','2021-08-21 22:45:00.000000',3,1,'任务执行成功'),
	(425,'2021-08-21 22:50:00.000000','2021-08-21 22:50:00.000000',3,1,'任务执行成功'),
	(426,'2021-08-21 22:55:00.000000','2021-08-21 22:55:00.000000',3,1,'任务执行成功'),
	(427,'2021-08-21 23:01:00.000000','2021-08-21 23:01:00.000000',3,1,'任务执行成功'),
	(428,'2021-08-21 23:02:00.000000','2021-08-21 23:02:00.000000',3,1,'任务执行成功'),
	(429,'2021-08-21 23:03:00.000000','2021-08-21 23:03:00.000000',3,1,'任务执行成功'),
	(430,'2021-08-21 23:04:00.000000','2021-08-21 23:04:00.000000',3,1,'任务执行成功'),
	(431,'2021-08-21 23:05:00.000000','2021-08-21 23:05:00.000000',3,1,'任务执行成功'),
	(432,'2021-08-21 23:06:00.000000','2021-08-21 23:06:00.000000',3,1,'任务执行成功'),
	(433,'2021-08-21 23:07:00.000000','2021-08-21 23:07:00.000000',3,1,'任务执行成功'),
	(434,'2021-08-21 23:08:00.000000','2021-08-21 23:08:00.000000',3,1,'任务执行成功'),
	(435,'2021-08-21 23:10:00.000000','2021-08-21 23:10:00.000000',3,1,'任务执行成功'),
	(436,'2021-08-21 23:12:00.000000','2021-08-21 23:12:00.000000',3,1,'任务执行成功'),
	(437,'2021-08-21 23:14:00.000000','2021-08-21 23:14:00.000000',3,1,'任务执行成功'),
	(438,'2021-08-21 23:16:00.000000','2021-08-21 23:16:00.000000',3,1,'任务执行成功'),
	(439,'2021-08-21 23:18:00.000000','2021-08-21 23:18:00.000000',3,1,'任务执行成功'),
	(440,'2021-08-21 23:20:00.000000','2021-08-21 23:20:00.000000',3,1,'任务执行成功'),
	(441,'2021-08-21 23:22:00.000000','2021-08-21 23:22:00.000000',3,1,'任务执行成功'),
	(442,'2021-08-21 23:24:00.000000','2021-08-21 23:24:00.000000',3,1,'任务执行成功'),
	(443,'2021-08-21 23:34:00.000000','2021-08-21 23:34:00.000000',3,1,'任务执行成功'),
	(444,'2021-08-21 23:36:00.000000','2021-08-21 23:36:00.000000',3,1,'任务执行成功'),
	(445,'2021-08-21 23:38:00.000000','2021-08-21 23:38:00.000000',3,1,'任务执行成功'),
	(446,'2021-08-23 20:32:00.000000','2021-08-23 20:32:00.000000',3,1,'任务执行成功'),
	(447,'2021-08-23 22:40:00.000000','2021-08-23 22:40:00.000000',3,1,'任务执行成功'),
	(448,'2021-08-23 22:42:00.000000','2021-08-23 22:42:00.000000',3,1,'任务执行成功'),
	(449,'2021-08-23 22:44:00.000000','2021-08-23 22:44:00.000000',3,1,'任务执行成功'),
	(450,'2021-08-23 22:46:00.000000','2021-08-23 22:46:00.000000',3,1,'任务执行成功'),
	(451,'2021-08-23 22:48:00.000000','2021-08-23 22:48:00.000000',3,1,'任务执行成功'),
	(452,'2021-08-23 22:50:00.000000','2021-08-23 22:50:00.000000',3,1,'任务执行成功'),
	(453,'2021-08-23 22:52:00.000000','2021-08-23 22:52:00.000000',3,1,'任务执行成功'),
	(454,'2021-08-23 22:54:00.000000','2021-08-23 22:54:00.000000',3,1,'任务执行成功'),
	(455,'2021-08-23 22:56:00.000000','2021-08-23 22:56:00.000000',3,1,'任务执行成功'),
	(456,'2021-08-23 22:58:00.000000','2021-08-23 22:58:00.000000',3,1,'任务执行成功'),
	(457,'2021-08-23 23:00:00.000000','2021-08-23 23:00:00.000000',3,1,'任务执行成功'),
	(458,'2021-08-23 23:02:00.000000','2021-08-23 23:02:00.000000',3,1,'任务执行成功'),
	(459,'2021-08-23 23:04:00.000000','2021-08-23 23:04:00.000000',3,1,'任务执行成功'),
	(460,'2021-08-23 23:06:00.000000','2021-08-23 23:06:00.000000',3,1,'任务执行成功'),
	(461,'2021-08-23 23:08:00.000000','2021-08-23 23:08:00.000000',3,1,'任务执行成功'),
	(462,'2021-08-23 23:10:00.000000','2021-08-23 23:10:00.000000',3,1,'任务执行成功'),
	(463,'2021-08-23 23:12:00.000000','2021-08-23 23:12:00.000000',3,1,'任务执行成功'),
	(464,'2021-08-23 23:14:00.000000','2021-08-23 23:14:00.000000',3,1,'任务执行成功'),
	(465,'2021-08-24 11:38:00.000000','2021-08-24 11:38:00.000000',3,1,'任务执行成功'),
	(466,'2021-08-24 11:40:00.000000','2021-08-24 11:40:00.000000',3,1,'任务执行成功'),
	(467,'2021-08-24 11:42:00.000000','2021-08-24 11:42:00.000000',3,1,'任务执行成功'),
	(468,'2021-08-24 11:44:00.000000','2021-08-24 11:44:00.000000',3,1,'任务执行成功'),
	(469,'2021-08-24 11:46:00.000000','2021-08-24 11:46:00.000000',3,1,'任务执行成功'),
	(470,'2021-08-24 11:48:00.000000','2021-08-24 11:48:00.000000',3,1,'任务执行成功'),
	(471,'2021-08-24 11:50:00.000000','2021-08-24 11:50:00.000000',3,1,'任务执行成功'),
	(472,'2021-08-24 11:53:10.000000','2021-08-24 11:53:10.000000',3,1,'任务执行成功'),
	(473,'2021-08-24 11:54:00.000000','2021-08-24 11:54:00.000000',3,1,'任务执行成功'),
	(474,'2021-08-24 11:56:01.000000','2021-08-24 11:56:01.000000',3,1,'任务执行成功'),
	(475,'2021-08-24 11:58:00.000000','2021-08-24 11:58:00.000000',3,1,'任务执行成功'),
	(476,'2021-08-24 12:00:00.000000','2021-08-24 12:00:00.000000',3,1,'任务执行成功'),
	(477,'2021-08-24 12:02:00.000000','2021-08-24 12:02:00.000000',3,1,'任务执行成功'),
	(478,'2021-08-24 12:04:00.000000','2021-08-24 12:04:00.000000',3,1,'任务执行成功'),
	(479,'2021-08-24 12:06:00.000000','2021-08-24 12:06:00.000000',3,1,'任务执行成功'),
	(480,'2021-08-24 12:08:00.000000','2021-08-24 12:08:00.000000',3,1,'任务执行成功'),
	(481,'2021-08-24 12:10:00.000000','2021-08-24 12:10:00.000000',3,1,'任务执行成功'),
	(482,'2021-08-24 12:14:00.000000','2021-08-24 12:14:00.000000',3,1,'任务执行成功'),
	(483,'2021-08-24 12:16:00.000000','2021-08-24 12:16:00.000000',3,1,'任务执行成功'),
	(484,'2021-08-24 12:18:00.000000','2021-08-24 12:18:00.000000',3,1,'任务执行成功'),
	(485,'2021-08-24 12:20:00.000000','2021-08-24 12:20:00.000000',3,1,'任务执行成功'),
	(486,'2021-08-24 12:22:00.000000','2021-08-24 12:22:00.000000',3,1,'任务执行成功'),
	(487,'2021-08-24 12:26:00.000000','2021-08-24 12:26:00.000000',3,1,'任务执行成功'),
	(488,'2021-08-24 12:28:00.000000','2021-08-24 12:28:00.000000',3,1,'任务执行成功'),
	(489,'2021-08-24 12:30:00.000000','2021-08-24 12:30:00.000000',3,1,'任务执行成功'),
	(490,'2021-08-24 12:32:00.000000','2021-08-24 12:32:00.000000',3,1,'任务执行成功'),
	(491,'2021-08-24 12:34:00.000000','2021-08-24 12:34:00.000000',3,1,'任务执行成功'),
	(492,'2021-08-24 12:36:00.000000','2021-08-24 12:36:00.000000',3,1,'任务执行成功'),
	(493,'2021-08-24 12:38:01.000000','2021-08-24 12:38:01.000000',3,1,'任务执行成功'),
	(494,'2021-08-24 12:40:01.000000','2021-08-24 12:40:01.000000',3,1,'任务执行成功'),
	(495,'2021-08-24 12:42:01.000000','2021-08-24 12:42:01.000000',3,1,'任务执行成功'),
	(496,'2021-08-24 12:44:00.000000','2021-08-24 12:44:00.000000',3,1,'任务执行成功'),
	(497,'2021-08-24 12:46:00.000000','2021-08-24 12:46:00.000000',3,1,'任务执行成功'),
	(498,'2021-08-24 12:48:00.000000','2021-08-24 12:48:00.000000',3,1,'任务执行成功'),
	(499,'2021-08-24 12:50:00.000000','2021-08-24 12:50:00.000000',3,1,'任务执行成功'),
	(500,'2021-08-24 12:52:01.000000','2021-08-24 12:52:01.000000',3,1,'任务执行成功'),
	(501,'2021-08-24 12:54:01.000000','2021-08-24 12:54:01.000000',3,1,'任务执行成功'),
	(502,'2021-08-24 12:56:00.000000','2021-08-24 12:56:00.000000',3,1,'任务执行成功'),
	(503,'2021-08-24 12:58:00.000000','2021-08-24 12:58:00.000000',3,1,'任务执行成功'),
	(504,'2021-08-24 13:00:00.000000','2021-08-24 13:00:00.000000',3,1,'任务执行成功'),
	(505,'2021-08-24 13:02:00.000000','2021-08-24 13:02:00.000000',3,1,'任务执行成功'),
	(506,'2021-08-24 13:04:01.000000','2021-08-24 13:04:01.000000',3,1,'任务执行成功'),
	(507,'2021-08-24 13:06:01.000000','2021-08-24 13:06:01.000000',3,1,'任务执行成功'),
	(508,'2021-08-24 13:08:01.000000','2021-08-24 13:08:01.000000',3,1,'任务执行成功'),
	(509,'2021-08-24 13:10:01.000000','2021-08-24 13:10:01.000000',3,1,'任务执行成功'),
	(510,'2021-08-24 13:12:01.000000','2021-08-24 13:12:01.000000',3,1,'任务执行成功'),
	(511,'2021-08-24 13:14:01.000000','2021-08-24 13:14:01.000000',3,1,'任务执行成功'),
	(512,'2021-08-24 13:16:01.000000','2021-08-24 13:16:01.000000',3,1,'任务执行成功'),
	(513,'2021-08-24 13:18:01.000000','2021-08-24 13:18:01.000000',3,1,'任务执行成功'),
	(514,'2021-08-24 13:20:01.000000','2021-08-24 13:20:01.000000',3,1,'任务执行成功'),
	(515,'2021-08-24 13:22:00.000000','2021-08-24 13:22:00.000000',3,1,'任务执行成功'),
	(516,'2021-08-24 13:22:01.000000','2021-08-24 13:22:01.000000',3,1,'任务执行成功'),
	(517,'2021-08-24 13:24:00.000000','2021-08-24 13:24:00.000000',3,1,'任务执行成功'),
	(518,'2021-08-24 13:24:01.000000','2021-08-24 13:24:01.000000',3,1,'任务执行成功'),
	(519,'2021-08-24 13:26:00.000000','2021-08-24 13:26:00.000000',3,1,'任务执行成功'),
	(520,'2021-08-24 13:26:01.000000','2021-08-24 13:26:01.000000',3,1,'任务执行成功'),
	(521,'2021-08-24 13:28:00.000000','2021-08-24 13:28:00.000000',3,1,'任务执行成功'),
	(522,'2021-08-24 13:30:01.000000','2021-08-24 13:30:01.000000',3,1,'任务执行成功'),
	(523,'2021-08-24 13:32:00.000000','2021-08-24 13:32:00.000000',3,1,'任务执行成功'),
	(524,'2021-08-24 13:34:00.000000','2021-08-24 13:34:00.000000',3,1,'任务执行成功'),
	(525,'2021-08-24 13:36:00.000000','2021-08-24 13:36:00.000000',3,1,'任务执行成功'),
	(526,'2021-08-24 13:38:00.000000','2021-08-24 13:38:00.000000',3,1,'任务执行成功'),
	(527,'2021-08-24 13:40:00.000000','2021-08-24 13:40:00.000000',3,1,'任务执行成功'),
	(528,'2021-08-24 13:42:00.000000','2021-08-24 13:42:00.000000',3,1,'任务执行成功'),
	(529,'2021-08-24 13:44:00.000000','2021-08-24 13:44:00.000000',3,1,'任务执行成功'),
	(530,'2021-08-24 13:46:00.000000','2021-08-24 13:46:00.000000',3,1,'任务执行成功'),
	(531,'2021-08-24 13:48:02.000000','2021-08-24 13:48:02.000000',3,1,'任务执行成功'),
	(532,'2021-08-24 13:50:00.000000','2021-08-24 13:50:00.000000',3,1,'任务执行成功'),
	(533,'2021-08-24 13:52:00.000000','2021-08-24 13:52:00.000000',3,1,'任务执行成功'),
	(534,'2021-08-24 13:54:00.000000','2021-08-24 13:54:00.000000',3,1,'任务执行成功'),
	(535,'2021-08-24 13:56:00.000000','2021-08-24 13:56:00.000000',3,1,'任务执行成功'),
	(536,'2021-08-24 13:58:00.000000','2021-08-24 13:58:00.000000',3,1,'任务执行成功'),
	(537,'2021-08-24 14:00:00.000000','2021-08-24 14:00:00.000000',3,1,'任务执行成功'),
	(538,'2021-08-24 14:02:00.000000','2021-08-24 14:02:00.000000',3,1,'任务执行成功'),
	(539,'2021-08-24 14:04:00.000000','2021-08-24 14:04:00.000000',3,1,'任务执行成功'),
	(540,'2021-08-24 14:06:00.000000','2021-08-24 14:06:00.000000',3,1,'任务执行成功'),
	(541,'2021-08-24 14:08:00.000000','2021-08-24 14:08:00.000000',3,1,'任务执行成功'),
	(542,'2021-08-24 14:10:00.000000','2021-08-24 14:10:00.000000',3,1,'任务执行成功'),
	(543,'2021-08-24 14:12:00.000000','2021-08-24 14:12:00.000000',3,1,'任务执行成功'),
	(544,'2021-08-24 14:14:00.000000','2021-08-24 14:14:00.000000',3,1,'任务执行成功'),
	(545,'2021-08-24 14:16:00.000000','2021-08-24 14:16:00.000000',3,1,'任务执行成功'),
	(546,'2021-08-24 14:18:00.000000','2021-08-24 14:18:00.000000',3,1,'任务执行成功'),
	(547,'2021-08-24 14:20:00.000000','2021-08-24 14:20:00.000000',3,1,'任务执行成功'),
	(548,'2021-08-24 14:22:00.000000','2021-08-24 14:22:00.000000',3,1,'任务执行成功'),
	(549,'2021-08-24 14:24:00.000000','2021-08-24 14:24:00.000000',3,1,'任务执行成功'),
	(550,'2021-08-24 14:26:00.000000','2021-08-24 14:26:00.000000',3,1,'任务执行成功'),
	(551,'2021-08-24 14:28:00.000000','2021-08-24 14:28:00.000000',3,1,'任务执行成功'),
	(552,'2021-08-24 14:30:00.000000','2021-08-24 14:30:00.000000',3,1,'任务执行成功'),
	(553,'2021-08-24 14:32:00.000000','2021-08-24 14:32:00.000000',3,1,'任务执行成功'),
	(554,'2021-08-24 14:34:00.000000','2021-08-24 14:34:00.000000',3,1,'任务执行成功'),
	(555,'2021-08-24 14:48:00.000000','2021-08-24 14:48:00.000000',3,1,'任务执行成功'),
	(556,'2021-08-24 14:50:00.000000','2021-08-24 14:50:00.000000',3,1,'任务执行成功'),
	(557,'2021-08-24 14:52:00.000000','2021-08-24 14:52:00.000000',3,1,'任务执行成功'),
	(558,'2021-08-24 14:54:00.000000','2021-08-24 14:54:00.000000',3,1,'任务执行成功'),
	(559,'2021-08-25 15:30:00.000000','2021-08-25 15:30:00.000000',3,1,'任务执行成功'),
	(560,'2021-08-25 15:32:00.000000','2021-08-25 15:32:00.000000',3,1,'任务执行成功'),
	(561,'2021-08-25 15:34:00.000000','2021-08-25 15:34:00.000000',3,1,'任务执行成功'),
	(562,'2021-08-25 15:36:00.000000','2021-08-25 15:36:00.000000',3,1,'任务执行成功'),
	(563,'2021-08-25 15:38:00.000000','2021-08-25 15:38:00.000000',3,1,'任务执行成功'),
	(564,'2021-08-25 15:40:00.000000','2021-08-25 15:40:00.000000',3,1,'任务执行成功'),
	(565,'2021-08-25 15:42:00.000000','2021-08-25 15:42:00.000000',3,1,'任务执行成功'),
	(566,'2021-08-25 15:44:00.000000','2021-08-25 15:44:00.000000',3,1,'任务执行成功'),
	(567,'2021-08-25 15:46:00.000000','2021-08-25 15:46:00.000000',3,1,'任务执行成功'),
	(568,'2021-08-25 15:48:00.000000','2021-08-25 15:48:00.000000',3,1,'任务执行成功'),
	(569,'2021-08-25 15:50:00.000000','2021-08-25 15:50:00.000000',3,1,'任务执行成功'),
	(570,'2021-08-25 15:52:00.000000','2021-08-25 15:52:00.000000',3,1,'任务执行成功'),
	(571,'2021-08-25 15:54:00.000000','2021-08-25 15:54:00.000000',3,1,'任务执行成功'),
	(572,'2021-08-25 15:56:00.000000','2021-08-25 15:56:00.000000',3,1,'任务执行成功'),
	(573,'2021-08-25 15:58:00.000000','2021-08-25 15:58:00.000000',3,1,'任务执行成功'),
	(574,'2021-08-25 16:00:00.000000','2021-08-25 16:00:00.000000',3,1,'任务执行成功'),
	(575,'2021-08-25 16:02:00.000000','2021-08-25 16:02:00.000000',3,1,'任务执行成功'),
	(576,'2021-08-25 16:04:00.000000','2021-08-25 16:04:00.000000',3,1,'任务执行成功'),
	(577,'2021-08-25 16:06:00.000000','2021-08-25 16:06:00.000000',3,1,'任务执行成功'),
	(578,'2021-08-25 16:08:00.000000','2021-08-25 16:08:00.000000',3,1,'任务执行成功'),
	(579,'2021-08-25 16:10:00.000000','2021-08-25 16:10:00.000000',3,1,'任务执行成功'),
	(580,'2021-08-25 16:12:00.000000','2021-08-25 16:12:00.000000',3,1,'任务执行成功'),
	(581,'2021-08-25 16:14:00.000000','2021-08-25 16:14:00.000000',3,1,'任务执行成功'),
	(582,'2021-08-25 16:16:00.000000','2021-08-25 16:16:00.000000',3,1,'任务执行成功'),
	(583,'2021-08-25 16:18:00.000000','2021-08-25 16:18:00.000000',3,1,'任务执行成功'),
	(584,'2021-08-25 16:20:00.000000','2021-08-25 16:20:00.000000',3,1,'任务执行成功'),
	(585,'2021-08-25 16:22:00.000000','2021-08-25 16:22:00.000000',3,1,'任务执行成功'),
	(586,'2021-08-25 16:24:00.000000','2021-08-25 16:24:00.000000',3,1,'任务执行成功'),
	(587,'2021-08-25 16:26:00.000000','2021-08-25 16:26:00.000000',3,1,'任务执行成功'),
	(588,'2021-08-25 16:28:00.000000','2021-08-25 16:28:00.000000',3,1,'任务执行成功'),
	(589,'2021-08-25 16:30:00.000000','2021-08-25 16:30:00.000000',3,1,'任务执行成功'),
	(590,'2021-08-25 16:32:00.000000','2021-08-25 16:32:00.000000',3,1,'任务执行成功'),
	(591,'2021-08-25 16:34:00.000000','2021-08-25 16:34:00.000000',3,1,'任务执行成功'),
	(592,'2021-08-25 16:36:00.000000','2021-08-25 16:36:00.000000',3,1,'任务执行成功'),
	(593,'2021-08-25 16:38:00.000000','2021-08-25 16:38:00.000000',3,1,'任务执行成功'),
	(594,'2021-08-25 16:40:00.000000','2021-08-25 16:40:00.000000',3,1,'任务执行成功'),
	(595,'2021-08-25 16:42:00.000000','2021-08-25 16:42:00.000000',3,1,'任务执行成功'),
	(596,'2021-08-25 16:44:00.000000','2021-08-25 16:44:00.000000',3,1,'任务执行成功'),
	(597,'2021-08-25 16:46:00.000000','2021-08-25 16:46:00.000000',3,1,'任务执行成功'),
	(598,'2021-08-25 16:48:00.000000','2021-08-25 16:48:00.000000',3,1,'任务执行成功'),
	(599,'2021-08-25 16:50:00.000000','2021-08-25 16:50:00.000000',3,1,'任务执行成功'),
	(600,'2021-08-25 16:52:00.000000','2021-08-25 16:52:00.000000',3,1,'任务执行成功'),
	(601,'2021-08-25 16:54:00.000000','2021-08-25 16:54:00.000000',3,1,'任务执行成功'),
	(602,'2021-08-25 16:56:00.000000','2021-08-25 16:56:00.000000',3,1,'任务执行成功'),
	(603,'2021-08-25 16:58:00.000000','2021-08-25 16:58:00.000000',3,1,'任务执行成功'),
	(604,'2021-08-25 17:00:00.000000','2021-08-25 17:00:00.000000',3,1,'任务执行成功'),
	(605,'2021-08-25 17:02:01.000000','2021-08-25 17:02:01.000000',3,1,'任务执行成功'),
	(606,'2021-08-25 17:04:00.000000','2021-08-25 17:04:00.000000',3,1,'任务执行成功'),
	(607,'2021-08-25 17:06:00.000000','2021-08-25 17:06:00.000000',3,1,'任务执行成功'),
	(608,'2021-08-25 17:08:00.000000','2021-08-25 17:08:00.000000',3,1,'任务执行成功'),
	(609,'2021-08-25 17:10:00.000000','2021-08-25 17:10:00.000000',3,1,'任务执行成功'),
	(610,'2021-08-25 17:12:00.000000','2021-08-25 17:12:00.000000',3,1,'任务执行成功'),
	(611,'2021-08-25 17:14:00.000000','2021-08-25 17:14:00.000000',3,1,'任务执行成功'),
	(612,'2021-08-25 17:16:00.000000','2021-08-25 17:16:00.000000',3,1,'任务执行成功'),
	(613,'2021-08-25 17:18:00.000000','2021-08-25 17:18:00.000000',3,1,'任务执行成功'),
	(614,'2021-08-25 17:20:00.000000','2021-08-25 17:20:00.000000',3,1,'任务执行成功'),
	(615,'2021-08-25 17:22:00.000000','2021-08-25 17:22:00.000000',3,1,'任务执行成功'),
	(616,'2021-08-25 17:24:00.000000','2021-08-25 17:24:00.000000',3,1,'任务执行成功'),
	(617,'2021-08-25 17:26:00.000000','2021-08-25 17:26:00.000000',3,1,'任务执行成功'),
	(618,'2021-08-25 17:28:00.000000','2021-08-25 17:28:00.000000',3,1,'任务执行成功'),
	(619,'2021-08-25 17:30:00.000000','2021-08-25 17:30:00.000000',3,1,'任务执行成功'),
	(620,'2021-08-25 17:32:00.000000','2021-08-25 17:32:00.000000',3,1,'任务执行成功'),
	(621,'2021-08-25 17:34:00.000000','2021-08-25 17:34:00.000000',3,1,'任务执行成功'),
	(622,'2021-08-25 17:36:00.000000','2021-08-25 17:36:00.000000',3,1,'任务执行成功'),
	(623,'2021-08-25 17:38:00.000000','2021-08-25 17:38:00.000000',3,1,'任务执行成功'),
	(624,'2021-08-25 17:40:00.000000','2021-08-25 17:40:00.000000',3,1,'任务执行成功'),
	(625,'2021-08-25 17:42:00.000000','2021-08-25 17:42:00.000000',3,1,'任务执行成功'),
	(626,'2021-08-25 17:44:00.000000','2021-08-25 17:44:00.000000',3,1,'任务执行成功'),
	(627,'2021-08-25 17:46:00.000000','2021-08-25 17:46:00.000000',3,1,'任务执行成功'),
	(628,'2021-08-25 17:48:00.000000','2021-08-25 17:48:00.000000',3,1,'任务执行成功'),
	(629,'2021-08-25 17:50:00.000000','2021-08-25 17:50:00.000000',3,1,'任务执行成功'),
	(630,'2021-08-25 17:52:00.000000','2021-08-25 17:52:00.000000',3,1,'任务执行成功'),
	(631,'2021-08-25 17:54:00.000000','2021-08-25 17:54:00.000000',3,1,'任务执行成功'),
	(632,'2021-08-25 17:56:00.000000','2021-08-25 17:56:00.000000',3,1,'任务执行成功'),
	(633,'2021-08-25 17:58:00.000000','2021-08-25 17:58:00.000000',3,1,'任务执行成功'),
	(634,'2021-08-25 18:00:00.000000','2021-08-25 18:00:00.000000',3,1,'任务执行成功'),
	(635,'2021-08-25 18:02:00.000000','2021-08-25 18:02:00.000000',3,1,'任务执行成功'),
	(636,'2021-08-25 18:04:00.000000','2021-08-25 18:04:00.000000',3,1,'任务执行成功'),
	(637,'2021-08-25 18:06:00.000000','2021-08-25 18:06:00.000000',3,1,'任务执行成功'),
	(638,'2021-08-25 18:08:00.000000','2021-08-25 18:08:00.000000',3,1,'任务执行成功'),
	(639,'2021-08-25 18:10:00.000000','2021-08-25 18:10:00.000000',3,1,'任务执行成功'),
	(640,'2021-08-25 18:12:00.000000','2021-08-25 18:12:00.000000',3,1,'任务执行成功'),
	(641,'2021-08-25 18:14:00.000000','2021-08-25 18:14:00.000000',3,1,'任务执行成功'),
	(642,'2021-08-25 18:16:00.000000','2021-08-25 18:16:00.000000',3,1,'任务执行成功'),
	(643,'2021-08-25 18:18:00.000000','2021-08-25 18:18:00.000000',3,1,'任务执行成功'),
	(644,'2021-08-25 18:20:00.000000','2021-08-25 18:20:00.000000',3,1,'任务执行成功'),
	(645,'2021-08-25 18:22:00.000000','2021-08-25 18:22:00.000000',3,1,'任务执行成功'),
	(646,'2021-08-25 18:24:00.000000','2021-08-25 18:24:00.000000',3,1,'任务执行成功'),
	(647,'2021-08-25 18:26:00.000000','2021-08-25 18:26:00.000000',3,1,'任务执行成功'),
	(648,'2021-08-25 18:28:00.000000','2021-08-25 18:28:00.000000',3,1,'任务执行成功'),
	(649,'2021-08-25 18:30:00.000000','2021-08-25 18:30:00.000000',3,1,'任务执行成功'),
	(650,'2021-08-25 18:32:00.000000','2021-08-25 18:32:00.000000',3,1,'任务执行成功'),
	(651,'2021-08-25 18:34:00.000000','2021-08-25 18:34:00.000000',3,1,'任务执行成功'),
	(652,'2021-08-25 18:36:00.000000','2021-08-25 18:36:00.000000',3,1,'任务执行成功'),
	(653,'2021-08-25 18:38:00.000000','2021-08-25 18:38:00.000000',3,1,'任务执行成功'),
	(654,'2021-08-25 18:40:01.000000','2021-08-25 18:40:01.000000',3,1,'任务执行成功'),
	(655,'2021-08-25 18:42:00.000000','2021-08-25 18:42:00.000000',3,1,'任务执行成功'),
	(656,'2021-08-25 18:44:01.000000','2021-08-25 18:44:01.000000',3,1,'任务执行成功'),
	(657,'2021-08-25 18:46:01.000000','2021-08-25 18:46:01.000000',3,1,'任务执行成功'),
	(658,'2021-08-25 18:48:01.000000','2021-08-25 18:48:01.000000',3,1,'任务执行成功'),
	(659,'2021-08-25 18:50:00.000000','2021-08-25 18:50:00.000000',3,1,'任务执行成功'),
	(660,'2021-08-25 18:52:01.000000','2021-08-25 18:52:01.000000',3,1,'任务执行成功'),
	(661,'2021-08-25 18:54:00.000000','2021-08-25 18:54:00.000000',3,1,'任务执行成功'),
	(662,'2021-08-25 18:56:01.000000','2021-08-25 18:56:01.000000',3,1,'任务执行成功'),
	(663,'2021-08-25 18:58:01.000000','2021-08-25 18:58:01.000000',3,1,'任务执行成功'),
	(664,'2021-08-25 19:00:01.000000','2021-08-25 19:00:01.000000',3,1,'任务执行成功'),
	(665,'2021-08-25 19:02:01.000000','2021-08-25 19:02:01.000000',3,1,'任务执行成功'),
	(666,'2021-08-25 19:04:01.000000','2021-08-25 19:04:01.000000',3,1,'任务执行成功'),
	(667,'2021-08-25 19:06:01.000000','2021-08-25 19:06:01.000000',3,1,'任务执行成功'),
	(668,'2021-08-25 19:08:01.000000','2021-08-25 19:08:01.000000',3,1,'任务执行成功'),
	(669,'2021-08-25 19:10:01.000000','2021-08-25 19:10:01.000000',3,1,'任务执行成功'),
	(670,'2021-08-25 19:12:01.000000','2021-08-25 19:12:01.000000',3,1,'任务执行成功'),
	(671,'2021-08-25 19:14:01.000000','2021-08-25 19:14:01.000000',3,1,'任务执行成功'),
	(672,'2021-08-25 19:16:01.000000','2021-08-25 19:16:01.000000',3,1,'任务执行成功'),
	(673,'2021-08-25 19:18:01.000000','2021-08-25 19:18:01.000000',3,1,'任务执行成功'),
	(674,'2021-08-25 19:20:01.000000','2021-08-25 19:20:01.000000',3,1,'任务执行成功'),
	(675,'2021-08-25 19:22:01.000000','2021-08-25 19:22:01.000000',3,1,'任务执行成功'),
	(676,'2021-08-25 19:24:01.000000','2021-08-25 19:24:01.000000',3,1,'任务执行成功'),
	(677,'2021-08-25 19:26:01.000000','2021-08-25 19:26:01.000000',3,1,'任务执行成功'),
	(678,'2021-08-25 19:28:01.000000','2021-08-25 19:28:01.000000',3,1,'任务执行成功'),
	(679,'2021-08-25 19:30:01.000000','2021-08-25 19:30:01.000000',3,1,'任务执行成功'),
	(680,'2021-08-25 19:32:00.000000','2021-08-25 19:32:00.000000',3,1,'任务执行成功'),
	(681,'2021-08-25 19:34:00.000000','2021-08-25 19:34:00.000000',3,1,'任务执行成功'),
	(682,'2021-08-25 19:36:00.000000','2021-08-25 19:36:00.000000',3,1,'任务执行成功'),
	(683,'2021-08-25 19:36:01.000000','2021-08-25 19:36:01.000000',3,1,'任务执行成功'),
	(684,'2021-08-25 19:38:01.000000','2021-08-25 19:38:01.000000',3,1,'任务执行成功'),
	(685,'2021-08-25 19:40:01.000000','2021-08-25 19:40:01.000000',3,1,'任务执行成功'),
	(686,'2021-08-25 19:42:00.000000','2021-08-25 19:42:00.000000',3,1,'任务执行成功'),
	(687,'2021-08-25 19:44:00.000000','2021-08-25 19:44:00.000000',3,1,'任务执行成功'),
	(688,'2021-08-25 19:44:01.000000','2021-08-25 19:44:01.000000',3,1,'任务执行成功'),
	(689,'2021-08-25 19:46:00.000000','2021-08-25 19:46:00.000000',3,1,'任务执行成功'),
	(690,'2021-08-25 19:48:00.000000','2021-08-25 19:48:00.000000',3,1,'任务执行成功'),
	(691,'2021-08-25 19:50:00.000000','2021-08-25 19:50:00.000000',3,1,'任务执行成功'),
	(692,'2021-08-25 19:52:00.000000','2021-08-25 19:52:00.000000',3,1,'任务执行成功'),
	(693,'2021-08-25 19:54:00.000000','2021-08-25 19:54:00.000000',3,1,'任务执行成功'),
	(694,'2021-08-25 19:56:00.000000','2021-08-25 19:56:00.000000',3,1,'任务执行成功'),
	(695,'2021-08-25 19:58:00.000000','2021-08-25 19:58:00.000000',3,1,'任务执行成功'),
	(696,'2021-08-25 20:00:00.000000','2021-08-25 20:00:00.000000',3,1,'任务执行成功'),
	(697,'2021-08-25 20:02:00.000000','2021-08-25 20:02:00.000000',3,1,'任务执行成功'),
	(698,'2021-08-25 20:04:00.000000','2021-08-25 20:04:00.000000',3,1,'任务执行成功'),
	(699,'2021-08-25 20:06:00.000000','2021-08-25 20:06:00.000000',3,1,'任务执行成功'),
	(700,'2021-08-25 20:08:00.000000','2021-08-25 20:08:00.000000',3,1,'任务执行成功'),
	(701,'2021-08-25 20:10:00.000000','2021-08-25 20:10:00.000000',3,1,'任务执行成功'),
	(702,'2021-08-25 20:12:00.000000','2021-08-25 20:12:00.000000',3,1,'任务执行成功'),
	(703,'2021-08-25 20:14:00.000000','2021-08-25 20:14:00.000000',3,1,'任务执行成功'),
	(704,'2021-08-25 20:16:00.000000','2021-08-25 20:16:00.000000',3,1,'任务执行成功'),
	(705,'2021-08-25 20:18:00.000000','2021-08-25 20:18:00.000000',3,1,'任务执行成功'),
	(706,'2021-08-25 20:20:00.000000','2021-08-25 20:20:00.000000',3,1,'任务执行成功'),
	(707,'2021-08-25 20:22:00.000000','2021-08-25 20:22:00.000000',3,1,'任务执行成功'),
	(708,'2021-08-25 20:24:00.000000','2021-08-25 20:24:00.000000',3,1,'任务执行成功'),
	(709,'2021-08-25 20:26:00.000000','2021-08-25 20:26:00.000000',3,1,'任务执行成功'),
	(710,'2021-08-25 20:28:00.000000','2021-08-25 20:28:00.000000',3,1,'任务执行成功'),
	(711,'2021-08-25 20:30:00.000000','2021-08-25 20:30:00.000000',3,1,'任务执行成功'),
	(712,'2021-08-25 20:32:01.000000','2021-08-25 20:32:01.000000',3,1,'任务执行成功'),
	(713,'2021-08-25 20:34:00.000000','2021-08-25 20:34:00.000000',3,1,'任务执行成功'),
	(714,'2021-08-25 20:36:00.000000','2021-08-25 20:36:00.000000',3,1,'任务执行成功'),
	(715,'2021-08-25 20:38:00.000000','2021-08-25 20:38:00.000000',3,1,'任务执行成功'),
	(716,'2021-08-25 20:40:00.000000','2021-08-25 20:40:00.000000',3,1,'任务执行成功'),
	(717,'2021-08-25 20:42:00.000000','2021-08-25 20:42:00.000000',3,1,'任务执行成功'),
	(718,'2021-08-25 20:44:00.000000','2021-08-25 20:44:00.000000',3,1,'任务执行成功'),
	(719,'2021-08-25 20:46:00.000000','2021-08-25 20:46:00.000000',3,1,'任务执行成功'),
	(720,'2021-08-25 20:48:00.000000','2021-08-25 20:48:00.000000',3,1,'任务执行成功'),
	(721,'2021-08-25 20:50:00.000000','2021-08-25 20:50:00.000000',3,1,'任务执行成功'),
	(722,'2021-08-25 20:52:00.000000','2021-08-25 20:52:00.000000',3,1,'任务执行成功'),
	(723,'2021-08-25 20:54:00.000000','2021-08-25 20:54:00.000000',3,1,'任务执行成功'),
	(724,'2021-08-25 20:56:00.000000','2021-08-25 20:56:00.000000',3,1,'任务执行成功'),
	(725,'2021-08-25 20:58:00.000000','2021-08-25 20:58:00.000000',3,1,'任务执行成功'),
	(726,'2021-08-25 21:00:00.000000','2021-08-25 21:00:00.000000',3,1,'任务执行成功'),
	(727,'2021-08-25 21:02:00.000000','2021-08-25 21:02:00.000000',3,1,'任务执行成功'),
	(728,'2021-08-25 21:04:00.000000','2021-08-25 21:04:00.000000',3,1,'任务执行成功'),
	(729,'2021-08-25 21:06:00.000000','2021-08-25 21:06:00.000000',3,1,'任务执行成功'),
	(730,'2021-08-25 21:08:00.000000','2021-08-25 21:08:00.000000',3,1,'任务执行成功'),
	(731,'2021-08-25 21:10:00.000000','2021-08-25 21:10:00.000000',3,1,'任务执行成功'),
	(732,'2021-08-25 21:12:02.000000','2021-08-25 21:12:02.000000',3,1,'任务执行成功'),
	(733,'2021-08-25 21:14:00.000000','2021-08-25 21:14:00.000000',3,1,'任务执行成功'),
	(734,'2021-08-25 21:16:00.000000','2021-08-25 21:16:00.000000',3,1,'任务执行成功'),
	(735,'2021-08-25 21:18:00.000000','2021-08-25 21:18:00.000000',3,1,'任务执行成功'),
	(736,'2021-08-25 21:20:00.000000','2021-08-25 21:20:00.000000',3,1,'任务执行成功'),
	(737,'2021-08-25 21:26:01.000000','2021-08-25 21:26:01.000000',3,1,'任务执行成功');

/*!40000 ALTER TABLE `task_log` ENABLE KEYS */;
UNLOCK TABLES;


# Dump of table test
# ------------------------------------------------------------

DROP TABLE IF EXISTS `test`;

CREATE TABLE `test` (
  `id` int(11) unsigned NOT NULL AUTO_INCREMENT,
  `createTime` datetime NOT NULL COMMENT '创建时间',
  `updateTime` datetime NOT NULL COMMENT '更新时间',
  `activeCode` varchar(200) NOT NULL DEFAULT '' COMMENT '激活码',
  `status` tinyint(4) NOT NULL DEFAULT '1' COMMENT '状态#1:开启,2:关闭#IsSearchParams,IsDictColumn',
  `computerMac` text COMMENT '绑定的电脑mac码',
  `limit` int(11) NOT NULL DEFAULT '1' COMMENT '允许绑定的设备数量##IsNumberColumn',
  `isBind` tinyint(4) DEFAULT '2' COMMENT '是否绑定设备#1:绑定,未绑定#IsSearchParams,IsDictColumn',
  PRIMARY KEY (`id`)
) ENGINE=InnoDB DEFAULT CHARSET=utf8mb4 COMMENT='生成代码的权限控制';



# Dump of table test_a
# ------------------------------------------------------------

DROP TABLE IF EXISTS `test_a`;

CREATE TABLE `test_a` (
  `id` int(11) unsigned NOT NULL AUTO_INCREMENT,
  `createTime` datetime NOT NULL COMMENT '创建时间',
  `updateTime` datetime NOT NULL COMMENT '更新时间',
  `activeCode` varchar(200) NOT NULL DEFAULT '' COMMENT '激活码',
  `status` tinyint(4) NOT NULL DEFAULT '1' COMMENT '状态#1:开启,2:关闭#IsSearchParams,IsDictColumn',
  `computerMac` text COMMENT '绑定的电脑mac码',
  `limit` int(11) NOT NULL DEFAULT '1' COMMENT '允许绑定的设备数量##IsNumberColumn',
  `isBind` tinyint(4) DEFAULT '2' COMMENT '是否绑定设备#1:绑定,未绑定#IsSearchParams,IsDictColumn',
  PRIMARY KEY (`id`)
) ENGINE=InnoDB DEFAULT CHARSET=utf8mb4 COMMENT='生成代码的权限控制';




/*!40111 SET SQL_NOTES=@OLD_SQL_NOTES */;
/*!40101 SET SQL_MODE=@OLD_SQL_MODE */;
/*!40014 SET FOREIGN_KEY_CHECKS=@OLD_FOREIGN_KEY_CHECKS */;
/*!40101 SET CHARACTER_SET_CLIENT=@OLD_CHARACTER_SET_CLIENT */;
/*!40101 SET CHARACTER_SET_RESULTS=@OLD_CHARACTER_SET_RESULTS */;
/*!40101 SET COLLATION_CONNECTION=@OLD_COLLATION_CONNECTION */;
